Frame,Nose_x,Nose_y,Nose_likelihood,Left_Ear_x,Left_Ear_y,Left_Ear_likelihood,Right_Ear_x,Right_Ear_y,Right_Ear_likelihood,Body_Center_x,Body_Center_y,Body_Center_likelihood,Left_Body_x,Left_Body_y,Left_Body_likelihood,Right_Body_x,Right_Body_y,Right_Body_likelihood,Tail_Base_x,Tail_Base_y,Tail_Base_likelihood,Head_Center_x,Head_Center_y
0,116.65,150.82,0.24,119.67,164.52,0.26,114.89,164.28,0.32,114.44,155.42,0.1,117.31,154.57,0.06,123.3,163.74,0.06,118.48,144.73,0.23,117.07,159.87
1,116.6,150.96,0.24,117.32,160.64,0.27,114.83,164.24,0.33,114.37,155.74,0.11,117.24,154.87,0.07,123.34,163.88,0.07,118.36,144.75,0.23,116.25,158.61
2,116.52,150.71,0.24,119.64,164.72,0.27,115.06,164.41,0.33,114.58,155.55,0.12,117.59,154.83,0.08,123.51,163.95,0.07,118.53,144.79,0.23,117.07,159.95
3,116.51,150.3,0.24,119.61,164.9,0.26,115.25,164.6,0.31,114.7,155.53,0.12,117.55,154.81,0.08,123.71,164.07,0.07,118.53,144.73,0.23,117.12,159.93
4,116.41,149.66,0.24,119.56,164.79,0.24,122.21,156.37,0.3,114.62,155.79,0.11,117.16,154.87,0.08,123.95,164.02,0.07,118.6,144.62,0.22,119.39,156.94
5,116.42,149.55,0.24,119.56,164.74,0.23,122.27,156.24,0.31,114.56,155.81,0.11,117.1,154.83,0.08,124.0,164.06,0.06,118.63,144.59,0.22,119.42,156.84
6,116.39,149.54,0.25,119.53,164.74,0.24,122.3,156.18,0.31,114.61,155.86,0.11,117.1,154.91,0.08,124.03,164.07,0.07,118.62,144.61,0.22,119.41,156.82
7,116.37,149.54,0.25,119.56,164.77,0.24,122.29,156.13,0.31,114.68,155.84,0.11,117.15,154.91,0.08,124.03,164.05,0.07,118.64,144.6,0.22,119.41,156.81
8,116.41,149.52,0.24,119.58,164.73,0.23,122.28,156.11,0.31,114.62,155.79,0.11,117.12,154.83,0.08,124.03,164.0,0.07,118.69,144.61,0.22,119.42,156.78
9,116.42,149.64,0.24,119.61,164.66,0.24,122.29,156.13,0.31,114.58,155.73,0.11,117.09,154.76,0.07,124.01,164.02,0.06,118.67,144.63,0.22,119.44,156.81
10,116.41,149.68,0.24,119.63,164.65,0.24,122.24,156.18,0.3,114.58,155.71,0.11,117.16,154.78,0.07,123.93,163.95,0.06,118.66,144.61,0.22,119.43,156.84
11,116.41,149.7,0.24,119.64,164.74,0.24,122.16,156.34,0.3,114.57,155.68,0.11,117.29,154.78,0.08,123.92,163.89,0.06,118.66,144.59,0.22,119.4,156.93
12,116.38,149.67,0.24,119.63,164.81,0.25,122.12,156.4,0.3,114.58,155.72,0.11,117.33,154.83,0.08,123.9,163.84,0.06,118.63,144.57,0.22,119.38,156.96
13,116.4,149.84,0.24,119.65,164.77,0.25,122.11,156.52,0.3,114.61,155.67,0.11,117.41,154.77,0.07,123.94,163.87,0.06,118.6,144.62,0.22,119.39,157.04
14,116.41,149.93,0.24,119.65,164.78,0.25,122.14,156.54,0.3,114.64,155.59,0.11,117.42,154.69,0.07,124.02,163.95,0.06,118.59,144.66,0.22,119.4,157.08
15,116.42,149.85,0.24,119.67,164.79,0.24,122.16,156.44,0.3,114.66,155.58,0.1,117.38,154.66,0.07,124.11,163.98,0.06,118.62,144.68,0.22,119.42,157.03
16,116.41,149.83,0.24,119.68,164.8,0.24,122.17,156.41,0.3,114.68,155.59,0.1,117.4,154.67,0.07,124.16,164.01,0.06,118.62,144.69,0.22,119.42,157.01
17,116.41,149.79,0.24,119.69,164.77,0.24,122.18,156.34,0.3,114.64,155.59,0.1,117.36,154.67,0.07,124.12,163.97,0.06,118.66,144.66,0.22,119.43,156.97
18,116.4,149.67,0.24,119.71,164.77,0.24,122.19,156.21,0.3,114.66,155.62,0.11,117.32,154.68,0.07,124.13,163.93,0.06,118.69,144.63,0.22,119.43,156.88
19,116.42,149.56,0.23,119.75,164.78,0.23,122.23,156.06,0.3,114.66,155.59,0.1,117.27,154.65,0.07,124.15,163.91,0.06,118.74,144.62,0.21,119.47,156.8
20,116.4,149.5,0.24,119.73,164.75,0.23,122.28,155.96,0.3,114.68,155.65,0.11,117.21,154.7,0.07,124.13,163.91,0.06,118.73,144.6,0.21,119.47,156.73
21,116.4,149.57,0.24,119.75,164.74,0.23,122.25,156.05,0.3,114.66,155.61,0.1,117.23,154.67,0.07,124.06,163.88,0.06,118.72,144.59,0.22,119.47,156.78
22,116.39,149.66,0.24,119.71,164.81,0.23,122.16,156.28,0.3,114.64,155.6,0.11,117.31,154.68,0.07,123.95,163.76,0.06,118.71,144.57,0.22,119.42,156.91
23,116.4,149.92,0.23,119.76,164.97,0.24,115.13,164.68,0.3,114.68,155.45,0.11,117.62,154.6,0.08,123.77,163.61,0.06,118.69,144.56,0.23,117.1,159.86
24,116.3,150.06,0.24,119.7,165.08,0.26,115.07,164.74,0.31,114.78,155.45,0.12,117.79,154.69,0.08,123.65,163.51,0.06,118.59,144.57,0.24,117.02,159.96
25,116.16,149.68,0.25,119.54,165.26,0.26,121.76,156.82,0.31,114.78,155.64,0.12,117.77,154.68,0.08,123.9,163.59,0.06,118.53,144.58,0.24,119.15,157.25
26,116.11,149.22,0.25,119.47,165.45,0.25,121.6,156.69,0.3,114.83,155.8,0.11,117.77,154.68,0.08,124.08,163.82,0.06,118.5,144.69,0.24,119.06,157.12
27,116.01,149.5,0.24,119.4,165.88,0.26,114.62,165.41,0.32,114.88,156.24,0.12,117.94,155.13,0.08,123.93,163.64,0.08,118.43,144.67,0.25,116.68,160.26
28,116.01,150.08,0.24,119.44,166.2,0.28,114.4,165.66,0.34,114.88,156.52,0.13,119.24,159.93,0.1,123.52,163.21,0.08,118.39,144.62,0.26,116.62,160.65
29,115.99,149.79,0.24,117.24,161.84,0.27,114.4,165.62,0.33,114.83,156.6,0.13,119.05,159.99,0.09,123.63,163.28,0.09,118.41,144.6,0.25,115.88,159.08
30,115.98,149.77,0.25,119.4,166.06,0.27,114.4,165.6,0.33,114.82,156.59,0.13,119.0,160.0,0.09,123.61,163.27,0.09,118.42,144.6,0.25,116.59,160.48
31,115.96,149.61,0.25,117.16,161.68,0.26,114.43,165.61,0.32,114.85,156.62,0.13,118.96,160.02,0.09,123.68,163.28,0.09,118.44,144.59,0.25,115.85,158.97
32,115.97,149.6,0.25,117.15,161.65,0.26,114.41,165.61,0.32,114.82,156.59,0.13,118.92,160.0,0.08,123.68,163.28,0.09,118.45,144.6,0.25,115.84,158.95
33,115.96,149.6,0.25,117.11,161.63,0.27,114.39,165.58,0.33,114.8,156.64,0.13,118.86,160.0,0.09,123.63,163.21,0.09,118.42,144.61,0.25,115.82,158.94
34,115.96,149.58,0.26,117.08,161.61,0.27,114.38,165.6,0.33,114.79,156.68,0.13,118.81,160.01,0.09,123.6,163.18,0.1,118.42,144.61,0.25,115.81,158.93
35,115.98,149.55,0.26,119.31,165.87,0.27,114.48,165.46,0.33,114.77,156.67,0.12,118.82,160.08,0.08,123.71,163.34,0.09,118.4,144.67,0.25,116.59,160.29
36,116.0,149.61,0.26,119.26,165.73,0.28,114.58,165.3,0.33,114.73,156.5,0.12,118.83,160.13,0.08,123.76,163.48,0.09,118.41,144.75,0.24,116.61,160.22
37,116.02,149.78,0.26,119.21,165.55,0.29,114.7,165.05,0.33,114.71,156.33,0.12,117.69,155.22,0.08,123.83,163.76,0.08,118.38,144.79,0.24,116.65,160.12
38,116.08,149.83,0.26,119.22,165.34,0.29,114.79,164.85,0.33,114.62,156.12,0.12,117.59,155.05,0.08,123.74,163.8,0.08,118.43,144.79,0.24,116.69,160.01
39,116.21,150.41,0.25,119.35,165.24,0.28,114.78,164.8,0.34,114.57,155.64,0.12,117.75,154.76,0.08,123.43,163.7,0.06,118.49,144.84,0.23,116.78,160.15
40,116.27,150.35,0.25,119.46,165.15,0.27,114.95,164.74,0.32,114.58,155.6,0.12,117.63,154.75,0.08,123.58,163.79,0.06,118.56,144.84,0.23,116.89,160.08
41,116.34,150.34,0.24,119.54,165.13,0.27,115.02,164.82,0.32,114.6,155.6,0.12,117.61,154.78,0.08,123.63,163.79,0.06,118.63,144.83,0.23,116.97,160.1
42,116.4,150.04,0.24,119.62,165.01,0.25,115.17,164.77,0.3,114.62,155.7,0.11,117.37,154.82,0.08,123.81,163.86,0.06,118.7,144.79,0.22,117.06,159.94
43,116.63,150.98,0.23,119.75,164.97,0.26,115.25,164.68,0.32,114.62,155.29,0.11,117.66,154.58,0.07,123.65,164.12,0.05,118.61,144.97,0.23,117.21,160.21
44,116.61,150.28,0.23,119.87,164.6,0.22,122.14,156.56,0.3,114.54,155.38,0.09,117.16,154.46,0.06,123.85,164.22,0.05,118.72,145.0,0.21,119.54,157.15
45,116.72,149.96,0.23,120.13,164.52,0.2,122.22,156.37,0.29,114.68,155.46,0.08,117.08,154.54,0.06,123.87,163.94,0.06,118.78,145.02,0.21,119.69,156.95
46,116.95,150.3,0.21,120.31,164.45,0.19,122.15,156.75,0.28,114.74,155.18,0.07,117.17,154.31,0.05,123.63,163.79,0.05,118.77,145.09,0.21,119.8,157.17
47,117.1,150.21,0.2,117.79,160.02,0.18,122.27,156.58,0.27,114.77,155.13,0.07,117.79,154.3,0.05,125.73,161.4,0.05,118.8,145.12,0.21,119.05,155.6
48,117.26,150.98,0.2,118.08,160.28,0.2,122.19,157.25,0.25,114.83,154.98,0.06,117.81,153.96,0.04,125.51,160.85,0.05,118.63,145.26,0.21,119.18,156.17
49,117.27,150.8,0.19,118.09,160.16,0.2,122.3,156.98,0.25,114.9,155.0,0.05,117.74,153.94,0.04,123.35,163.25,0.06,118.64,145.3,0.2,119.22,155.98
50,117.09,150.42,0.19,118.04,159.87,0.18,122.38,156.29,0.25,115.0,154.97,0.05,117.77,153.94,0.04,123.54,163.28,0.06,118.69,145.29,0.2,119.17,155.53
51,117.11,150.36,0.19,118.04,159.84,0.17,122.4,156.2,0.24,114.92,154.84,0.05,117.76,153.78,0.04,123.57,163.33,0.06,118.77,145.3,0.19,119.18,155.47
52,117.07,150.43,0.19,118.04,159.93,0.18,122.35,156.31,0.24,114.97,154.87,0.05,117.86,153.85,0.04,123.64,163.35,0.06,118.77,145.28,0.19,119.15,155.56
53,116.96,150.25,0.2,117.89,159.8,0.19,122.43,156.13,0.26,115.0,155.06,0.05,117.81,154.12,0.04,123.66,163.36,0.08,118.74,145.25,0.19,119.09,155.4
54,118.31,150.16,0.2,117.8,159.77,0.19,122.45,156.04,0.26,114.98,155.06,0.05,117.81,154.16,0.04,123.73,163.44,0.08,118.79,145.24,0.18,119.52,155.32
55,118.2,150.33,0.21,117.77,159.86,0.19,122.39,156.08,0.26,114.98,155.02,0.05,117.93,154.25,0.04,123.89,163.54,0.08,118.81,145.23,0.18,119.45,155.42
56,118.05,150.02,0.22,117.68,159.38,0.18,122.63,155.16,0.28,122.5,162.78,0.05,117.98,154.62,0.04,124.51,163.86,0.09,118.93,145.23,0.16,119.45,154.85
57,117.92,150.34,0.23,117.63,159.4,0.19,122.52,155.34,0.28,114.99,155.1,0.05,118.02,154.69,0.04,124.61,164.08,0.08,118.79,145.25,0.15,119.36,155.03
58,117.88,150.53,0.24,117.52,159.46,0.21,122.43,155.53,0.29,114.93,155.11,0.06,118.04,154.84,0.04,124.51,164.02,0.08,118.62,145.2,0.16,119.27,155.18
59,117.92,151.13,0.24,117.61,159.75,0.23,122.13,156.19,0.28,114.87,154.81,0.06,118.17,154.62,0.04,124.37,164.0,0.08,118.48,145.19,0.16,119.22,155.69
60,116.73,148.81,0.25,117.61,159.73,0.23,122.16,156.21,0.29,114.79,154.75,0.06,118.09,154.52,0.04,124.42,164.14,0.08,118.45,145.22,0.16,118.83,154.92
61,116.77,148.9,0.24,117.7,159.71,0.22,122.18,156.2,0.27,114.76,154.66,0.05,118.06,154.25,0.04,124.52,164.16,0.07,118.53,145.3,0.15,118.88,154.94
62,116.85,148.78,0.24,117.69,159.53,0.21,122.31,155.95,0.28,115.06,158.46,0.05,117.95,154.26,0.04,124.71,164.33,0.07,118.55,145.33,0.14,118.95,154.76
63,116.85,148.51,0.25,117.5,159.26,0.2,122.47,155.51,0.29,115.1,158.72,0.05,117.79,154.61,0.04,124.88,164.54,0.08,118.57,145.29,0.13,118.94,154.43
64,116.88,148.22,0.25,117.44,159.17,0.19,122.55,155.24,0.29,122.83,163.55,0.05,117.81,154.84,0.04,125.02,164.64,0.09,118.6,145.23,0.13,118.96,154.21
65,117.02,148.0,0.25,117.44,159.07,0.18,122.61,154.94,0.3,122.9,163.79,0.06,117.78,154.87,0.04,125.19,164.77,0.09,118.66,145.18,0.12,119.02,154.0
66,117.07,147.9,0.25,117.41,159.03,0.18,122.63,154.86,0.3,122.9,163.94,0.07,117.76,154.94,0.04,125.27,164.89,0.09,118.66,145.17,0.12,119.04,153.93
67,117.17,147.79,0.23,117.44,159.16,0.17,122.58,154.89,0.29,122.79,163.85,0.06,117.76,154.86,0.04,125.12,164.82,0.09,118.67,145.15,0.12,119.06,153.95
68,118.04,149.77,0.22,117.49,159.28,0.17,122.51,154.93,0.29,122.66,162.04,0.05,117.79,154.7,0.04,125.01,164.73,0.08,118.73,145.17,0.12,119.35,154.66
69,116.55,148.98,0.21,117.57,159.32,0.16,122.53,154.5,0.28,122.71,162.03,0.05,217.05,13.7,0.03,125.04,164.88,0.07,118.84,145.08,0.11,118.88,154.27
70,116.92,148.76,0.19,117.63,159.52,0.13,122.5,154.43,0.24,207.0,24.49,0.03,217.6,13.48,0.07,127.53,162.01,0.04,119.03,145.14,0.08,119.01,154.24
71,116.84,148.81,0.2,117.63,159.52,0.14,122.55,154.53,0.25,115.6,159.76,0.04,119.5,157.09,0.03,127.66,162.05,0.04,119.1,145.07,0.09,119.01,154.28
72,117.98,150.5,0.23,117.6,159.54,0.2,122.39,155.48,0.28,114.87,154.87,0.06,118.09,154.5,0.04,124.6,164.14,0.08,118.85,145.15,0.13,119.32,155.17
73,117.92,150.68,0.24,117.54,159.66,0.21,122.31,155.76,0.28,114.84,155.02,0.06,118.12,154.6,0.04,124.45,164.07,0.08,118.74,145.09,0.14,119.26,155.37
74,117.95,150.64,0.23,117.51,159.64,0.21,122.36,155.72,0.28,114.79,155.03,0.06,118.06,154.6,0.04,124.47,164.11,0.08,118.76,145.09,0.14,119.27,155.33
75,117.9,150.59,0.24,117.48,159.64,0.21,122.39,155.66,0.28,114.8,155.13,0.06,118.05,154.7,0.04,124.47,164.11,0.08,118.76,145.05,0.14,119.26,155.29
76,117.95,150.59,0.23,117.5,159.66,0.21,122.38,155.68,0.28,114.81,155.1,0.06,118.06,154.66,0.04,124.47,164.11,0.08,118.79,145.06,0.14,119.28,155.31
77,117.89,150.38,0.24,117.4,159.61,0.21,122.51,155.49,0.29,114.8,155.26,0.07,118.06,154.88,0.05,124.47,164.15,0.08,118.78,144.98,0.14,119.27,155.16
78,117.92,150.34,0.23,117.44,159.87,0.2,122.37,155.77,0.27,114.73,155.15,0.07,116.88,154.43,0.05,124.42,164.02,0.08,118.78,144.91,0.15,119.24,155.33
79,117.94,150.51,0.22,117.44,160.05,0.21,122.31,156.01,0.27,114.73,155.11,0.08,117.08,154.38,0.05,124.5,163.99,0.07,118.8,144.83,0.16,119.23,155.52
80,117.87,150.67,0.22,117.5,160.16,0.21,122.21,156.22,0.27,114.76,154.99,0.08,117.29,154.22,0.05,124.61,164.04,0.06,118.71,144.67,0.18,119.19,155.69
81,117.9,151.3,0.23,120.14,165.27,0.24,115.28,164.34,0.28,114.92,154.81,0.09,117.96,154.17,0.05,124.52,163.97,0.06,118.53,144.74,0.2,117.77,160.3
82,118.69,172.26,0.25,117.84,161.02,0.27,115.22,164.23,0.3,115.1,154.59,0.1,118.53,153.98,0.06,124.24,163.75,0.06,118.39,144.8,0.21,117.25,165.83
83,118.32,172.35,0.29,118.13,161.52,0.3,115.1,164.05,0.33,115.25,154.25,0.12,120.45,159.31,0.07,125.47,160.21,0.06,118.1,144.87,0.24,117.18,165.97
84,118.02,172.21,0.31,118.18,161.64,0.32,115.05,163.91,0.34,115.28,154.2,0.12,120.6,159.4,0.08,125.3,160.01,0.07,117.94,144.91,0.25,117.08,165.92
85,117.95,170.18,0.33,118.21,161.73,0.35,115.05,163.79,0.35,123.42,160.96,0.13,120.8,159.83,0.1,125.39,159.87,0.1,117.77,145.01,0.26,117.07,165.23
86,117.27,169.88,0.36,118.12,161.63,0.36,115.13,163.55,0.36,123.6,161.24,0.15,125.14,160.4,0.12,125.65,160.08,0.12,117.76,145.15,0.25,116.84,165.02
87,116.56,169.99,0.38,118.08,161.96,0.39,116.12,161.27,0.39,123.66,161.39,0.18,125.22,160.73,0.15,125.1,159.9,0.15,117.7,145.14,0.25,116.92,164.41
88,115.91,170.39,0.4,118.21,162.52,0.41,115.85,161.47,0.41,123.6,161.14,0.21,125.51,160.89,0.18,124.15,159.08,0.18,117.72,145.01,0.26,116.66,164.79
89,115.94,170.56,0.4,118.03,162.54,0.42,115.79,161.6,0.41,123.1,161.4,0.21,125.19,161.13,0.18,123.68,159.38,0.18,117.67,144.93,0.26,116.59,164.9
90,115.94,170.47,0.4,117.99,162.55,0.42,115.77,161.59,0.41,123.0,161.43,0.21,125.16,161.11,0.17,123.56,159.43,0.17,117.57,144.91,0.27,116.57,164.87
91,115.92,170.68,0.39,117.89,162.54,0.41,115.75,161.71,0.41,122.82,161.61,0.2,125.06,161.25,0.17,123.41,159.67,0.17,117.59,144.88,0.26,116.52,164.98
92,115.94,170.68,0.39,117.88,162.55,0.41,115.75,161.73,0.41,122.81,161.63,0.2,125.07,161.27,0.17,123.36,159.68,0.16,117.59,144.89,0.26,116.52,164.98
93,115.62,172.4,0.38,117.79,162.42,0.41,115.66,161.82,0.4,122.54,161.64,0.19,124.86,161.23,0.16,123.3,159.78,0.16,117.57,144.85,0.26,116.36,165.55
94,116.78,172.54,0.35,117.38,161.62,0.37,114.61,163.8,0.37,114.87,155.55,0.14,119.78,159.93,0.11,124.39,161.04,0.1,117.66,144.78,0.25,116.26,165.98
95,117.75,150.6,0.29,119.34,165.29,0.28,122.08,156.79,0.34,114.66,155.8,0.11,117.29,154.91,0.07,124.46,164.03,0.1,118.18,144.72,0.21,119.72,157.56
96,117.76,150.28,0.27,119.38,165.22,0.26,122.27,156.15,0.32,114.69,155.58,0.1,117.21,154.68,0.07,124.53,164.18,0.09,118.39,144.67,0.19,119.81,157.22
97,117.77,150.41,0.26,119.5,165.28,0.25,122.15,156.29,0.31,114.71,155.35,0.1,117.45,154.52,0.07,124.5,164.14,0.08,118.48,144.61,0.19,119.81,157.33
98,117.77,150.3,0.24,119.6,165.24,0.23,122.15,156.1,0.3,114.73,155.29,0.1,117.38,154.47,0.06,124.56,164.14,0.07,118.56,144.6,0.19,119.84,157.22
99,117.84,150.52,0.23,119.73,165.25,0.23,122.06,156.32,0.28,114.76,155.08,0.1,117.5,154.35,0.06,124.54,164.12,0.07,118.61,144.64,0.19,119.88,157.37
100,117.92,150.52,0.23,119.82,165.16,0.22,122.16,156.11,0.28,114.76,155.0,0.09,117.3,154.31,0.06,124.55,164.11,0.07,118.66,144.69,0.18,119.97,157.27
101,117.87,150.45,0.23,119.85,165.12,0.22,122.21,155.97,0.28,114.78,155.08,0.09,117.23,154.36,0.06,124.58,164.11,0.07,118.68,144.69,0.18,119.98,157.18
102,117.83,150.39,0.24,117.26,159.97,0.21,122.26,155.88,0.29,114.82,155.21,0.09,117.19,154.48,0.06,124.59,164.11,0.07,118.67,144.7,0.18,119.12,155.41
103,117.86,150.43,0.24,119.86,165.09,0.21,122.24,155.91,0.28,114.79,155.12,0.09,117.22,154.37,0.06,124.62,164.12,0.07,118.7,144.72,0.17,119.99,157.14
104,117.87,150.44,0.24,119.83,165.14,0.22,122.21,155.94,0.29,114.82,155.12,0.09,117.19,154.41,0.06,124.62,164.13,0.07,118.69,144.72,0.18,119.97,157.17
105,117.85,150.4,0.24,119.82,165.11,0.22,122.23,155.85,0.29,114.81,155.16,0.09,117.18,154.41,0.06,124.64,164.14,0.07,118.71,144.74,0.17,119.97,157.12
106,117.87,150.42,0.24,119.83,165.09,0.22,122.25,155.88,0.29,114.79,155.15,0.09,117.19,154.38,0.06,124.62,164.13,0.07,118.69,144.73,0.17,119.99,157.13
107,117.83,150.35,0.24,117.21,159.89,0.22,122.28,155.78,0.29,114.8,155.25,0.09,117.12,154.5,0.06,124.64,164.17,0.08,118.71,144.75,0.17,119.11,155.34
108,117.87,150.38,0.24,117.23,159.91,0.22,122.28,155.82,0.29,114.82,155.24,0.09,117.14,154.5,0.06,124.64,164.18,0.08,118.71,144.77,0.17,119.13,155.37
109,117.87,150.41,0.24,117.24,159.91,0.22,122.28,155.84,0.29,114.8,155.22,0.09,117.15,154.47,0.06,124.64,164.16,0.07,118.71,144.76,0.17,119.13,155.39
110,117.85,150.45,0.24,117.24,159.94,0.22,122.25,155.9,0.29,114.82,155.23,0.09,117.18,154.51,0.06,124.62,164.12,0.07,118.69,144.75,0.17,119.11,155.43
111,117.85,150.84,0.24,119.84,165.11,0.23,122.1,156.3,0.29,114.86,155.08,0.09,117.41,154.43,0.06,124.62,164.15,0.07,118.58,144.74,0.18,119.93,157.42
112,117.84,150.82,0.25,119.76,165.08,0.23,122.2,156.16,0.3,114.85,155.16,0.09,117.27,154.48,0.06,124.65,164.21,0.07,118.53,144.76,0.18,119.94,157.35
113,117.86,151.49,0.26,117.48,160.57,0.27,121.81,157.16,0.3,114.96,154.92,0.1,117.96,154.38,0.06,124.27,163.9,0.07,118.24,144.76,0.2,119.05,156.41
114,117.99,171.9,0.28,117.83,161.11,0.32,115.06,163.93,0.32,115.16,154.48,0.12,120.11,159.69,0.07,126.02,160.29,0.07,117.92,144.8,0.24,116.96,165.65
115,117.72,170.1,0.34,118.08,161.66,0.36,114.95,163.71,0.36,123.35,160.98,0.14,125.14,160.13,0.11,125.36,159.85,0.11,117.67,144.9,0.26,116.92,165.16
116,116.78,169.69,0.38,118.12,161.71,0.39,116.04,161.07,0.38,123.73,161.1,0.16,125.09,160.36,0.14,125.63,159.71,0.14,117.64,145.1,0.26,116.98,164.16
117,115.52,169.56,0.41,118.04,162.09,0.4,116.08,160.92,0.4,124.01,161.31,0.2,125.3,160.79,0.17,125.27,159.51,0.18,117.77,145.15,0.24,116.55,164.19
118,114.54,169.65,0.43,117.58,162.53,0.42,117.39,160.79,0.42,123.58,161.59,0.22,125.27,162.96,0.2,124.4,159.53,0.2,118.03,145.02,0.22,116.5,164.32
119,113.24,169.94,0.39,116.43,162.8,0.45,116.74,160.98,0.42,122.41,162.39,0.23,124.48,163.63,0.2,123.35,160.32,0.21,118.02,145.04,0.19,115.47,164.58
120,112.48,170.18,0.38,116.05,163.27,0.46,116.18,161.36,0.42,121.88,162.59,0.24,124.34,164.03,0.21,122.43,160.11,0.22,118.09,145.2,0.17,114.9,164.94
121,112.25,170.48,0.37,116.0,163.55,0.46,115.83,161.6,0.42,121.81,162.49,0.25,124.48,164.06,0.21,122.1,159.88,0.22,118.1,145.27,0.16,114.7,165.21
122,112.27,170.7,0.37,116.06,163.71,0.46,115.7,161.76,0.41,121.82,162.36,0.24,124.61,164.01,0.21,121.9,159.72,0.21,118.11,145.25,0.16,114.68,165.39
123,112.94,170.81,0.39,116.5,163.58,0.46,115.95,161.76,0.43,122.09,162.2,0.25,124.84,163.73,0.22,121.97,159.4,0.22,118.11,145.08,0.19,115.13,165.38
124,113.46,170.79,0.4,116.75,163.37,0.46,116.24,161.68,0.43,122.29,162.1,0.25,124.91,163.55,0.21,122.26,159.32,0.22,118.12,145.05,0.2,115.49,165.28
125,114.38,170.63,0.41,117.02,162.88,0.45,116.75,161.45,0.43,122.34,162.08,0.24,124.79,163.28,0.2,122.63,159.6,0.21,118.01,144.9,0.21,116.05,164.99
126,115.31,170.65,0.4,117.25,162.47,0.44,117.16,161.31,0.42,122.26,162.11,0.22,124.48,161.89,0.19,122.97,160.06,0.19,117.83,144.85,0.22,116.57,164.81
127,116.43,170.6,0.39,117.6,162.14,0.42,115.46,161.8,0.4,122.42,161.26,0.19,124.55,160.76,0.15,123.63,159.53,0.15,117.55,144.84,0.25,116.5,164.85
128,118.3,169.97,0.3,117.35,160.85,0.32,114.65,163.8,0.34,114.54,154.78,0.12,119.55,159.68,0.08,123.8,163.52,0.08,117.72,144.75,0.23,116.77,164.87
129,119.65,169.86,0.26,117.88,160.84,0.27,114.99,164.01,0.31,114.85,153.96,0.1,118.13,153.46,0.05,123.95,163.79,0.08,118.04,144.76,0.19,117.51,164.9
130,119.57,167.61,0.22,118.18,159.94,0.22,121.98,156.62,0.24,114.9,154.12,0.05,118.33,153.21,0.04,124.41,164.14,0.07,118.32,145.2,0.14,119.91,161.39
131,122.19,166.78,0.23,118.83,160.09,0.22,121.19,159.5,0.22,122.76,161.97,0.04,121.64,151.43,0.04,123.83,163.5,0.07,118.35,145.24,0.14,120.74,162.12
132,123.51,167.1,0.21,122.86,162.8,0.23,118.12,164.11,0.27,114.96,154.5,0.05,120.71,155.3,0.07,123.26,163.14,0.05,118.27,145.4,0.21,121.5,164.67
133,124.74,167.34,0.21,121.1,161.92,0.3,118.88,164.42,0.32,121.04,159.49,0.08,121.05,155.56,0.09,123.25,162.81,0.08,118.66,146.09,0.21,121.58,164.56
134,124.51,168.43,0.19,121.53,162.15,0.32,121.78,164.79,0.32,121.11,159.79,0.1,121.26,155.63,0.09,122.78,161.27,0.08,118.92,146.36,0.2,122.61,165.12
135,126.33,167.82,0.21,122.1,162.73,0.39,121.93,165.12,0.39,120.94,160.19,0.14,121.54,156.12,0.13,110.89,156.42,0.13,118.86,146.57,0.23,123.45,165.22
136,127.34,168.2,0.23,122.71,163.14,0.44,122.42,165.7,0.44,121.13,160.39,0.17,122.03,156.1,0.16,110.79,156.79,0.17,118.87,146.65,0.25,124.16,165.68
137,128.15,171.75,0.24,123.1,163.29,0.47,122.86,166.1,0.47,118.19,158.66,0.19,122.42,156.09,0.18,110.65,157.16,0.19,117.92,148.15,0.27,124.7,167.05
138,128.26,171.87,0.23,123.19,163.36,0.44,123.05,165.86,0.45,122.28,160.72,0.17,122.42,155.93,0.16,110.82,156.93,0.17,118.18,148.49,0.24,124.83,167.03
139,128.56,172.56,0.23,123.26,163.64,0.44,123.57,166.26,0.43,122.27,161.13,0.19,122.64,156.47,0.18,110.8,157.4,0.19,117.86,150.33,0.26,125.13,167.49
140,128.67,173.01,0.22,123.15,163.77,0.44,123.88,166.58,0.42,121.23,161.85,0.21,122.61,156.99,0.19,121.33,162.3,0.2,117.72,150.03,0.29,125.24,167.79
141,128.7,173.61,0.21,122.98,163.84,0.41,124.01,166.52,0.4,121.38,162.05,0.2,122.68,157.21,0.18,114.89,158.89,0.18,117.6,150.14,0.28,125.23,167.99
142,128.62,174.14,0.2,123.01,163.98,0.38,124.05,166.79,0.37,121.44,162.11,0.2,122.82,157.42,0.18,114.87,158.95,0.18,117.55,150.03,0.28,125.23,168.31
143,118.88,152.89,0.17,122.25,163.39,0.3,123.36,163.28,0.29,121.81,162.45,0.15,122.47,157.85,0.13,122.75,163.06,0.1,117.5,150.55,0.23,121.5,159.85
144,118.56,152.05,0.17,121.75,163.13,0.24,124.31,166.28,0.25,122.13,162.64,0.12,123.48,162.14,0.09,125.04,164.19,0.09,117.57,150.9,0.19,121.54,160.49
145,118.64,152.21,0.17,121.9,163.22,0.25,124.37,166.35,0.25,122.22,162.57,0.13,123.73,162.04,0.1,125.04,164.26,0.09,117.63,150.81,0.19,121.64,160.59
146,119.51,151.05,0.17,122.56,163.89,0.32,124.43,166.62,0.31,122.02,162.56,0.17,122.82,157.88,0.14,115.55,159.36,0.12,117.55,150.83,0.25,122.17,160.52
147,129.1,174.7,0.2,123.75,164.8,0.39,124.9,167.48,0.39,122.2,162.6,0.21,125.08,161.38,0.18,115.24,159.43,0.18,117.64,150.52,0.3,125.92,168.99
148,129.58,174.74,0.23,124.44,165.2,0.44,125.17,167.85,0.43,123.01,162.06,0.23,125.59,161.04,0.2,121.71,162.78,0.22,117.88,150.34,0.32,126.4,169.27
149,129.9,174.57,0.25,124.73,165.27,0.47,125.27,168.06,0.45,122.85,161.98,0.24,125.72,160.88,0.21,121.45,162.78,0.25,117.98,150.23,0.32,126.63,169.3
150,130.55,174.44,0.29,125.66,165.61,0.52,125.41,168.65,0.5,122.59,161.59,0.27,126.34,160.16,0.24,120.62,162.58,0.29,118.22,150.1,0.34,127.21,169.57
151,130.8,173.82,0.3,125.68,165.67,0.53,125.47,168.52,0.49,122.77,161.64,0.26,124.35,156.26,0.24,121.01,162.61,0.28,118.17,150.7,0.3,127.32,169.34
152,132.47,173.5,0.32,127.32,166.75,0.5,127.4,169.54,0.48,123.31,162.73,0.29,124.83,156.17,0.27,121.36,164.12,0.3,118.01,152.16,0.3,129.06,169.93
153,134.02,174.4,0.39,131.2,166.54,0.46,129.99,171.03,0.44,121.0,163.88,0.28,124.95,156.38,0.25,121.73,166.31,0.27,118.72,156.02,0.2,131.74,170.66
154,137.01,173.24,0.46,131.49,167.84,0.49,132.67,171.75,0.42,124.14,167.71,0.3,125.81,163.17,0.29,122.63,170.05,0.25,120.38,160.68,0.2,133.73,170.94
155,141.88,170.82,0.46,134.11,167.89,0.48,135.94,173.41,0.41,128.53,170.13,0.23,128.43,168.03,0.28,126.82,169.85,0.19,121.18,163.28,0.17,137.31,170.71
156,147.47,171.06,0.57,136.66,169.7,0.46,141.29,174.74,0.47,133.11,173.02,0.36,131.68,171.58,0.37,132.95,174.83,0.32,134.44,176.68,0.15,141.81,171.83
157,150.76,171.34,0.53,139.74,170.73,0.35,147.4,174.57,0.3,138.86,174.65,0.29,136.99,173.38,0.28,139.48,174.97,0.26,138.54,176.85,0.17,145.97,172.21
158,152.41,170.76,0.46,141.65,170.44,0.39,148.85,173.73,0.31,141.21,174.47,0.3,140.07,171.42,0.31,141.63,176.12,0.28,138.23,176.41,0.15,147.64,171.64
159,157.38,171.01,0.32,141.63,170.58,0.43,147.81,170.38,0.28,145.68,174.4,0.31,143.61,173.88,0.32,145.94,174.62,0.23,139.88,175.6,0.12,148.94,170.66
160,159.25,170.47,0.4,147.51,170.33,0.45,154.11,173.44,0.34,146.65,174.42,0.33,144.72,173.03,0.35,146.34,175.07,0.24,150.23,175.33,0.14,153.62,171.41
161,163.05,170.62,0.46,149.86,169.99,0.46,155.71,173.48,0.37,148.0,174.28,0.33,146.12,172.2,0.34,147.12,175.37,0.24,150.05,174.6,0.16,156.21,171.36
162,163.64,170.54,0.45,150.79,170.16,0.41,156.93,173.04,0.31,150.21,174.56,0.3,147.76,172.51,0.3,149.14,175.4,0.2,150.42,174.64,0.16,157.12,171.25
163,164.53,170.77,0.44,150.91,170.82,0.4,159.33,174.35,0.33,151.37,175.19,0.33,148.98,173.37,0.32,153.99,174.81,0.25,150.65,175.06,0.19,158.26,171.98
164,165.06,170.99,0.4,152.21,171.21,0.34,160.04,174.31,0.3,152.8,175.55,0.27,150.26,173.57,0.26,155.69,175.89,0.24,150.34,175.67,0.17,159.1,172.17
165,165.96,171.68,0.35,151.56,172.04,0.29,160.31,174.65,0.26,155.73,175.33,0.24,151.12,174.45,0.21,156.63,175.52,0.22,151.3,175.96,0.16,159.28,172.79
166,166.72,172.1,0.32,156.4,172.32,0.26,160.63,175.23,0.24,156.26,175.39,0.25,153.73,176.01,0.2,156.96,175.8,0.23,147.59,177.36,0.17,161.25,173.22
167,167.15,172.19,0.33,156.87,172.58,0.27,163.76,175.77,0.26,157.01,175.74,0.24,154.25,176.06,0.19,157.83,176.19,0.22,148.39,177.29,0.17,162.59,173.51
168,167.51,172.12,0.28,157.79,172.55,0.23,164.29,175.47,0.23,158.07,175.69,0.2,155.42,175.61,0.17,158.74,176.48,0.17,149.27,176.99,0.16,163.2,173.38
169,167.54,172.17,0.24,152.98,172.91,0.21,164.33,175.17,0.19,159.43,175.71,0.18,156.17,175.82,0.16,160.21,176.21,0.16,219.17,25.66,0.13,161.62,173.42
170,168.51,172.15,0.22,158.22,172.3,0.21,165.11,174.91,0.18,160.52,175.28,0.19,157.2,175.45,0.16,161.16,175.86,0.17,150.66,176.9,0.12,163.95,173.12
171,169.05,171.8,0.29,159.16,171.75,0.26,165.54,174.73,0.26,160.47,175.41,0.19,157.38,174.43,0.17,160.91,176.75,0.17,150.6,176.7,0.14,164.58,172.76
172,169.0,171.69,0.32,159.06,171.77,0.28,165.33,174.65,0.27,160.51,175.45,0.21,157.47,174.43,0.18,161.06,176.78,0.19,150.61,176.73,0.14,164.47,172.71
173,168.89,171.51,0.35,159.12,171.49,0.31,165.02,174.38,0.3,160.23,175.38,0.21,157.34,174.0,0.19,160.69,176.91,0.19,150.51,176.65,0.16,164.34,172.46
174,168.85,171.44,0.34,159.02,171.46,0.3,164.98,174.31,0.29,160.23,175.42,0.21,157.29,174.09,0.19,160.74,176.92,0.2,150.54,176.58,0.16,164.29,172.4
175,168.87,171.31,0.35,159.13,171.31,0.32,164.94,174.28,0.3,160.02,175.4,0.21,157.09,173.87,0.19,160.58,176.97,0.19,150.64,176.52,0.16,164.31,172.3
176,168.56,171.08,0.37,158.84,171.2,0.33,164.5,174.19,0.31,159.72,175.62,0.21,156.7,173.92,0.19,160.5,177.18,0.19,150.84,176.45,0.16,163.97,172.16
177,168.38,170.8,0.36,155.21,171.58,0.36,164.2,173.85,0.31,159.38,175.69,0.23,156.44,173.69,0.2,160.22,177.34,0.19,150.88,176.16,0.15,162.6,172.08
178,168.47,170.53,0.35,155.4,171.58,0.37,162.47,172.31,0.31,159.35,175.68,0.24,156.42,173.49,0.21,160.3,177.4,0.2,150.93,176.02,0.16,162.11,171.47
179,168.62,170.24,0.36,155.85,171.3,0.37,162.78,172.16,0.33,159.13,175.61,0.26,156.25,173.18,0.23,160.13,177.47,0.21,151.07,175.92,0.16,162.42,171.24
180,168.61,170.05,0.35,155.84,171.21,0.38,162.76,171.98,0.33,159.06,175.56,0.26,156.19,173.03,0.23,160.17,177.49,0.21,151.17,175.84,0.16,162.4,171.08
181,168.4,169.83,0.33,155.89,171.14,0.38,162.69,171.89,0.33,158.92,175.55,0.27,156.05,172.86,0.23,160.1,177.55,0.21,151.34,175.72,0.16,162.33,170.95
182,168.32,169.56,0.32,155.75,171.15,0.37,162.73,171.54,0.31,159.19,175.52,0.24,156.19,172.83,0.21,160.58,177.59,0.19,151.47,175.69,0.15,162.27,170.75
183,168.2,169.17,0.3,155.72,171.16,0.38,162.46,171.17,0.31,159.46,175.35,0.26,156.5,172.7,0.22,161.61,176.0,0.21,151.61,175.6,0.16,162.12,170.5
184,168.4,168.82,0.28,155.99,171.13,0.38,162.65,170.97,0.31,159.81,175.26,0.28,156.84,172.45,0.23,161.93,175.98,0.22,151.88,175.54,0.16,162.34,170.3
185,168.47,168.72,0.26,156.22,171.2,0.37,162.67,170.8,0.3,160.2,175.14,0.29,157.31,172.25,0.24,162.04,175.74,0.25,152.06,175.54,0.17,162.45,170.24
186,168.58,168.78,0.25,156.35,171.03,0.35,163.1,171.01,0.3,160.12,175.0,0.28,157.4,171.9,0.23,161.74,175.88,0.25,152.12,175.3,0.18,162.68,170.27
187,168.0,168.81,0.17,156.1,171.47,0.25,164.57,171.71,0.2,162.19,174.4,0.22,158.59,172.35,0.18,162.79,175.33,0.2,152.12,175.31,0.18,162.89,170.67
188,168.06,168.64,0.16,156.4,171.56,0.25,165.05,171.87,0.22,161.34,175.11,0.22,158.23,172.61,0.19,162.9,175.8,0.19,152.5,175.17,0.17,163.17,170.69
189,167.6,168.33,0.22,159.49,170.22,0.31,163.16,171.21,0.28,160.88,175.69,0.28,157.23,173.05,0.23,162.43,176.14,0.23,152.23,175.69,0.18,163.42,169.92
190,169.73,167.21,0.29,160.54,169.31,0.32,166.42,172.6,0.34,158.54,176.21,0.3,157.01,169.4,0.28,160.6,179.65,0.21,151.96,176.6,0.17,165.57,169.71
191,170.57,167.17,0.34,161.36,168.88,0.32,167.01,172.55,0.39,158.1,175.51,0.24,157.61,167.76,0.25,161.2,178.88,0.16,151.07,176.41,0.18,166.31,169.53
192,174.08,166.1,0.12,166.34,163.61,0.1,167.51,172.56,0.16,155.53,171.22,0.04,159.28,164.62,0.12,153.87,177.37,0.05,150.46,174.44,0.17,169.31,167.42
193,173.95,170.81,0.35,164.66,165.91,0.32,165.23,174.03,0.3,142.63,111.59,0.07,157.0,155.74,0.14,144.38,168.11,0.03,150.69,172.25,0.08,167.95,170.25
194,175.36,170.41,0.53,165.46,164.63,0.44,165.42,174.15,0.42,143.4,149.3,0.11,150.16,149.67,0.14,139.78,150.99,0.08,137.85,112.33,0.07,168.75,169.73
195,173.59,171.66,0.29,165.2,164.82,0.22,159.02,171.87,0.21,145.33,151.09,0.09,151.55,151.97,0.11,115.38,127.86,0.06,159.8,170.58,0.04,165.94,169.45
196,174.44,170.38,0.45,164.52,164.89,0.34,164.96,175.14,0.32,147.15,154.88,0.08,152.69,146.41,0.14,143.21,167.88,0.08,167.03,170.89,0.04,167.98,170.13
197,171.9,168.13,0.29,164.52,168.07,0.19,166.97,174.13,0.26,152.6,169.87,0.04,153.72,151.06,0.05,146.63,172.4,0.05,160.28,172.41,0.05,167.8,170.11
198,171.33,168.29,0.11,163.08,163.7,0.07,168.87,173.71,0.11,130.89,28.73,0.02,136.36,28.87,0.04,103.21,127.57,0.06,195.83,70.27,0.07,167.76,168.57
199,175.1,170.02,0.06,165.89,164.21,0.05,169.53,175.01,0.06,96.56,132.26,0.03,106.28,146.93,0.04,103.37,127.82,0.09,195.53,70.5,0.06,170.17,169.74
200,176.28,172.36,0.06,166.68,163.95,0.04,170.04,176.08,0.07,238.45,25.17,0.04,136.08,29.97,0.04,103.46,127.52,0.06,229.37,16.05,0.04,171.0,170.8
201,177.7,173.31,0.17,167.93,167.3,0.09,169.42,176.66,0.09,238.62,25.21,0.04,153.77,147.16,0.05,105.95,128.28,0.1,164.14,172.73,0.04,171.68,172.42
202,179.12,173.55,0.29,168.8,167.57,0.16,169.09,177.14,0.14,146.13,139.76,0.05,155.28,138.41,0.13,108.85,128.57,0.12,162.92,172.23,0.05,172.34,172.75
203,182.12,174.24,0.45,171.28,167.43,0.2,170.5,177.68,0.2,146.49,154.25,0.07,153.56,132.47,0.12,111.15,127.93,0.14,163.61,171.97,0.05,174.63,173.12
204,180.66,173.19,0.03,106.63,148.35,0.06,171.58,175.46,0.06,238.8,25.23,0.08,150.41,129.61,0.08,111.87,127.62,0.19,176.74,172.09,0.03,152.96,165.67
205,148.03,133.62,0.09,107.41,148.83,0.06,170.96,168.19,0.04,238.8,25.24,0.09,232.93,125.8,0.06,110.97,127.95,0.13,146.43,122.11,0.04,142.13,150.22
206,156.87,135.9,0.62,151.18,131.76,0.31,151.55,137.35,0.33,144.58,124.62,0.08,130.44,134.86,0.13,157.9,149.79,0.05,152.86,163.95,0.12,153.2,135.0
207,164.79,171.6,0.27,165.52,163.82,0.21,158.63,164.54,0.23,166.4,142.05,0.04,169.11,142.12,0.07,147.24,163.78,0.05,230.74,13.95,0.03,162.98,166.65
208,165.07,170.94,0.17,167.71,163.71,0.12,158.72,163.24,0.12,168.64,139.89,0.05,171.32,140.28,0.07,245.04,187.54,0.02,161.12,166.91,0.03,163.83,165.96
209,148.99,19.75,0.06,216.84,130.75,0.02,221.51,185.1,0.01,26.9,234.17,0.02,220.25,140.02,0.03,228.73,198.29,0.04,212.14,184.14,0.03,195.78,111.87
210,216.21,115.62,0.03,149.78,13.59,0.04,144.87,12.55,0.03,222.19,138.81,0.04,219.79,139.35,0.08,236.0,200.31,0.03,211.57,183.78,0.04,170.29,47.26
211,143.46,101.95,0.04,216.34,130.42,0.02,156.63,111.6,0.02,234.87,123.27,0.04,151.73,85.06,0.05,229.38,199.05,0.04,212.03,184.02,0.03,172.14,114.66
212,142.76,127.4,0.06,216.84,130.09,0.02,153.62,136.48,0.03,223.25,139.7,0.07,219.84,139.91,0.08,229.25,198.99,0.04,212.25,181.35,0.03,171.07,131.32
213,144.95,130.73,0.04,226.73,120.4,0.02,153.0,134.6,0.04,223.08,140.05,0.06,219.9,140.27,0.08,228.64,138.87,0.03,212.16,181.5,0.03,174.9,128.58
214,225.2,19.25,0.03,214.05,121.82,0.02,151.2,130.69,0.03,223.52,139.96,0.07,220.29,140.75,0.1,133.39,140.83,0.04,134.75,102.78,0.07,196.82,90.59
215,142.06,55.23,0.09,139.1,62.35,0.07,143.98,59.77,0.08,223.12,140.36,0.03,220.92,141.23,0.04,228.97,199.96,0.03,212.17,184.72,0.03,141.71,59.12
216,135.23,45.33,0.3,132.37,54.39,0.18,140.43,53.63,0.2,237.78,25.05,0.06,220.9,141.05,0.05,235.41,39.1,0.04,229.53,16.86,0.04,136.01,51.12
217,131.48,41.76,0.12,130.75,50.42,0.06,137.15,46.29,0.04,238.34,25.17,0.08,220.87,141.45,0.06,244.04,25.79,0.04,229.42,17.12,0.07,133.13,46.16
218,224.27,22.66,0.01,129.49,72.28,0.03,229.77,17.23,0.02,238.64,25.15,0.08,129.65,77.25,0.06,243.85,19.4,0.04,229.53,16.8,0.11,194.51,37.39
219,224.46,22.2,0.02,130.09,71.5,0.03,229.78,16.8,0.02,238.82,25.3,0.06,129.45,76.83,0.09,240.91,20.76,0.04,229.03,16.93,0.09,194.78,36.84
220,118.14,42.13,0.03,105.9,154.78,0.03,128.96,48.87,0.02,133.13,72.26,0.06,128.07,73.48,0.16,243.82,19.3,0.03,228.17,17.28,0.08,117.66,81.93
221,120.61,40.31,0.04,105.73,154.68,0.03,159.95,132.17,0.01,238.69,25.18,0.04,232.42,24.56,0.03,236.01,38.23,0.03,228.1,17.27,0.09,128.76,109.05
222,116.64,47.36,0.14,116.57,60.91,0.03,125.75,51.66,0.06,238.43,24.96,0.03,232.31,24.39,0.02,236.23,38.45,0.03,120.17,48.46,0.1,119.65,53.31
223,225.69,18.52,0.04,228.38,10.95,0.02,232.27,14.71,0.02,238.83,25.22,0.04,236.11,24.76,0.03,240.72,16.54,0.03,228.48,16.88,0.09,228.78,14.73
224,122.16,61.93,0.04,124.2,79.14,0.03,128.75,67.65,0.02,238.7,25.13,0.03,237.34,7.65,0.02,229.02,200.01,0.03,227.94,17.44,0.09,125.04,69.58
225,122.13,65.63,0.06,123.84,79.56,0.05,128.72,67.6,0.03,238.75,25.1,0.04,236.12,24.52,0.03,229.1,200.02,0.03,227.97,17.47,0.09,124.9,70.93
226,225.48,18.99,0.04,121.15,78.92,0.03,128.0,68.0,0.02,238.97,25.22,0.05,232.62,24.75,0.04,243.83,19.33,0.03,227.86,17.69,0.09,158.21,55.3
227,117.3,61.3,0.13,120.7,79.01,0.08,127.19,67.21,0.06,238.93,25.15,0.05,232.68,24.68,0.03,229.23,199.96,0.03,227.95,17.59,0.08,121.73,69.17
228,120.15,61.23,0.14,118.68,71.13,0.11,128.0,69.37,0.12,238.9,25.08,0.05,232.67,24.58,0.03,229.3,200.08,0.03,121.29,60.34,0.09,122.28,67.24
229,118.12,60.98,0.18,119.07,72.19,0.11,128.55,70.6,0.14,238.83,24.96,0.05,232.57,24.49,0.03,229.17,200.23,0.03,120.72,60.85,0.11,121.92,67.93
230,118.37,61.25,0.21,119.14,72.64,0.12,128.35,70.77,0.16,238.87,24.93,0.05,232.6,24.68,0.03,244.25,25.82,0.03,120.31,61.38,0.14,121.96,68.22
231,117.85,61.35,0.3,117.82,71.66,0.23,127.48,69.01,0.3,126.18,85.66,0.05,123.88,95.39,0.03,128.71,90.57,0.04,119.5,62.07,0.12,121.05,67.34
232,117.11,62.98,0.28,117.39,73.11,0.19,126.73,70.64,0.28,125.45,89.64,0.05,122.42,91.77,0.04,129.14,91.53,0.04,119.37,63.79,0.1,120.41,68.91
233,115.37,64.5,0.43,115.24,73.62,0.33,125.09,72.09,0.48,123.88,89.39,0.16,119.28,92.06,0.08,129.54,91.54,0.14,228.43,16.7,0.06,118.57,70.07
234,117.67,71.71,0.21,117.73,81.79,0.08,125.47,77.0,0.08,239.33,25.17,0.08,232.7,25.29,0.05,244.52,25.64,0.04,117.94,72.29,0.21,120.29,76.83
235,119.96,76.35,0.18,118.0,87.48,0.15,125.61,83.25,0.08,239.1,25.02,0.07,126.6,118.89,0.05,244.36,25.71,0.04,119.9,76.45,0.09,121.19,82.36
236,121.43,75.32,0.08,230.23,20.53,0.03,123.38,88.66,0.03,239.38,25.13,0.08,232.48,25.02,0.05,244.47,25.72,0.04,228.79,16.76,0.05,158.35,61.5
237,120.7,96.04,0.1,120.69,85.2,0.09,118.57,88.77,0.14,239.29,25.06,0.07,129.09,76.97,0.06,244.4,25.72,0.04,228.79,16.51,0.05,119.99,90.0
238,119.32,96.68,0.16,122.57,87.26,0.12,118.48,89.98,0.17,239.27,25.18,0.07,128.4,75.05,0.09,113.96,70.43,0.04,228.22,17.34,0.04,120.12,91.31
239,120.02,95.86,0.11,123.39,87.52,0.1,121.91,90.84,0.14,239.26,25.25,0.07,232.52,25.21,0.05,244.47,25.84,0.04,228.1,17.49,0.04,121.77,91.41
240,143.62,10.83,0.03,230.18,20.48,0.03,229.7,16.86,0.01,239.42,25.16,0.08,232.64,25.3,0.05,244.58,25.69,0.04,125.46,105.49,0.04,201.17,16.06
241,79.01,14.52,0.05,83.03,12.59,0.08,79.24,11.81,0.08,239.3,25.08,0.06,232.6,24.93,0.04,244.47,25.78,0.04,127.55,108.47,0.1,80.43,12.98
242,139.21,32.12,0.05,78.93,15.07,0.04,77.72,15.5,0.05,239.48,25.09,0.06,236.19,24.85,0.04,236.36,38.38,0.04,228.76,16.79,0.05,98.62,20.9
243,125.81,97.96,0.13,126.88,117.68,0.07,76.99,18.5,0.07,239.53,24.96,0.07,232.74,24.79,0.04,244.46,25.71,0.04,228.62,16.79,0.07,109.89,78.05
244,138.47,10.8,0.1,136.96,16.52,0.09,76.7,27.37,0.07,239.57,25.03,0.06,236.08,25.03,0.04,236.24,38.44,0.04,228.46,16.84,0.09,117.38,18.23
245,138.77,10.67,0.18,136.08,21.13,0.11,74.93,29.18,0.08,239.37,25.05,0.06,140.06,33.04,0.04,236.31,38.66,0.04,228.67,16.73,0.07,116.59,20.33
246,73.89,34.11,0.09,77.73,25.75,0.11,74.75,33.02,0.12,239.54,25.14,0.06,236.15,25.07,0.04,236.33,38.62,0.04,228.59,16.85,0.07,75.46,30.96
247,73.26,33.38,0.1,76.38,27.52,0.08,72.14,25.99,0.09,239.54,25.34,0.06,107.84,133.09,0.05,236.5,38.43,0.04,130.89,104.59,0.09,73.93,28.96
248,72.68,32.8,0.07,75.22,31.31,0.05,71.19,26.39,0.08,239.55,25.56,0.06,108.55,133.48,0.06,236.55,38.38,0.04,131.75,104.97,0.13,73.03,30.17
249,72.51,32.91,0.06,145.46,155.13,0.05,70.98,29.9,0.07,239.57,25.56,0.06,108.07,133.63,0.07,236.56,38.4,0.04,131.6,104.72,0.12,96.32,72.65
250,72.44,33.73,0.06,74.63,32.2,0.06,70.85,30.44,0.09,239.66,25.62,0.06,108.22,133.9,0.07,236.56,38.63,0.04,132.52,105.32,0.11,72.64,32.12
251,72.83,34.23,0.07,75.2,32.42,0.06,71.01,30.65,0.1,239.67,25.63,0.06,107.93,133.89,0.07,236.58,38.62,0.04,132.47,105.31,0.11,73.01,32.43
252,73.06,35.27,0.07,75.43,33.09,0.08,70.84,31.03,0.11,239.68,25.63,0.07,108.12,133.8,0.07,236.59,38.55,0.04,132.92,106.44,0.1,73.11,33.13
253,73.28,36.17,0.08,75.89,33.76,0.09,70.85,31.13,0.12,239.63,25.66,0.06,108.14,133.79,0.06,236.6,38.47,0.04,133.17,106.66,0.1,73.34,33.69
254,73.1,34.88,0.09,76.53,34.27,0.11,72.27,34.61,0.14,239.57,25.66,0.06,108.72,133.31,0.06,236.59,38.47,0.04,132.83,106.1,0.1,73.97,34.59
255,73.2,35.48,0.1,76.91,34.96,0.13,72.32,35.19,0.16,239.6,25.65,0.06,108.69,133.19,0.06,236.6,38.46,0.04,132.47,105.74,0.1,74.15,35.21
256,73.46,35.88,0.1,77.98,36.53,0.14,72.56,35.47,0.17,239.52,25.64,0.06,110.05,132.69,0.06,236.64,38.5,0.04,132.13,106.23,0.11,74.67,35.96
257,132.75,162.2,0.17,78.3,36.67,0.15,72.87,35.47,0.18,143.28,138.48,0.07,145.62,137.92,0.07,236.69,38.7,0.04,131.56,108.0,0.2,94.64,78.11
258,136.05,155.01,0.14,78.22,36.71,0.17,72.56,35.41,0.19,143.16,139.11,0.06,144.85,138.46,0.06,236.69,38.64,0.04,131.85,107.97,0.18,95.61,75.71
259,73.92,39.12,0.12,78.06,36.88,0.2,72.12,35.58,0.22,79.4,24.13,0.08,80.95,24.87,0.06,236.65,38.58,0.04,131.43,106.14,0.15,74.7,37.19
260,135.31,155.15,0.13,78.17,36.85,0.21,72.0,35.69,0.22,79.41,24.07,0.08,113.44,131.65,0.07,236.66,38.66,0.03,130.84,106.88,0.16,95.16,75.9
261,73.26,38.95,0.12,77.86,36.4,0.21,71.59,34.96,0.21,79.22,23.58,0.07,111.84,132.9,0.08,236.59,38.65,0.03,131.81,107.63,0.15,74.23,36.77
262,134.14,154.39,0.16,76.68,35.26,0.14,72.21,35.01,0.16,143.19,140.6,0.07,111.78,132.09,0.07,236.58,38.63,0.04,131.33,106.13,0.09,94.34,74.89
263,137.25,166.28,0.22,76.47,35.31,0.13,134.71,158.19,0.21,141.08,140.0,0.05,111.85,136.37,0.07,236.71,38.86,0.04,130.74,107.61,0.18,116.14,119.92
264,136.74,169.94,0.27,77.18,36.6,0.17,131.23,159.06,0.21,135.97,126.67,0.07,113.35,136.64,0.09,236.77,39.05,0.03,129.65,106.81,0.08,115.05,121.87
265,134.86,170.87,0.3,136.77,162.34,0.25,129.52,159.57,0.29,134.29,127.81,0.08,117.01,130.71,0.09,71.97,22.8,0.03,128.79,109.03,0.15,133.72,164.26
266,133.49,170.04,0.25,135.9,161.58,0.21,128.63,158.92,0.27,79.96,25.2,0.1,117.73,130.83,0.09,75.87,19.35,0.05,127.89,111.03,0.2,132.67,163.51
267,133.59,170.32,0.22,77.68,36.95,0.2,128.97,159.43,0.24,80.18,25.46,0.09,117.15,130.99,0.08,72.23,22.9,0.05,128.0,111.26,0.18,113.42,122.23
268,133.86,170.47,0.2,77.78,36.14,0.18,129.11,159.7,0.2,80.13,25.53,0.07,113.61,135.99,0.09,72.24,23.35,0.04,128.28,111.22,0.15,113.58,122.1
269,135.8,167.59,0.15,77.87,34.5,0.11,129.68,159.73,0.12,79.99,25.95,0.06,111.96,136.32,0.1,72.27,24.49,0.04,128.21,110.01,0.14,114.45,120.61
270,134.31,170.39,0.25,134.97,161.9,0.16,127.85,162.07,0.2,109.68,148.76,0.05,112.14,135.39,0.12,236.64,39.1,0.03,117.46,110.36,0.07,132.38,164.79
271,133.46,167.83,0.31,133.33,161.05,0.2,123.04,162.43,0.25,109.43,148.61,0.06,113.55,129.72,0.13,236.5,39.08,0.03,116.07,109.58,0.06,129.94,163.77
272,118.4,132.04,0.34,116.37,139.44,0.1,123.85,136.34,0.13,239.41,24.93,0.06,232.81,24.67,0.04,236.65,38.54,0.04,228.61,16.55,0.08,119.54,135.94
273,137.91,11.05,0.1,136.45,16.45,0.08,76.13,27.54,0.06,239.38,25.09,0.06,108.15,139.8,0.04,110.09,129.52,0.05,228.57,16.67,0.09,116.83,18.35
274,132.04,19.01,0.03,83.97,15.26,0.03,78.39,14.53,0.03,239.33,25.14,0.07,232.64,24.89,0.05,244.45,25.78,0.04,228.73,16.65,0.04,98.13,16.26
275,130.97,18.03,0.03,122.38,91.07,0.03,123.13,91.85,0.04,239.23,25.13,0.06,232.68,24.93,0.04,244.42,25.8,0.03,228.74,16.39,0.04,125.49,66.98
276,121.29,84.76,0.09,120.27,86.24,0.03,116.25,91.82,0.08,239.28,25.22,0.06,119.7,80.85,0.04,244.44,25.83,0.03,118.78,78.87,0.07,119.27,87.61
277,120.64,84.92,0.12,118.17,92.5,0.03,116.29,91.49,0.09,239.25,25.19,0.06,119.41,81.64,0.05,244.4,25.83,0.03,118.07,78.75,0.09,118.37,89.64
278,119.81,85.56,0.17,123.59,111.14,0.03,116.79,91.37,0.07,239.23,25.19,0.05,119.69,83.85,0.05,237.29,38.84,0.03,117.41,79.88,0.13,120.06,96.02
279,120.11,85.25,0.17,123.73,110.82,0.03,116.6,91.14,0.09,239.21,25.18,0.05,118.98,82.67,0.06,237.24,38.92,0.03,117.13,79.43,0.1,120.15,95.74
280,121.22,85.96,0.11,118.22,92.07,0.05,115.57,91.48,0.12,239.31,25.18,0.06,117.11,78.78,0.05,237.22,39.02,0.03,228.8,16.16,0.03,118.34,89.84
281,120.13,96.67,0.09,117.92,91.8,0.06,114.84,91.74,0.13,239.32,25.17,0.06,232.74,25.17,0.04,237.17,39.06,0.03,228.8,16.16,0.03,117.63,93.4
282,120.34,85.52,0.13,117.88,91.93,0.05,115.71,90.85,0.12,239.32,25.24,0.05,118.75,80.7,0.05,130.66,108.24,0.03,116.97,79.16,0.03,117.98,89.44
283,118.85,84.88,0.19,120.67,98.99,0.07,116.69,90.59,0.1,126.01,104.69,0.05,120.1,83.7,0.06,130.67,112.71,0.04,116.4,79.98,0.12,118.74,91.49
284,118.87,84.68,0.19,120.4,98.88,0.08,116.8,90.52,0.1,126.07,105.04,0.06,124.87,111.15,0.06,130.83,112.88,0.04,116.41,80.09,0.13,118.69,91.36
285,118.32,84.29,0.2,120.14,98.68,0.09,117.33,90.43,0.09,125.98,105.31,0.05,124.81,111.35,0.06,130.85,112.95,0.04,116.23,80.45,0.16,118.59,91.13
286,119.14,84.4,0.19,120.56,98.94,0.07,117.76,90.39,0.11,126.19,105.14,0.05,125.05,111.17,0.06,131.14,112.92,0.04,116.57,79.81,0.14,119.15,91.24
287,119.87,84.18,0.17,124.29,111.25,0.03,117.48,91.45,0.1,239.13,25.06,0.05,126.19,116.97,0.06,237.03,38.98,0.03,118.79,80.38,0.15,120.55,95.62
288,137.52,7.91,0.19,135.21,13.82,0.1,143.65,14.11,0.07,239.2,25.11,0.06,232.61,24.7,0.04,244.39,25.87,0.03,228.73,16.55,0.04,138.79,11.95
289,138.33,8.62,0.16,136.5,14.3,0.12,143.89,14.79,0.06,239.23,25.1,0.06,232.65,24.63,0.04,244.35,25.89,0.03,228.85,16.63,0.06,139.57,12.57
290,138.09,9.23,0.26,136.72,16.46,0.18,142.95,15.42,0.1,239.2,24.9,0.05,107.09,132.14,0.04,244.24,25.84,0.03,228.82,16.32,0.09,139.26,13.7
291,138.91,10.34,0.2,137.36,16.61,0.13,143.02,15.41,0.07,239.33,25.08,0.06,232.74,24.75,0.04,244.35,25.87,0.03,228.84,16.7,0.06,139.76,14.12
292,138.62,10.4,0.33,136.77,18.74,0.19,124.64,88.96,0.18,147.98,25.9,0.03,141.07,31.6,0.03,237.02,39.26,0.03,120.93,80.88,0.15,133.34,39.37
293,117.2,84.47,0.35,117.06,95.02,0.34,124.7,92.53,0.47,123.51,101.1,0.17,121.85,100.49,0.1,127.27,106.06,0.18,117.28,81.98,0.23,119.65,90.67
294,117.08,83.92,0.36,115.73,96.21,0.37,124.19,94.8,0.48,123.35,102.28,0.23,122.9,101.81,0.17,123.79,101.06,0.15,116.92,82.37,0.32,119.0,91.64
295,116.55,85.79,0.46,117.35,97.93,0.42,123.16,96.81,0.48,122.52,102.73,0.26,123.04,102.62,0.22,124.19,104.54,0.18,116.46,82.6,0.4,119.02,93.51
296,116.29,88.41,0.44,117.98,101.56,0.48,121.76,101.78,0.49,121.44,102.92,0.26,123.35,103.14,0.24,122.45,104.14,0.25,115.89,84.97,0.38,118.68,97.25
297,117.31,87.16,0.43,118.14,103.53,0.45,123.19,103.16,0.52,119.21,104.51,0.19,123.53,105.57,0.18,123.15,107.7,0.17,115.81,87.97,0.39,119.55,97.95
298,117.15,96.75,0.43,116.68,107.69,0.39,124.2,106.99,0.59,123.82,115.58,0.18,123.79,113.83,0.11,126.05,114.43,0.15,117.18,91.58,0.34,119.34,103.81
299,119.02,95.96,0.53,117.29,109.54,0.39,124.22,110.16,0.57,122.83,118.64,0.21,121.15,118.29,0.16,126.31,121.52,0.21,118.23,95.04,0.18,120.18,105.22
300,119.07,98.41,0.45,116.89,116.01,0.31,122.3,115.2,0.45,121.52,119.72,0.26,123.74,119.78,0.22,126.53,123.49,0.28,117.55,99.33,0.33,119.42,109.88
301,115.66,104.45,0.28,118.16,128.71,0.26,121.96,122.79,0.42,121.76,129.23,0.17,124.41,123.15,0.14,121.14,124.52,0.15,116.02,104.53,0.46,118.6,118.65
302,117.1,111.19,0.43,117.19,131.29,0.28,120.67,128.56,0.41,120.57,132.49,0.29,122.63,132.82,0.25,118.62,131.31,0.2,117.34,112.12,0.31,118.32,123.68
303,118.77,115.2,0.4,116.33,132.31,0.21,122.77,128.55,0.29,121.39,135.73,0.13,122.95,136.38,0.1,127.32,140.15,0.1,118.0,116.68,0.24,119.29,125.35
304,117.56,121.32,0.36,117.41,135.18,0.2,123.11,136.08,0.36,122.4,144.68,0.11,120.0,145.05,0.05,125.78,145.05,0.1,118.43,123.85,0.18,119.36,130.86
305,116.33,128.19,0.37,117.99,145.36,0.18,121.59,141.24,0.22,118.2,143.28,0.12,118.56,142.78,0.11,127.68,152.0,0.1,118.82,127.79,0.24,118.64,138.26
306,117.76,130.8,0.21,118.39,146.32,0.13,116.46,151.19,0.09,130.3,147.54,0.07,126.43,147.44,0.05,135.14,148.87,0.06,119.03,130.58,0.11,117.54,142.77
307,118.91,135.47,0.25,117.61,151.31,0.16,122.26,152.05,0.12,123.19,151.3,0.07,122.47,152.56,0.06,236.87,40.27,0.03,119.75,135.72,0.07,119.59,146.28
308,114.48,165.29,0.32,121.15,158.95,0.19,117.33,153.98,0.18,121.28,149.74,0.16,122.87,149.81,0.16,115.93,144.54,0.14,119.86,136.91,0.2,117.65,159.41
309,113.48,164.65,0.4,121.44,159.73,0.34,116.54,154.22,0.25,122.75,150.37,0.21,123.78,150.29,0.24,115.86,143.92,0.23,118.41,141.28,0.19,117.15,159.53
310,113.12,164.2,0.43,121.64,159.76,0.37,116.45,153.96,0.25,122.9,150.43,0.22,124.08,150.6,0.24,115.5,143.78,0.26,118.43,141.55,0.17,117.07,159.31
311,112.69,164.38,0.45,121.41,160.2,0.41,116.15,154.12,0.28,122.86,151.06,0.23,124.37,151.61,0.25,115.06,144.3,0.29,118.39,141.43,0.19,116.75,159.57
312,112.33,164.87,0.44,121.22,160.21,0.39,116.19,154.12,0.27,123.2,151.03,0.21,124.44,151.43,0.23,115.38,143.91,0.28,118.38,141.8,0.15,116.58,159.73
313,112.5,164.86,0.42,121.29,160.1,0.36,116.58,153.96,0.25,123.62,151.08,0.19,124.45,151.23,0.21,115.81,143.49,0.24,118.48,142.2,0.11,116.79,159.64
314,112.37,165.0,0.45,121.28,160.21,0.4,116.28,154.11,0.27,123.71,151.17,0.2,124.86,151.72,0.21,115.79,143.51,0.24,118.5,142.27,0.1,116.64,159.77
315,112.28,165.42,0.48,121.22,160.48,0.43,115.85,154.4,0.29,123.57,151.21,0.21,125.09,152.15,0.22,115.73,142.41,0.28,118.58,142.2,0.13,116.45,160.1
316,112.28,165.75,0.49,121.33,160.67,0.44,115.73,154.49,0.29,123.95,150.96,0.2,125.44,151.92,0.21,115.86,142.22,0.27,118.82,142.59,0.11,116.45,160.3
317,112.8,165.95,0.49,121.53,160.77,0.43,116.0,154.58,0.28,124.41,150.93,0.19,125.66,151.79,0.2,115.93,142.23,0.27,119.03,142.9,0.11,116.78,160.43
318,113.18,166.24,0.49,121.59,161.0,0.41,116.39,154.81,0.26,125.04,151.28,0.16,125.78,151.97,0.17,116.31,142.6,0.26,119.32,143.03,0.09,117.05,160.68
319,112.98,166.62,0.51,121.37,161.33,0.45,116.31,155.07,0.28,127.58,152.67,0.18,128.91,158.6,0.19,116.27,143.35,0.27,119.46,143.1,0.08,116.89,161.01
320,112.51,166.75,0.53,121.16,161.54,0.51,115.91,155.36,0.33,127.54,152.93,0.23,128.79,158.73,0.22,116.2,143.81,0.28,119.52,143.08,0.1,116.53,161.22
321,111.98,167.44,0.55,120.36,162.07,0.57,114.84,157.66,0.38,126.48,153.49,0.29,127.78,156.94,0.24,115.57,144.85,0.3,118.93,142.29,0.18,115.73,162.39
322,111.72,168.1,0.55,119.34,162.77,0.56,114.52,158.41,0.39,125.65,154.4,0.3,126.88,157.62,0.24,115.1,145.76,0.29,118.44,141.55,0.23,115.19,163.09
323,111.75,168.34,0.53,118.83,163.0,0.53,114.6,158.74,0.4,124.92,155.29,0.31,126.33,158.42,0.24,114.52,146.3,0.28,118.25,140.95,0.27,115.06,163.36
324,112.34,168.35,0.52,119.12,162.61,0.5,115.0,158.66,0.39,125.0,155.51,0.29,126.19,158.09,0.23,114.5,146.68,0.29,118.31,140.86,0.29,115.49,163.2
325,112.47,168.28,0.52,119.26,162.39,0.49,115.1,158.44,0.39,125.13,155.3,0.29,126.23,157.86,0.23,114.58,146.72,0.28,118.27,141.03,0.28,115.61,163.04
326,112.78,168.04,0.52,119.15,161.9,0.46,115.49,158.11,0.37,125.28,155.25,0.25,125.89,157.6,0.2,114.61,146.65,0.27,118.11,141.29,0.26,115.81,162.68
327,113.07,167.54,0.51,119.17,162.76,0.41,116.01,157.49,0.32,125.55,155.07,0.19,125.83,159.12,0.16,114.8,146.24,0.25,117.99,141.62,0.23,116.09,162.6
328,113.8,167.4,0.49,119.18,162.32,0.38,112.81,160.64,0.29,125.41,154.88,0.16,122.28,155.64,0.14,114.45,145.73,0.23,117.84,141.44,0.24,115.26,163.45
329,115.19,166.69,0.51,119.89,160.67,0.43,116.53,157.85,0.3,125.02,154.37,0.16,122.82,154.85,0.18,114.24,145.67,0.21,118.04,142.1,0.31,117.2,161.73
330,117.71,166.5,0.48,122.04,161.58,0.34,115.64,161.41,0.27,121.29,151.21,0.12,122.27,153.31,0.12,115.32,146.4,0.17,118.89,142.59,0.29,118.46,163.16
331,119.24,165.92,0.41,122.69,161.13,0.3,121.51,154.59,0.27,121.96,150.92,0.11,121.51,152.93,0.11,115.92,146.29,0.14,119.25,143.13,0.22,121.15,160.55
332,120.1,165.01,0.46,122.38,160.6,0.35,121.95,154.3,0.37,120.36,152.27,0.2,123.27,152.77,0.21,113.86,148.07,0.21,118.07,140.93,0.34,121.48,159.97
333,120.93,164.54,0.48,122.51,160.28,0.35,122.2,155.2,0.39,119.93,151.82,0.22,122.93,152.1,0.24,113.78,148.17,0.2,117.69,141.22,0.35,121.88,160.01
334,121.53,164.21,0.48,122.44,159.92,0.33,119.51,157.4,0.37,119.95,151.6,0.2,123.56,151.32,0.24,113.75,147.99,0.19,116.86,142.25,0.3,121.16,160.51
335,122.15,163.98,0.51,118.51,152.53,0.35,119.99,157.66,0.39,120.36,150.91,0.16,123.8,150.03,0.21,114.67,147.41,0.16,116.78,143.67,0.19,120.22,158.06
336,122.05,163.69,0.47,118.06,152.78,0.41,121.9,155.78,0.42,121.09,151.18,0.11,118.95,152.54,0.14,115.89,147.51,0.13,117.45,143.71,0.13,120.67,157.42
337,122.1,163.56,0.41,117.31,152.75,0.42,122.49,156.69,0.4,127.91,159.27,0.08,118.18,153.16,0.11,133.41,158.05,0.15,115.31,139.24,0.07,120.63,157.67
338,122.08,163.94,0.42,116.46,152.72,0.48,122.85,157.25,0.44,117.51,158.78,0.1,114.63,158.85,0.15,133.03,157.72,0.21,116.77,143.0,0.08,120.46,157.97
339,122.13,163.91,0.44,116.28,152.67,0.48,122.37,157.73,0.47,116.52,158.35,0.13,114.09,158.3,0.16,132.8,158.12,0.19,116.7,142.78,0.1,120.26,158.1
340,121.64,163.76,0.4,116.17,152.2,0.48,121.52,157.2,0.43,115.87,157.52,0.15,113.96,157.15,0.16,132.39,157.64,0.18,116.08,142.42,0.09,119.78,157.72
341,121.49,164.2,0.4,116.16,151.77,0.49,121.0,156.49,0.42,115.49,157.3,0.17,113.66,156.87,0.18,131.83,157.69,0.16,116.2,142.29,0.1,119.55,157.48
342,121.26,164.44,0.38,116.65,151.31,0.45,120.47,155.98,0.37,117.52,156.94,0.17,116.42,152.93,0.17,125.55,157.45,0.16,114.5,143.24,0.1,119.46,157.24
343,121.52,165.24,0.37,116.14,151.37,0.43,120.89,156.25,0.36,117.47,157.56,0.15,116.42,153.48,0.15,125.83,157.73,0.16,116.15,141.9,0.11,119.52,157.62
344,121.64,165.93,0.36,116.01,150.95,0.39,120.98,155.58,0.36,119.05,158.61,0.16,116.43,153.66,0.14,126.38,158.03,0.18,118.22,167.17,0.11,119.54,157.48
345,121.37,166.4,0.38,115.88,151.1,0.36,121.19,155.59,0.37,119.37,159.35,0.17,114.52,158.41,0.13,126.98,158.46,0.19,116.09,141.79,0.12,119.48,157.7
346,120.96,166.98,0.4,115.67,159.95,0.33,121.38,157.26,0.36,120.33,160.82,0.14,116.68,154.34,0.12,123.46,163.86,0.18,116.07,142.57,0.14,119.34,161.4
347,117.88,150.56,0.42,115.37,160.69,0.37,122.27,157.76,0.38,120.08,162.25,0.17,114.22,158.72,0.15,123.11,163.54,0.21,116.05,143.79,0.13,118.51,156.34
348,117.5,149.09,0.5,114.08,156.44,0.37,123.11,156.61,0.46,119.31,163.76,0.21,113.56,159.48,0.15,123.08,164.03,0.26,115.75,145.01,0.14,118.23,154.05
349,118.12,149.37,0.54,114.34,157.2,0.41,123.89,157.52,0.45,120.03,164.68,0.18,114.04,161.73,0.18,124.09,164.53,0.24,116.42,146.0,0.1,118.78,154.7
350,119.08,149.94,0.4,115.91,158.12,0.31,123.85,158.32,0.32,120.87,165.33,0.12,114.63,163.69,0.1,125.53,166.58,0.19,120.05,172.87,0.05,119.61,155.46
351,116.84,151.06,0.22,124.3,165.08,0.19,121.7,165.99,0.18,117.71,162.72,0.04,116.15,162.85,0.05,126.72,165.56,0.1,129.42,24.91,0.12,120.95,160.71
352,123.11,171.45,0.22,125.62,166.55,0.21,122.13,166.44,0.2,126.2,163.46,0.03,132.54,133.54,0.04,128.58,165.05,0.08,119.89,168.89,0.14,123.62,168.15
353,122.51,172.41,0.18,126.6,167.72,0.17,118.38,165.19,0.2,230.4,136.63,0.02,128.74,152.14,0.05,141.76,146.64,0.1,120.72,168.57,0.11,122.5,168.44
354,120.97,171.95,0.22,128.76,167.78,0.2,117.98,165.75,0.23,149.95,33.01,0.02,130.43,151.0,0.04,135.49,146.15,0.14,128.33,19.69,0.1,122.57,168.49
355,120.88,171.05,0.15,121.9,167.44,0.16,118.15,166.04,0.2,150.09,32.85,0.03,115.17,138.21,0.03,142.46,146.22,0.09,128.47,20.25,0.1,120.31,168.18
356,120.69,170.33,0.26,122.5,166.31,0.21,119.02,164.96,0.23,162.36,29.86,0.03,222.04,138.35,0.04,141.69,146.15,0.09,129.5,16.0,0.11,120.74,167.2
357,120.53,169.08,0.35,121.77,165.82,0.25,118.88,164.71,0.25,163.45,29.84,0.03,221.6,137.91,0.06,140.51,145.36,0.06,122.11,164.35,0.04,120.39,166.53
358,121.3,167.34,0.37,123.57,164.44,0.26,119.65,164.61,0.24,224.89,137.28,0.04,221.12,137.93,0.07,243.34,123.91,0.02,128.56,153.13,0.04,121.51,165.46
359,121.93,166.41,0.39,123.23,163.78,0.27,119.72,164.48,0.25,130.0,165.77,0.02,220.97,137.94,0.04,100.78,165.79,0.03,121.74,162.41,0.04,121.62,164.89
360,121.99,165.7,0.4,123.23,163.45,0.27,119.9,164.12,0.24,224.24,137.43,0.03,221.08,137.92,0.05,100.85,165.93,0.03,121.82,162.16,0.04,121.71,164.42
361,122.05,164.22,0.34,122.56,163.2,0.26,122.46,163.75,0.25,114.65,157.22,0.04,220.94,137.93,0.06,101.06,166.09,0.03,121.43,161.85,0.05,122.36,163.72
362,122.58,161.33,0.32,121.35,162.33,0.25,122.7,163.5,0.24,114.37,157.32,0.05,221.11,138.05,0.07,101.14,166.19,0.03,121.43,161.79,0.05,122.21,162.39
363,122.62,160.72,0.34,121.07,161.85,0.25,123.52,162.26,0.24,114.11,157.42,0.06,220.93,138.17,0.08,112.42,157.84,0.04,121.64,161.97,0.04,122.4,161.61
364,122.68,160.5,0.35,120.94,161.67,0.25,123.56,162.22,0.25,113.9,157.55,0.06,221.03,138.27,0.06,112.34,158.07,0.04,121.72,162.15,0.04,122.39,161.46
365,122.52,159.85,0.38,119.9,161.28,0.26,123.47,161.95,0.27,113.69,157.85,0.08,118.76,157.74,0.06,112.37,158.44,0.06,125.0,163.8,0.04,121.96,161.03
366,122.29,159.45,0.39,120.83,160.58,0.26,123.42,161.66,0.26,113.68,157.95,0.07,118.69,157.78,0.06,102.26,166.42,0.05,125.08,163.66,0.04,122.18,160.56
367,122.15,159.14,0.37,120.81,160.45,0.25,123.43,161.51,0.25,124.64,169.06,0.06,118.78,157.95,0.05,129.99,170.27,0.05,125.11,163.06,0.05,122.13,160.37
368,122.03,158.98,0.37,120.77,160.37,0.25,123.4,161.43,0.24,124.69,169.22,0.07,221.19,138.6,0.04,130.09,170.33,0.06,125.12,162.9,0.05,122.06,160.26
369,121.86,158.6,0.36,120.58,160.18,0.26,123.38,161.28,0.24,124.64,169.39,0.07,121.01,168.63,0.05,130.09,170.44,0.06,125.2,162.59,0.06,121.94,160.02
370,121.73,158.53,0.34,120.66,160.12,0.25,123.39,161.17,0.22,124.95,169.35,0.07,121.32,168.65,0.05,130.24,170.29,0.06,125.36,162.21,0.06,121.93,159.94
371,121.67,158.53,0.35,120.67,160.12,0.25,123.36,161.14,0.22,125.03,169.27,0.07,121.45,168.55,0.05,130.21,170.15,0.06,125.35,162.09,0.06,121.9,159.93
372,121.79,158.71,0.36,120.74,160.16,0.26,123.34,161.22,0.24,124.97,169.14,0.07,121.4,168.32,0.04,102.24,166.62,0.05,125.31,162.25,0.06,121.96,160.03
373,121.8,158.84,0.36,120.84,160.21,0.26,123.39,161.2,0.23,125.22,169.0,0.06,121.71,168.16,0.04,102.13,166.6,0.05,125.38,162.2,0.06,122.01,160.08
374,121.02,160.2,0.36,121.16,160.52,0.24,123.38,161.41,0.22,125.33,168.65,0.05,221.14,138.83,0.04,101.85,166.48,0.05,125.38,162.34,0.06,121.86,160.71
375,121.67,162.28,0.31,121.9,162.51,0.2,123.54,161.87,0.18,125.54,167.71,0.03,221.11,138.67,0.05,100.89,166.49,0.03,125.7,162.19,0.06,122.37,162.22
376,121.88,162.42,0.32,121.73,162.49,0.22,122.71,162.97,0.22,125.12,167.62,0.03,221.18,138.7,0.05,101.09,166.37,0.03,125.42,162.59,0.05,122.11,162.63
377,121.93,162.62,0.33,121.73,162.58,0.23,122.66,163.13,0.23,125.04,167.52,0.02,221.08,138.57,0.05,101.09,166.3,0.03,121.8,161.82,0.05,122.11,162.77
378,121.83,162.37,0.31,121.49,162.54,0.23,122.7,163.02,0.23,124.9,167.74,0.03,220.87,138.43,0.04,129.8,169.28,0.03,121.73,161.79,0.05,122.01,162.64
379,122.39,160.1,0.31,120.63,161.72,0.23,122.83,162.73,0.23,114.28,157.53,0.05,220.67,137.98,0.04,129.75,169.57,0.04,121.62,161.82,0.05,121.95,161.52
380,122.37,159.89,0.33,120.46,161.54,0.24,123.42,161.9,0.23,114.15,157.56,0.06,220.78,138.38,0.08,129.6,169.46,0.04,124.76,162.74,0.04,122.08,161.11
381,122.28,159.59,0.32,120.21,161.46,0.24,123.54,161.62,0.22,114.24,157.14,0.08,220.29,139.17,0.05,112.71,157.63,0.05,121.53,162.17,0.03,122.01,160.89
382,122.15,159.68,0.34,119.76,161.19,0.26,123.58,161.65,0.24,114.16,157.13,0.09,220.68,139.8,0.07,112.53,157.54,0.05,121.59,162.26,0.03,121.83,160.84
383,122.13,160.32,0.37,119.58,161.22,0.29,123.28,161.73,0.27,113.92,157.13,0.1,114.71,154.8,0.06,112.21,157.65,0.07,121.71,162.52,0.03,121.66,161.09
384,122.11,160.49,0.33,120.1,161.92,0.27,123.19,161.94,0.25,113.85,157.2,0.08,116.67,153.65,0.04,126.19,168.31,0.07,118.95,150.56,0.04,121.8,161.45
385,122.15,160.66,0.33,119.44,161.29,0.28,122.93,161.88,0.26,113.8,157.08,0.08,126.33,166.54,0.04,125.86,167.76,0.07,119.1,150.31,0.05,121.51,161.27
386,121.93,161.18,0.32,120.24,161.97,0.26,122.82,162.08,0.26,124.53,166.51,0.07,126.33,166.66,0.04,126.01,167.68,0.08,119.13,150.42,0.06,121.66,161.74
387,118.91,156.11,0.34,119.63,160.98,0.27,123.71,161.01,0.3,124.73,165.87,0.05,126.7,166.16,0.04,126.12,167.06,0.06,119.41,148.96,0.07,120.75,159.37
388,119.96,154.81,0.26,119.95,162.24,0.28,119.41,164.38,0.26,126.62,165.45,0.04,120.54,156.42,0.06,123.97,165.7,0.05,120.29,147.65,0.18,119.77,160.48
389,120.85,168.87,0.3,119.84,163.07,0.33,118.62,164.92,0.36,121.6,161.25,0.09,121.33,156.91,0.09,118.03,164.2,0.06,120.44,147.37,0.23,119.77,165.62
390,119.02,153.16,0.24,120.59,165.65,0.24,116.46,164.87,0.28,115.75,156.47,0.06,120.38,157.48,0.07,116.49,150.12,0.05,120.67,146.44,0.26,118.69,161.23
391,118.28,169.96,0.32,119.96,165.83,0.33,115.44,164.2,0.34,122.42,161.73,0.08,127.27,164.18,0.06,117.65,163.84,0.05,119.82,145.34,0.24,117.9,166.66
392,117.55,171.81,0.33,120.0,166.11,0.34,115.55,164.24,0.35,122.22,161.56,0.09,127.35,164.41,0.07,117.61,163.88,0.06,119.33,144.99,0.26,117.7,167.39
393,117.57,172.06,0.32,119.94,166.25,0.33,115.54,164.49,0.35,121.88,161.94,0.09,122.81,162.07,0.07,117.51,163.95,0.06,119.29,144.83,0.28,117.68,167.6
394,117.56,172.09,0.32,119.87,166.41,0.33,115.6,164.72,0.35,121.87,162.41,0.09,123.19,162.44,0.07,117.72,164.42,0.05,119.5,144.87,0.28,117.68,167.74
395,117.52,172.12,0.31,119.86,166.48,0.32,115.75,164.82,0.33,122.32,163.1,0.09,124.15,162.75,0.07,118.13,164.78,0.04,119.65,145.08,0.28,117.71,167.81
396,117.08,172.1,0.31,119.97,166.75,0.31,115.88,164.64,0.3,123.04,163.31,0.07,129.8,167.48,0.07,118.26,164.89,0.04,120.25,144.81,0.32,117.64,167.83
397,116.25,172.03,0.27,119.91,167.29,0.26,116.17,164.6,0.25,116.3,155.5,0.05,130.46,167.75,0.07,118.84,165.65,0.03,120.58,144.88,0.31,117.44,167.97
398,115.55,170.4,0.34,120.19,167.23,0.31,115.81,163.82,0.28,124.14,163.34,0.06,131.01,166.89,0.1,118.77,164.71,0.05,120.66,145.0,0.3,117.18,167.15
399,114.68,169.96,0.36,120.11,167.18,0.31,115.75,163.29,0.28,124.39,162.96,0.08,128.55,166.18,0.12,118.75,164.47,0.06,120.65,144.84,0.27,116.85,166.81
400,113.66,169.29,0.33,119.76,167.06,0.28,115.61,162.78,0.26,127.08,163.87,0.08,128.21,166.14,0.13,118.96,164.7,0.05,120.84,144.79,0.23,116.34,166.38
401,112.83,169.02,0.3,119.92,165.99,0.27,115.44,162.51,0.24,127.14,163.95,0.07,127.94,166.17,0.12,118.35,145.27,0.05,121.26,144.93,0.2,116.06,165.84
402,112.38,168.66,0.24,119.9,165.9,0.24,115.21,162.42,0.2,124.55,162.87,0.06,128.09,166.13,0.11,119.98,146.44,0.06,121.34,143.83,0.19,115.83,165.66
403,111.28,168.49,0.26,119.45,165.84,0.27,114.96,162.09,0.2,125.41,165.14,0.07,127.61,166.1,0.11,119.05,145.22,0.06,121.41,144.22,0.18,115.23,165.47
404,109.84,169.03,0.3,118.67,166.24,0.33,114.08,161.76,0.22,125.58,161.93,0.11,127.44,164.63,0.14,118.99,145.34,0.1,121.32,145.0,0.16,114.2,165.68
405,106.63,169.41,0.26,117.49,166.4,0.3,113.64,162.11,0.17,124.87,166.22,0.09,125.57,166.81,0.14,118.76,145.84,0.09,120.91,145.53,0.13,112.59,165.97
406,103.63,172.28,0.27,115.74,167.71,0.23,114.23,164.5,0.11,123.18,167.43,0.1,123.96,168.52,0.12,118.53,146.77,0.07,120.09,145.93,0.11,111.2,168.16
407,101.93,171.93,0.21,112.97,170.75,0.13,108.83,164.74,0.05,122.44,169.19,0.09,119.68,170.83,0.09,127.01,169.55,0.06,119.58,147.46,0.06,107.91,169.14
408,100.13,169.43,0.16,112.98,165.91,0.08,113.27,165.49,0.03,120.7,170.85,0.05,118.49,171.45,0.04,127.39,171.73,0.03,230.13,14.81,0.03,108.79,166.95
409,99.7,168.59,0.13,113.24,166.56,0.05,115.17,166.27,0.03,120.69,171.4,0.05,118.09,176.06,0.04,127.63,172.05,0.03,229.95,14.92,0.03,109.37,167.14
410,99.14,168.2,0.09,107.65,169.23,0.05,115.29,167.03,0.03,117.82,175.61,0.05,116.75,176.9,0.03,127.08,173.31,0.03,100.32,173.63,0.03,107.36,168.15
411,99.18,168.74,0.11,107.07,169.25,0.07,115.52,167.41,0.06,115.68,176.35,0.06,115.46,181.39,0.05,116.48,182.01,0.04,99.71,173.72,0.07,107.25,168.47
412,114.67,162.11,0.23,105.04,169.55,0.13,115.5,168.22,0.18,113.14,177.81,0.1,107.17,180.01,0.11,115.26,181.02,0.08,98.7,175.11,0.15,111.74,166.63
413,114.13,164.75,0.28,103.26,170.24,0.16,112.18,169.83,0.13,110.97,177.83,0.09,105.62,178.72,0.09,113.79,180.78,0.06,97.37,175.92,0.13,109.86,168.27
414,85.52,172.9,0.21,100.72,172.7,0.08,92.89,168.37,0.03,110.81,178.28,0.06,107.58,180.31,0.06,112.99,183.25,0.02,95.12,175.89,0.08,93.04,171.32
415,83.29,172.79,0.25,91.87,174.29,0.1,91.5,168.35,0.08,107.66,178.05,0.08,105.53,180.24,0.08,110.9,176.09,0.05,93.64,175.97,0.05,88.89,171.81
416,80.74,172.73,0.2,90.6,174.09,0.15,90.54,168.24,0.09,105.35,177.58,0.04,91.77,179.74,0.05,89.27,170.75,0.02,93.24,176.2,0.03,87.3,171.68
417,80.67,171.75,0.18,89.83,173.53,0.18,90.08,168.33,0.08,101.79,175.49,0.04,90.4,178.98,0.05,106.41,171.26,0.02,92.61,174.74,0.03,86.86,171.2
418,80.16,171.16,0.18,89.34,172.93,0.17,100.41,172.46,0.07,102.36,172.19,0.03,89.25,177.98,0.04,87.15,168.82,0.02,92.5,175.64,0.03,89.97,172.18
419,99.78,171.08,0.16,87.48,172.83,0.15,88.43,168.36,0.06,101.79,171.81,0.02,84.99,178.83,0.04,228.73,139.55,0.02,82.46,176.51,0.04,91.9,170.76
420,98.64,171.7,0.19,86.45,172.38,0.09,98.41,174.11,0.06,222.98,140.54,0.02,83.77,178.02,0.03,228.63,139.56,0.02,221.69,24.88,0.04,94.5,172.73
421,98.56,171.83,0.12,95.91,172.36,0.03,99.04,174.23,0.04,223.14,140.55,0.03,221.13,141.31,0.03,156.67,113.45,0.03,221.38,25.54,0.03,97.84,172.81
422,78.71,168.43,0.04,26.53,236.75,0.01,98.55,173.73,0.02,147.23,112.57,0.03,221.19,141.23,0.03,156.54,113.43,0.04,221.04,25.85,0.04,67.93,192.97
423,205.56,90.48,0.03,26.51,236.79,0.01,153.1,97.59,0.02,147.27,112.76,0.03,221.32,141.39,0.03,156.49,113.64,0.05,213.1,184.36,0.03,128.39,141.62
424,204.76,90.36,0.04,151.29,139.57,0.01,97.39,173.96,0.02,223.41,140.33,0.03,221.49,141.32,0.04,229.29,199.42,0.03,213.02,184.23,0.03,151.15,134.63
425,81.19,168.97,0.11,84.84,173.96,0.01,96.36,173.43,0.02,83.2,182.76,0.01,76.29,178.78,0.02,229.04,200.24,0.02,225.77,16.35,0.03,87.46,172.12
426,81.08,168.84,0.11,84.65,173.83,0.01,96.49,173.24,0.02,235.59,31.41,0.01,76.24,178.91,0.02,234.54,39.38,0.04,80.54,172.0,0.02,87.41,171.97
427,80.51,168.79,0.12,176.77,16.55,0.04,175.58,17.02,0.05,175.98,12.83,0.02,75.97,178.91,0.02,235.78,40.09,0.02,79.76,174.11,0.02,144.29,67.45
428,81.18,168.94,0.1,228.63,23.86,0.02,92.79,172.49,0.03,238.21,25.2,0.03,75.76,178.78,0.02,161.86,126.21,0.03,79.94,172.17,0.02,134.2,121.76
429,160.41,30.7,0.11,163.93,33.62,0.03,162.45,29.69,0.06,238.52,25.14,0.06,231.91,25.02,0.04,243.97,19.22,0.03,79.84,172.1,0.02,162.27,31.33
430,153.34,30.41,0.06,157.17,34.63,0.04,156.45,38.78,0.05,239.17,25.18,0.07,232.19,25.24,0.05,244.52,25.75,0.04,229.0,16.25,0.03,155.66,34.61
431,122.73,83.44,0.07,117.28,101.11,0.03,142.42,113.01,0.02,239.17,24.96,0.06,130.38,120.52,0.04,154.43,125.12,0.05,228.65,16.13,0.04,127.48,99.19
432,68.74,13.92,0.09,76.78,14.74,0.07,82.32,11.89,0.04,238.95,24.9,0.04,232.42,24.59,0.03,236.66,38.74,0.04,228.08,16.57,0.06,75.95,13.51
433,203.56,90.4,0.04,127.25,152.83,0.07,72.58,16.23,0.01,239.04,25.08,0.04,232.38,24.76,0.03,236.62,38.57,0.04,228.0,16.84,0.06,134.46,86.49
434,79.35,22.77,0.12,125.02,152.25,0.08,86.58,19.61,0.12,239.25,25.26,0.04,107.55,138.69,0.04,236.72,38.66,0.04,227.95,17.15,0.06,96.98,64.88
435,81.59,25.27,0.07,125.27,153.22,0.1,78.17,29.09,0.04,132.9,140.54,0.04,132.59,147.59,0.03,236.89,38.92,0.04,228.71,16.52,0.04,95.01,69.19
436,77.48,35.05,0.13,79.69,39.02,0.06,82.74,34.97,0.14,91.66,36.52,0.04,90.97,42.36,0.05,237.11,39.01,0.03,228.95,16.44,0.05,79.97,36.35
437,76.52,37.22,0.11,77.72,52.53,0.1,82.13,35.75,0.08,99.23,52.33,0.03,122.85,162.29,0.04,237.09,38.95,0.03,228.9,16.32,0.05,78.79,41.83
438,74.17,48.16,0.16,81.06,53.37,0.15,83.56,34.8,0.09,108.86,47.5,0.1,98.26,53.01,0.08,108.22,33.13,0.08,228.88,16.58,0.04,79.6,45.44
439,77.89,31.33,0.15,81.26,53.02,0.11,84.65,34.43,0.16,105.14,50.85,0.1,96.04,51.14,0.07,108.73,56.66,0.09,228.39,17.31,0.05,81.27,39.59
440,74.22,47.76,0.14,80.74,53.52,0.14,83.49,34.6,0.07,106.3,51.08,0.07,97.49,52.97,0.07,107.87,33.5,0.06,228.91,16.47,0.05,79.48,45.29
441,74.64,37.26,0.15,77.09,50.83,0.08,81.0,35.13,0.13,223.63,140.56,0.04,91.59,44.35,0.05,237.18,39.0,0.03,228.95,16.78,0.07,77.57,41.08
442,72.12,35.48,0.18,80.12,37.95,0.16,81.32,33.49,0.16,92.89,35.79,0.06,92.35,41.89,0.05,93.49,30.72,0.03,228.96,16.94,0.07,77.85,35.64
443,67.68,18.41,0.06,79.34,29.54,0.06,76.41,28.34,0.06,238.92,24.86,0.02,107.01,164.84,0.03,236.57,38.96,0.03,228.9,16.35,0.06,74.48,25.43
444,74.2,18.96,0.09,79.65,18.56,0.06,83.75,17.84,0.06,245.21,13.5,0.02,237.32,7.7,0.02,236.6,39.19,0.03,228.96,15.69,0.05,79.2,18.45
445,83.6,167.26,0.32,82.63,152.01,0.16,80.28,154.7,0.25,95.27,131.81,0.03,89.55,130.2,0.07,236.47,39.48,0.02,228.49,16.1,0.04,82.17,157.99
446,137.48,8.43,0.14,136.2,13.95,0.14,140.82,13.57,0.06,223.34,140.03,0.06,220.39,141.62,0.08,241.1,16.5,0.03,228.49,16.56,0.12,138.17,11.98
447,206.65,101.88,0.06,216.45,136.39,0.03,232.4,14.5,0.02,223.69,139.96,0.07,220.35,141.52,0.1,241.22,16.32,0.03,228.63,16.85,0.1,218.5,84.26
448,205.92,100.87,0.05,133.04,153.43,0.04,232.16,14.66,0.02,224.13,139.95,0.06,220.66,141.11,0.08,241.1,16.32,0.04,228.44,17.05,0.09,190.37,89.65
449,110.19,35.34,0.06,104.96,155.11,0.06,151.83,107.44,0.02,224.04,140.21,0.05,220.82,140.89,0.07,109.37,127.78,0.05,228.41,16.83,0.09,122.33,99.3
450,114.97,37.87,0.06,105.28,155.08,0.04,152.2,106.97,0.02,139.68,32.89,0.04,221.08,140.78,0.05,240.95,16.4,0.03,228.45,16.55,0.1,124.15,99.97
451,117.35,37.97,0.08,125.22,35.53,0.05,116.88,27.07,0.07,140.73,31.72,0.09,138.05,33.23,0.07,142.18,28.94,0.05,228.52,16.58,0.1,119.81,33.52
452,121.9,37.23,0.04,132.35,31.62,0.05,114.49,30.26,0.06,143.65,29.11,0.06,140.72,30.51,0.04,144.51,27.17,0.04,228.75,16.49,0.1,122.91,33.04
453,203.55,90.08,0.02,104.78,154.67,0.05,152.26,98.69,0.02,146.98,127.12,0.04,221.41,140.43,0.03,241.26,16.14,0.03,228.86,16.47,0.1,153.53,114.48
454,133.74,34.08,0.02,138.08,31.1,0.07,78.12,13.37,0.02,149.91,31.07,0.04,151.99,35.9,0.03,149.41,22.25,0.03,228.91,16.51,0.09,116.64,26.19
455,135.28,29.09,0.1,137.98,31.08,0.15,139.55,28.57,0.09,149.91,32.52,0.05,151.29,36.66,0.04,149.85,22.87,0.05,228.93,16.56,0.09,137.61,29.58
456,203.48,90.36,0.03,104.87,154.57,0.04,140.72,28.37,0.02,227.59,139.34,0.04,221.17,140.69,0.04,241.26,16.33,0.03,228.83,16.85,0.1,149.69,91.1
457,203.56,90.82,0.03,104.98,154.51,0.04,232.39,14.68,0.02,227.51,139.17,0.04,221.03,140.77,0.06,241.22,16.41,0.03,228.64,17.06,0.11,180.31,86.67
458,203.62,90.91,0.04,105.02,154.5,0.04,232.43,14.68,0.02,235.2,123.99,0.04,221.11,140.78,0.06,241.3,16.45,0.03,228.63,17.09,0.1,180.36,86.69
459,121.58,65.6,0.38,121.38,76.28,0.21,128.49,71.52,0.27,131.25,89.42,0.2,126.95,88.74,0.12,137.25,86.22,0.17,228.22,16.49,0.06,123.81,71.13
460,122.17,84.16,0.32,126.16,82.98,0.2,125.28,77.59,0.21,132.5,89.5,0.08,128.18,87.34,0.07,135.74,90.03,0.07,229.05,15.39,0.04,124.54,81.58
461,125.28,78.56,0.06,71.62,10.81,0.02,129.48,84.46,0.02,239.18,24.82,0.05,236.25,24.38,0.03,243.89,19.16,0.03,228.94,16.55,0.08,108.79,57.95
462,69.22,17.36,0.06,75.41,13.99,0.03,73.06,14.78,0.04,238.83,24.62,0.04,220.83,141.15,0.04,239.79,24.35,0.02,228.99,16.21,0.07,72.56,15.38
463,136.72,7.27,0.31,134.59,14.97,0.25,142.24,13.62,0.14,133.7,90.81,0.05,128.27,92.11,0.04,236.57,38.55,0.03,123.52,67.76,0.16,137.85,11.95
464,121.33,94.71,0.12,126.3,90.81,0.11,129.51,89.68,0.12,81.39,16.48,0.03,134.91,87.51,0.02,236.4,38.7,0.03,229.0,16.08,0.05,125.71,91.73
465,137.87,9.76,0.29,136.15,18.49,0.17,143.7,16.52,0.12,79.34,28.52,0.06,107.96,139.3,0.06,147.36,40.77,0.03,228.65,16.78,0.07,139.24,14.92
466,73.74,41.27,0.11,80.22,40.91,0.13,74.56,39.84,0.12,90.74,30.77,0.12,107.74,133.86,0.08,82.41,25.7,0.05,228.74,16.74,0.05,76.17,40.67
467,80.49,40.45,0.04,80.33,39.09,0.1,75.92,38.97,0.09,98.3,139.08,0.07,107.73,133.31,0.15,236.72,38.95,0.03,110.38,123.48,0.12,78.91,39.51
468,138.15,162.05,0.12,78.65,44.17,0.08,74.09,39.64,0.07,98.37,139.14,0.07,108.0,132.8,0.16,236.74,38.91,0.03,111.6,123.58,0.08,96.96,81.95
469,133.45,168.1,0.18,112.59,158.48,0.08,119.95,164.98,0.11,100.59,133.19,0.08,108.56,132.37,0.2,103.37,163.18,0.04,111.62,128.47,0.05,122.0,163.85
470,138.97,161.96,0.22,108.45,155.24,0.06,120.52,165.83,0.05,99.95,133.28,0.07,107.18,133.43,0.16,104.75,163.79,0.04,228.44,17.33,0.04,122.65,161.01
471,137.47,165.49,0.11,146.0,165.76,0.1,133.23,160.45,0.08,91.58,32.4,0.07,109.5,133.88,0.08,91.41,28.74,0.05,228.4,17.21,0.03,138.9,163.9
472,69.23,39.68,0.11,74.08,38.67,0.15,69.09,33.14,0.1,91.82,33.51,0.16,89.74,37.96,0.12,91.64,28.19,0.12,228.26,17.51,0.05,70.8,37.17
473,69.66,34.72,0.09,74.2,37.13,0.12,70.74,31.24,0.04,91.29,34.17,0.09,88.78,38.53,0.08,92.54,30.57,0.05,228.13,17.64,0.06,71.53,34.36
474,66.11,33.59,0.12,71.85,32.7,0.13,67.95,25.8,0.1,89.65,30.3,0.12,87.5,32.79,0.11,90.72,21.41,0.07,123.22,97.89,0.14,68.64,30.7
475,68.35,25.74,0.14,77.07,33.12,0.06,71.08,18.94,0.12,91.62,18.65,0.08,90.71,25.34,0.07,91.86,13.8,0.07,228.34,17.19,0.07,72.17,25.93
476,70.77,23.08,0.24,76.55,23.12,0.18,74.46,19.31,0.24,93.34,24.29,0.07,91.59,25.65,0.07,93.24,14.49,0.07,228.43,17.26,0.07,73.93,21.84
477,72.89,21.26,0.2,79.22,21.55,0.14,76.63,18.02,0.2,239.48,25.59,0.07,232.76,25.58,0.05,244.11,19.76,0.04,228.54,17.4,0.05,76.25,20.28
478,76.04,20.75,0.18,79.35,22.24,0.11,80.27,18.61,0.16,239.41,25.73,0.06,89.05,23.37,0.04,96.97,15.34,0.04,228.06,17.83,0.04,78.55,20.53
479,72.7,19.5,0.07,79.74,22.76,0.07,83.46,17.8,0.08,239.34,25.77,0.06,232.92,25.7,0.04,96.47,14.64,0.03,228.08,17.7,0.04,78.63,20.02
480,72.37,20.18,0.08,79.74,22.8,0.08,83.07,17.81,0.1,239.36,25.79,0.06,94.05,23.98,0.05,96.35,14.22,0.04,228.12,17.77,0.04,78.4,20.27
481,72.89,21.57,0.1,79.95,22.8,0.1,74.72,18.88,0.13,239.46,25.75,0.07,235.68,26.12,0.05,244.57,26.11,0.04,228.64,17.24,0.04,75.85,21.08
482,74.7,32.17,0.09,77.24,19.81,0.1,71.22,17.97,0.13,239.43,25.65,0.06,107.24,138.39,0.05,244.53,26.11,0.04,228.5,17.13,0.04,74.39,23.31
483,74.3,32.84,0.13,79.19,25.13,0.12,73.99,24.69,0.13,239.46,25.44,0.06,107.03,139.26,0.06,244.55,26.0,0.04,228.49,17.04,0.04,75.83,27.55
484,75.25,34.74,0.11,79.11,32.31,0.09,73.81,26.4,0.1,239.73,25.48,0.06,236.07,25.46,0.04,244.71,25.99,0.04,228.52,17.27,0.04,76.06,31.15
485,139.28,9.58,0.05,137.46,13.95,0.04,127.46,87.78,0.03,239.57,25.21,0.08,232.67,25.33,0.05,244.64,25.76,0.04,121.3,74.83,0.18,134.73,37.1
486,137.16,131.82,0.09,124.53,99.28,0.03,145.59,155.86,0.08,146.3,154.09,0.15,154.31,157.8,0.1,137.97,154.25,0.11,135.89,125.64,0.15,135.76,128.99
487,139.03,10.45,0.19,137.22,17.52,0.12,145.08,16.06,0.07,90.28,31.75,0.07,232.56,25.12,0.04,244.49,25.75,0.04,138.59,125.9,0.05,140.45,14.67
488,134.27,126.94,0.22,136.52,21.07,0.07,144.96,15.76,0.05,239.41,25.13,0.08,232.56,25.41,0.05,244.05,19.41,0.04,137.0,125.36,0.24,138.58,54.59
489,134.28,127.29,0.37,135.8,141.23,0.09,147.66,131.72,0.08,239.2,25.02,0.07,139.03,157.41,0.07,158.51,153.06,0.05,135.83,126.79,0.26,139.25,133.41
490,138.99,10.78,0.16,137.39,17.11,0.09,145.01,152.7,0.06,239.24,25.06,0.08,232.39,25.41,0.05,236.76,39.39,0.04,136.83,130.46,0.24,140.47,60.2
491,116.59,92.25,0.04,126.93,114.0,0.08,130.76,112.41,0.08,148.29,150.31,0.23,158.06,151.06,0.21,138.39,151.92,0.16,133.69,115.92,0.24,124.76,106.22
492,139.22,11.27,0.2,137.23,18.12,0.11,145.18,16.32,0.07,239.48,25.56,0.09,154.69,140.88,0.1,244.66,25.83,0.05,127.68,105.06,0.27,140.55,15.24
493,139.09,11.37,0.25,137.05,18.84,0.12,145.63,16.75,0.08,239.58,25.61,0.08,232.74,25.78,0.05,244.65,25.98,0.04,228.49,17.36,0.04,140.59,15.65
494,139.08,11.48,0.14,178.2,172.22,0.08,173.17,169.54,0.09,239.25,25.24,0.05,232.54,25.11,0.03,236.67,38.95,0.04,228.68,16.66,0.04,163.48,117.75
495,138.48,11.22,0.27,136.76,19.85,0.12,145.6,16.98,0.09,239.63,25.18,0.06,105.17,133.38,0.06,236.7,38.72,0.04,228.33,16.93,0.04,140.28,16.02
496,138.46,11.07,0.29,136.82,20.01,0.15,145.56,16.97,0.1,239.72,25.22,0.06,104.75,139.86,0.06,236.72,38.9,0.03,228.33,17.2,0.05,140.28,16.02
497,142.93,169.14,0.25,140.15,172.48,0.18,142.47,174.43,0.1,98.38,146.76,0.03,105.3,145.47,0.08,236.8,39.21,0.04,228.64,16.4,0.05,141.85,172.02
498,138.78,11.45,0.37,137.18,20.99,0.19,146.0,17.56,0.18,239.62,25.36,0.04,232.99,24.97,0.03,236.97,38.81,0.03,228.51,17.04,0.05,140.65,16.67
499,139.13,12.11,0.37,137.59,21.41,0.18,146.08,17.89,0.17,239.5,25.39,0.03,94.11,82.2,0.03,237.22,38.93,0.03,228.69,16.94,0.06,140.94,17.13
500,139.03,11.92,0.33,137.54,20.47,0.19,145.85,17.37,0.17,239.51,25.38,0.04,233.01,25.22,0.03,240.49,25.04,0.03,228.62,17.03,0.04,140.81,16.59
501,139.45,12.01,0.24,137.78,19.57,0.12,145.78,16.89,0.12,239.4,25.35,0.04,232.95,25.3,0.03,126.36,104.47,0.04,228.56,16.7,0.03,141.0,16.16
502,119.32,80.49,0.37,118.1,86.24,0.34,122.7,85.77,0.27,125.21,92.73,0.15,117.51,92.05,0.09,133.27,93.98,0.17,115.32,76.28,0.16,120.04,84.17
503,118.8,80.62,0.4,117.93,86.34,0.37,122.78,85.58,0.31,124.99,92.76,0.18,117.79,92.42,0.11,133.07,93.85,0.2,114.52,75.96,0.2,119.83,84.18
504,118.76,80.7,0.39,117.89,86.0,0.33,122.79,85.49,0.28,125.53,93.0,0.16,123.2,93.87,0.1,133.62,94.06,0.19,114.62,75.82,0.19,119.81,84.06
505,118.71,80.29,0.41,117.6,85.4,0.32,123.27,84.94,0.27,126.77,93.7,0.14,124.06,94.68,0.11,134.58,94.62,0.13,114.72,75.72,0.17,119.86,83.54
506,119.18,80.53,0.39,117.45,85.5,0.31,123.15,85.61,0.28,127.87,93.98,0.15,123.78,94.17,0.1,134.28,94.58,0.16,114.73,75.63,0.19,119.93,83.88
507,118.5,80.52,0.41,117.59,86.01,0.36,123.08,85.47,0.31,125.89,93.49,0.17,123.2,94.35,0.12,134.02,94.58,0.19,114.52,75.61,0.2,119.73,84.0
508,119.24,80.43,0.44,116.25,86.25,0.48,123.67,85.24,0.4,125.58,95.3,0.2,117.66,95.41,0.15,131.1,95.97,0.2,114.81,75.89,0.17,119.72,83.97
509,118.05,80.16,0.41,116.86,86.94,0.43,123.88,85.33,0.37,126.52,95.56,0.2,126.9,118.64,0.14,132.03,95.88,0.2,115.77,76.23,0.15,119.6,84.14
510,118.4,79.16,0.32,117.0,86.53,0.34,125.08,84.54,0.31,125.77,99.71,0.12,125.54,119.6,0.12,132.04,97.72,0.11,116.78,77.62,0.06,120.16,83.41
511,139.79,10.56,0.26,137.44,18.06,0.17,144.77,16.66,0.09,239.64,25.71,0.04,233.17,25.8,0.03,237.93,38.87,0.03,119.26,77.0,0.06,140.67,15.09
512,140.02,10.55,0.27,137.57,18.11,0.16,144.89,16.67,0.1,239.64,25.65,0.05,233.14,25.95,0.04,237.81,38.98,0.03,119.14,75.96,0.2,140.82,15.11
513,139.85,10.67,0.31,137.4,18.41,0.19,144.76,16.9,0.11,239.56,25.51,0.05,233.0,25.48,0.04,240.7,25.02,0.03,118.63,74.42,0.21,140.67,15.33
514,139.34,11.21,0.29,137.22,19.0,0.18,144.48,17.34,0.1,239.58,25.51,0.04,106.29,139.92,0.03,237.06,38.66,0.03,228.55,17.47,0.05,140.35,15.85
515,138.91,10.54,0.32,136.55,19.22,0.2,144.78,17.03,0.12,239.43,25.27,0.05,105.71,133.1,0.05,236.74,38.73,0.03,228.52,17.29,0.05,140.08,15.6
516,138.94,10.39,0.23,136.93,17.88,0.15,144.76,16.12,0.09,73.98,30.26,0.08,75.58,31.91,0.06,236.53,38.55,0.03,228.44,17.13,0.05,140.21,14.8
517,138.51,10.21,0.25,136.71,18.11,0.16,144.43,16.0,0.11,74.22,30.87,0.08,75.75,32.46,0.07,236.56,38.63,0.03,228.59,17.02,0.05,139.88,14.77
518,138.05,10.4,0.27,135.37,22.13,0.17,144.64,16.38,0.1,239.09,25.03,0.06,132.81,130.28,0.05,152.91,133.5,0.05,228.7,16.82,0.05,139.36,16.3
519,138.58,9.78,0.17,137.15,16.24,0.1,68.95,19.31,0.1,134.18,126.42,0.08,127.99,128.82,0.06,143.98,128.19,0.06,228.85,16.26,0.05,114.9,15.11
520,117.12,120.5,0.28,119.91,118.47,0.17,117.49,113.52,0.15,125.27,105.97,0.09,126.22,105.69,0.08,116.15,89.96,0.06,228.88,15.87,0.05,118.18,117.5
521,114.52,115.1,0.28,119.41,118.08,0.27,117.3,114.24,0.14,123.27,100.32,0.11,124.63,101.34,0.09,118.72,93.54,0.08,118.67,86.63,0.06,117.07,115.81
522,116.41,84.75,0.67,115.49,97.74,0.46,127.33,94.47,0.45,125.9,109.2,0.39,119.07,114.84,0.31,135.29,107.22,0.4,118.73,92.76,0.12,119.74,92.32
523,119.49,105.82,0.41,122.43,102.12,0.28,118.82,99.13,0.27,126.09,89.72,0.06,128.04,102.72,0.07,236.44,38.89,0.02,228.91,15.93,0.03,120.25,102.36
524,118.81,87.26,0.16,118.5,102.41,0.14,118.43,99.98,0.1,122.93,97.96,0.06,122.42,97.57,0.05,129.66,112.84,0.04,117.57,89.12,0.08,118.58,96.55
525,116.63,82.76,0.39,116.68,96.94,0.22,122.06,93.56,0.29,121.52,99.81,0.17,120.56,100.07,0.16,125.17,104.42,0.09,117.23,80.92,0.27,118.46,91.09
526,117.78,82.4,0.27,117.19,95.87,0.19,123.62,91.66,0.35,122.57,101.17,0.14,121.59,101.31,0.11,124.05,100.58,0.05,118.15,80.28,0.31,119.53,89.98
527,118.34,80.75,0.28,117.55,96.35,0.18,123.55,92.18,0.29,122.63,102.24,0.11,122.97,102.41,0.08,128.87,107.0,0.03,118.56,80.9,0.36,119.81,89.76
528,118.78,81.06,0.3,117.26,96.98,0.19,123.33,93.44,0.31,122.57,103.54,0.1,122.88,103.84,0.07,123.1,102.67,0.03,118.43,81.91,0.35,119.79,90.5
529,117.35,90.51,0.26,118.12,100.06,0.22,122.99,97.52,0.23,122.95,104.34,0.13,124.22,104.61,0.12,121.8,102.96,0.05,117.29,85.01,0.36,119.49,96.03
530,117.21,93.13,0.19,121.58,113.16,0.2,122.71,100.01,0.15,122.58,104.3,0.11,124.23,104.46,0.11,129.93,114.38,0.04,117.09,87.4,0.28,120.5,102.1
531,117.94,115.85,0.26,122.11,114.41,0.22,122.03,107.63,0.13,121.67,104.51,0.1,125.08,104.56,0.1,125.86,116.34,0.04,116.59,89.1,0.27,120.69,112.63
532,117.69,118.07,0.28,122.38,115.98,0.25,120.27,114.45,0.18,122.18,104.19,0.08,125.28,104.13,0.07,117.6,101.39,0.03,117.54,90.98,0.3,120.12,116.17
533,118.65,101.63,0.26,119.18,112.28,0.25,122.42,106.95,0.28,122.8,114.56,0.1,124.23,114.92,0.07,124.16,117.89,0.06,118.37,94.17,0.25,120.08,106.96
534,119.39,97.02,0.27,118.25,112.46,0.25,122.34,108.51,0.3,122.57,116.93,0.13,124.09,117.15,0.09,125.31,120.47,0.14,120.97,95.69,0.19,119.99,106.0
535,117.4,128.71,0.4,123.01,121.6,0.41,118.67,118.95,0.34,122.66,117.72,0.22,125.15,118.02,0.21,121.88,116.4,0.18,121.57,96.78,0.22,119.69,123.08
536,118.15,130.95,0.41,123.12,127.78,0.5,119.56,121.32,0.36,124.0,119.14,0.23,126.09,119.69,0.23,123.88,118.29,0.2,121.74,99.54,0.15,120.28,126.68
537,118.2,135.91,0.32,120.72,127.75,0.36,122.08,120.38,0.29,123.69,123.4,0.29,120.82,123.49,0.17,127.82,123.07,0.3,120.34,102.73,0.1,120.33,128.01
538,118.44,110.63,0.29,117.16,123.02,0.26,122.79,122.16,0.4,122.42,129.5,0.25,121.08,129.97,0.19,124.66,129.32,0.18,118.99,108.94,0.16,119.46,118.61
539,118.2,113.77,0.28,118.17,131.04,0.31,120.6,127.65,0.37,121.12,131.36,0.28,122.12,132.04,0.27,122.15,132.93,0.21,118.83,112.97,0.25,118.99,124.15
540,117.78,148.9,0.26,121.33,145.75,0.24,121.46,128.97,0.23,121.84,133.19,0.19,123.34,134.19,0.18,120.63,132.05,0.11,119.7,113.81,0.21,120.19,141.21
541,118.88,152.11,0.22,120.8,145.13,0.26,119.84,139.99,0.24,122.18,135.6,0.15,125.2,137.06,0.14,121.78,136.07,0.1,120.21,121.84,0.34,119.84,145.74
542,118.0,142.07,0.22,120.68,147.12,0.31,118.86,143.09,0.31,123.99,141.96,0.29,126.29,143.21,0.24,121.14,139.39,0.21,121.32,124.49,0.35,119.18,144.09
543,118.51,161.66,0.32,119.83,148.61,0.23,115.12,151.59,0.24,121.45,145.65,0.29,124.13,146.49,0.26,118.63,143.64,0.17,119.66,128.8,0.31,117.82,153.95
544,117.01,161.72,0.41,122.27,158.5,0.23,116.08,152.6,0.28,119.85,146.87,0.29,123.44,147.88,0.29,116.38,144.48,0.15,118.6,130.38,0.36,118.45,157.61
545,116.3,162.83,0.46,121.86,158.29,0.3,115.64,153.65,0.33,118.58,147.79,0.31,122.66,149.0,0.33,112.62,144.73,0.19,118.03,132.01,0.41,117.93,158.26
546,115.22,163.97,0.51,121.42,159.29,0.44,114.39,154.48,0.45,117.37,149.01,0.3,124.05,150.25,0.35,111.51,143.88,0.31,117.48,133.47,0.42,117.01,159.25
547,114.36,164.15,0.49,120.34,159.99,0.43,114.92,154.35,0.39,120.34,151.33,0.23,123.63,152.57,0.28,112.13,144.3,0.29,116.73,137.12,0.38,116.54,159.5
548,113.44,164.74,0.47,120.17,160.53,0.42,115.48,154.46,0.32,121.0,152.19,0.22,123.63,153.44,0.25,112.71,144.45,0.33,117.56,137.92,0.34,116.36,159.91
549,112.88,165.01,0.51,121.04,160.45,0.56,114.92,154.83,0.45,125.95,151.53,0.31,127.78,155.51,0.28,114.37,143.85,0.41,118.75,139.76,0.33,116.28,160.1
550,112.9,164.92,0.53,121.62,160.35,0.59,114.91,154.75,0.49,126.24,151.18,0.33,128.57,155.32,0.31,115.38,143.54,0.41,119.19,140.29,0.32,116.48,160.01
551,113.15,165.04,0.53,121.77,160.35,0.59,114.91,154.97,0.49,125.95,151.16,0.33,128.62,155.19,0.31,115.34,143.51,0.4,119.16,140.42,0.33,116.61,160.12
552,113.43,165.15,0.55,121.86,160.36,0.56,115.08,154.98,0.45,126.15,151.18,0.3,128.66,155.01,0.28,115.23,143.27,0.39,119.24,140.63,0.31,116.79,160.16
553,113.52,165.5,0.55,121.7,160.59,0.57,114.92,155.36,0.44,126.14,151.3,0.3,125.63,153.7,0.27,115.2,143.42,0.38,119.22,140.69,0.32,116.72,160.48
554,113.81,165.61,0.56,121.67,160.59,0.54,115.15,155.37,0.4,126.33,151.61,0.27,125.44,153.75,0.25,115.12,143.28,0.36,119.16,140.78,0.33,116.88,160.52
555,114.21,166.1,0.56,121.5,160.94,0.54,115.17,155.9,0.4,126.17,151.96,0.26,125.22,154.02,0.24,114.98,143.55,0.34,119.2,140.85,0.34,116.96,160.98
556,115.11,165.78,0.55,121.41,160.63,0.49,115.73,155.72,0.36,126.0,152.59,0.22,124.36,153.95,0.22,114.43,143.39,0.31,118.74,140.84,0.35,117.41,160.71
557,116.45,165.73,0.53,120.76,160.02,0.34,116.39,157.69,0.26,119.11,151.64,0.15,122.52,153.47,0.18,112.95,143.81,0.25,117.74,140.82,0.34,117.86,161.14
558,118.1,165.12,0.45,122.05,160.89,0.31,115.29,160.47,0.25,118.56,151.86,0.16,121.9,152.94,0.19,111.59,144.76,0.19,117.26,140.0,0.39,118.48,162.16
559,119.68,164.66,0.35,122.34,160.8,0.25,121.16,154.22,0.21,119.07,151.81,0.14,122.31,152.69,0.17,112.48,147.31,0.12,117.25,139.81,0.35,121.06,159.89
560,119.85,164.31,0.33,122.33,160.69,0.24,121.42,153.85,0.22,119.17,151.78,0.14,122.37,152.6,0.17,112.74,147.41,0.11,117.27,139.75,0.34,121.2,159.62
561,120.02,163.93,0.33,122.46,160.77,0.25,121.3,154.02,0.21,119.07,151.74,0.14,122.33,152.6,0.17,112.61,147.34,0.12,117.23,139.74,0.35,121.26,159.57
562,120.24,163.98,0.31,122.48,160.75,0.24,121.31,154.13,0.19,119.17,151.79,0.14,122.49,152.63,0.17,112.8,147.4,0.11,117.31,139.72,0.35,121.34,159.62
563,120.18,164.52,0.37,122.6,160.99,0.29,116.23,160.96,0.24,119.04,151.79,0.16,122.5,152.68,0.19,112.73,147.59,0.14,117.19,139.83,0.37,119.67,162.16
564,120.45,165.06,0.38,122.73,161.24,0.3,116.28,161.28,0.25,119.06,151.79,0.15,122.61,152.6,0.18,111.91,145.35,0.15,117.26,139.97,0.37,119.82,162.53
565,120.85,165.26,0.36,122.98,161.4,0.28,116.5,161.53,0.24,119.39,151.63,0.15,122.91,152.38,0.18,113.07,147.43,0.13,117.2,140.11,0.35,120.11,162.73
566,121.17,165.07,0.36,123.16,161.25,0.28,116.75,161.57,0.24,119.87,151.42,0.15,123.27,152.06,0.18,113.64,147.16,0.12,117.12,140.45,0.35,120.36,162.63
567,121.93,165.51,0.42,123.42,161.1,0.3,119.42,162.17,0.29,119.69,151.28,0.16,123.14,151.73,0.19,113.7,147.48,0.12,117.07,140.78,0.36,121.59,162.92
568,122.81,165.88,0.41,123.46,161.16,0.29,119.64,162.85,0.3,119.75,151.39,0.15,123.17,151.62,0.18,114.06,147.84,0.1,117.22,141.32,0.35,121.97,163.3
569,123.18,166.41,0.47,123.87,161.3,0.35,119.61,163.11,0.39,120.0,151.44,0.16,123.51,151.61,0.2,113.83,148.15,0.12,117.38,141.56,0.36,122.22,163.61
570,123.47,166.75,0.47,124.12,161.69,0.39,119.66,163.42,0.45,120.35,151.6,0.17,123.86,151.66,0.21,114.16,148.67,0.12,117.56,141.85,0.39,122.42,163.95
571,123.68,167.26,0.4,124.35,162.17,0.34,119.93,163.78,0.39,121.13,151.3,0.13,124.28,151.24,0.16,114.58,148.26,0.08,118.57,142.3,0.34,122.65,164.4
572,123.83,167.72,0.39,124.26,162.42,0.34,119.77,164.18,0.38,120.77,151.54,0.14,124.07,151.48,0.17,111.4,153.98,0.1,118.68,142.2,0.36,122.62,164.77
573,123.7,168.15,0.4,124.17,162.59,0.35,119.53,164.38,0.41,120.65,151.88,0.14,124.02,151.87,0.18,111.4,153.91,0.1,118.39,142.34,0.38,122.47,165.04
574,123.82,168.39,0.36,124.16,162.77,0.31,119.65,164.51,0.35,120.84,151.98,0.12,124.09,151.98,0.16,111.59,154.25,0.08,118.44,142.34,0.36,122.54,165.23
575,123.93,168.09,0.36,124.09,162.69,0.31,119.87,164.43,0.35,120.83,151.89,0.12,124.02,151.88,0.15,114.57,149.05,0.06,118.36,142.35,0.35,122.63,165.07
576,124.97,168.01,0.28,124.21,162.68,0.27,118.44,164.07,0.29,120.94,151.76,0.1,123.87,151.81,0.12,114.75,148.9,0.04,118.42,142.29,0.31,122.54,164.92
577,125.3,168.03,0.26,124.42,162.78,0.25,118.75,164.24,0.28,121.04,151.54,0.09,123.88,151.57,0.12,114.71,148.68,0.03,118.61,142.35,0.3,122.82,165.02
578,125.63,167.94,0.24,124.58,162.87,0.24,119.15,164.4,0.27,121.12,151.44,0.09,123.9,151.45,0.11,114.76,148.59,0.02,118.65,142.33,0.29,123.12,165.07
579,125.92,168.23,0.26,124.72,162.92,0.28,119.14,164.56,0.29,120.94,151.48,0.1,123.78,151.54,0.12,114.68,148.85,0.03,118.57,142.43,0.31,123.26,165.24
580,125.78,168.02,0.29,124.58,162.7,0.3,121.0,164.85,0.32,120.79,151.59,0.11,123.72,151.63,0.14,114.67,149.01,0.05,118.4,142.49,0.32,123.78,165.19
581,125.04,167.92,0.32,124.3,162.46,0.33,120.5,164.43,0.36,120.78,151.98,0.12,123.91,151.96,0.15,114.71,149.3,0.06,118.09,142.43,0.33,123.28,164.94
582,124.23,168.74,0.34,124.6,162.87,0.34,120.13,164.51,0.38,121.01,152.29,0.13,124.33,152.31,0.16,112.02,154.51,0.08,117.99,142.31,0.35,122.99,165.37
583,123.45,168.83,0.31,124.42,162.92,0.29,119.99,164.2,0.31,121.29,152.58,0.11,124.51,152.54,0.14,115.15,149.7,0.06,117.9,142.15,0.33,122.62,165.31
584,123.23,168.92,0.29,124.43,162.98,0.27,117.73,161.5,0.29,121.39,152.47,0.11,124.55,152.42,0.13,115.19,149.56,0.06,118.05,142.18,0.32,121.79,164.46
585,123.44,168.89,0.24,124.4,163.04,0.24,117.9,163.97,0.27,121.61,152.2,0.09,124.6,152.14,0.12,115.31,149.34,0.05,118.42,142.19,0.3,121.91,165.3
586,123.58,168.85,0.2,120.81,160.16,0.22,117.9,164.1,0.26,121.66,152.15,0.09,124.55,152.1,0.11,115.32,149.32,0.04,118.53,142.19,0.29,120.77,164.37
587,123.65,168.7,0.19,120.83,160.03,0.21,117.97,164.15,0.26,121.72,152.07,0.09,124.59,151.99,0.11,115.32,149.21,0.03,118.61,142.18,0.29,120.82,164.29
588,122.06,170.1,0.15,120.86,159.78,0.19,118.04,164.26,0.24,121.79,151.91,0.08,124.59,151.76,0.1,115.33,149.03,0.02,118.76,142.17,0.28,120.32,164.71
589,122.02,170.16,0.16,120.84,159.85,0.19,118.03,164.31,0.24,121.77,151.9,0.08,124.55,151.78,0.1,115.34,149.05,0.03,118.79,142.17,0.28,120.3,164.77
590,121.96,170.13,0.15,120.76,159.75,0.18,118.04,164.39,0.24,121.71,151.89,0.08,124.46,151.77,0.1,115.34,149.08,0.03,118.81,142.13,0.28,120.25,164.76
591,123.6,168.64,0.19,120.88,160.11,0.21,117.96,164.2,0.26,121.68,152.02,0.09,124.51,151.93,0.11,115.32,149.22,0.04,118.7,142.18,0.29,120.81,164.31
592,123.52,168.68,0.23,124.41,163.06,0.23,117.95,164.04,0.27,121.64,152.08,0.09,124.52,152.0,0.11,115.32,149.28,0.04,118.63,142.24,0.3,121.96,165.26
593,123.49,168.73,0.25,124.42,163.0,0.25,117.94,163.93,0.28,121.6,152.12,0.1,124.54,152.07,0.12,115.33,149.29,0.05,118.53,142.31,0.31,121.95,165.22
594,123.53,168.65,0.25,124.36,162.94,0.25,117.93,163.89,0.28,121.53,152.14,0.1,124.47,152.09,0.12,115.28,149.3,0.05,118.52,142.3,0.31,121.94,165.16
595,123.72,168.51,0.28,124.42,162.87,0.27,118.01,163.83,0.29,121.42,151.95,0.1,124.33,151.91,0.13,115.16,149.12,0.05,118.61,142.42,0.31,122.05,165.07
596,124.16,167.91,0.28,124.34,162.65,0.26,118.45,163.78,0.28,121.23,151.49,0.1,123.98,151.48,0.12,115.05,148.59,0.05,118.78,142.58,0.29,122.31,164.78
597,124.97,167.63,0.3,124.51,162.51,0.28,120.91,164.38,0.31,121.09,151.25,0.11,123.82,151.25,0.13,114.95,148.51,0.05,118.78,142.75,0.29,123.47,164.84
598,125.35,167.49,0.32,124.66,162.46,0.3,121.07,164.45,0.34,121.06,151.1,0.12,123.79,151.07,0.15,114.93,148.49,0.06,118.77,142.92,0.3,123.69,164.8
599,125.75,167.55,0.33,124.83,162.46,0.32,121.17,164.57,0.36,121.04,150.98,0.12,123.78,150.91,0.15,114.87,148.51,0.06,118.82,143.12,0.31,123.92,164.86
600,126.02,167.49,0.34,124.89,162.42,0.32,121.3,164.63,0.37,121.01,150.94,0.12,123.69,150.83,0.16,112.13,154.73,0.06,118.84,143.27,0.31,124.07,164.85
601,126.03,167.46,0.33,124.88,162.43,0.32,121.34,164.66,0.36,120.97,150.86,0.12,123.64,150.77,0.16,114.86,148.48,0.06,118.83,143.23,0.31,124.08,164.85
602,126.04,167.47,0.33,124.87,162.42,0.31,121.31,164.66,0.36,120.93,150.9,0.12,123.62,150.8,0.16,114.82,148.49,0.06,118.77,143.19,0.31,124.07,164.85
603,125.87,167.42,0.32,124.79,162.39,0.31,121.24,164.6,0.35,120.94,150.91,0.12,123.62,150.81,0.15,114.79,148.44,0.06,118.79,143.16,0.31,123.96,164.81
604,125.88,167.44,0.32,124.79,162.41,0.31,121.24,164.62,0.35,120.93,150.9,0.12,123.61,150.81,0.15,114.79,148.42,0.06,118.77,143.16,0.31,123.97,164.82
605,126.06,167.47,0.32,124.84,162.43,0.31,121.33,164.7,0.35,120.96,150.88,0.12,123.6,150.78,0.15,114.81,148.45,0.06,118.81,143.22,0.31,124.07,164.87
606,126.07,167.44,0.32,124.84,162.43,0.31,121.36,164.7,0.35,121.0,150.86,0.12,123.61,150.75,0.15,114.85,148.43,0.05,118.86,143.24,0.3,124.09,164.86
607,126.06,167.43,0.31,124.82,162.41,0.3,121.35,164.68,0.35,121.01,150.9,0.12,123.62,150.79,0.15,114.85,148.44,0.05,118.84,143.24,0.3,124.08,164.84
608,126.07,167.4,0.31,124.78,162.38,0.3,121.35,164.67,0.34,121.03,150.9,0.12,123.6,150.78,0.15,114.86,148.44,0.05,118.87,143.27,0.3,124.07,164.81
609,125.84,167.41,0.31,124.71,162.4,0.3,121.23,164.61,0.34,121.01,150.96,0.12,123.61,150.86,0.15,114.82,148.46,0.05,118.83,143.21,0.3,123.92,164.81
610,126.17,167.6,0.32,124.83,162.47,0.31,121.25,164.83,0.36,120.87,150.96,0.12,123.54,150.85,0.16,114.69,148.55,0.06,118.79,143.23,0.31,124.08,164.97
611,126.0,167.41,0.36,124.82,162.37,0.33,121.19,164.69,0.4,120.77,150.84,0.13,123.45,150.65,0.16,111.76,154.38,0.08,118.76,143.43,0.32,124.0,164.82
612,126.46,167.48,0.38,124.96,162.41,0.34,121.36,164.84,0.41,120.63,150.73,0.13,123.29,150.47,0.17,111.67,154.36,0.09,118.84,143.58,0.32,124.26,164.91
613,127.41,167.5,0.4,125.23,162.33,0.38,121.57,165.08,0.47,120.47,150.79,0.14,123.27,150.44,0.18,111.42,154.64,0.12,118.81,143.68,0.34,124.74,164.97
614,127.48,167.43,0.4,125.2,162.32,0.38,121.66,165.1,0.47,120.51,150.78,0.14,123.25,150.42,0.17,111.43,154.81,0.11,118.86,143.8,0.33,124.78,164.95
615,127.51,167.3,0.4,125.15,162.2,0.38,121.66,165.02,0.48,120.46,150.87,0.14,123.23,150.48,0.17,111.44,154.98,0.12,118.79,143.8,0.34,124.77,164.84
616,127.48,167.3,0.4,125.17,162.18,0.38,121.64,164.98,0.48,120.47,150.92,0.14,123.27,150.52,0.17,111.45,155.0,0.12,118.78,143.81,0.34,124.76,164.82
617,127.59,167.22,0.41,125.13,162.07,0.4,121.58,164.95,0.5,120.37,151.0,0.14,123.24,150.57,0.18,111.36,155.02,0.13,118.7,143.79,0.35,124.77,164.75
618,127.65,167.13,0.42,125.1,162.02,0.4,121.62,164.92,0.51,120.36,150.98,0.14,123.22,150.52,0.18,111.33,155.02,0.13,118.72,143.87,0.34,124.79,164.69
619,127.49,167.1,0.41,125.04,162.02,0.4,121.56,164.88,0.5,120.39,150.95,0.14,123.2,150.49,0.18,111.29,155.01,0.13,118.78,143.92,0.34,124.7,164.66
620,127.63,167.08,0.41,125.05,162.02,0.4,121.63,164.92,0.5,120.36,150.95,0.14,123.16,150.47,0.18,111.25,155.08,0.13,118.78,143.96,0.34,124.77,164.67
621,127.59,167.03,0.41,124.95,161.97,0.4,121.55,164.89,0.51,120.33,151.02,0.13,123.11,150.53,0.17,111.22,155.11,0.14,118.75,144.01,0.34,124.7,164.63
622,127.73,166.94,0.42,124.94,161.92,0.41,121.6,164.86,0.52,120.26,151.1,0.14,123.08,150.59,0.18,111.24,155.19,0.14,118.66,143.98,0.34,124.76,164.57
623,127.94,166.88,0.42,124.95,161.82,0.42,121.61,164.83,0.53,120.14,151.19,0.14,123.03,150.64,0.18,111.24,155.3,0.15,118.59,143.96,0.35,124.84,164.51
624,128.56,166.92,0.44,125.15,161.69,0.44,121.76,165.01,0.55,119.96,151.21,0.14,122.9,150.6,0.18,111.18,155.36,0.16,118.62,143.97,0.35,125.16,164.54
625,128.44,166.78,0.43,125.03,161.63,0.44,121.73,164.93,0.55,119.98,151.21,0.14,122.64,152.64,0.18,111.19,155.47,0.16,118.58,144.01,0.35,125.07,164.45
626,128.19,166.63,0.43,124.89,161.56,0.43,121.66,164.78,0.55,115.3,153.81,0.14,122.63,152.71,0.18,111.2,155.57,0.16,118.46,144.02,0.35,124.91,164.32
627,125.78,166.42,0.41,124.56,161.83,0.37,121.21,164.07,0.46,120.6,151.17,0.14,123.36,150.72,0.18,111.24,154.87,0.14,118.45,143.91,0.33,123.85,164.11
628,125.5,166.68,0.39,124.77,162.02,0.36,121.22,164.06,0.43,120.97,151.02,0.13,123.67,150.66,0.17,111.3,154.64,0.14,118.68,143.87,0.32,123.83,164.25
629,124.93,167.0,0.4,124.75,162.23,0.36,120.95,164.06,0.44,120.95,151.28,0.14,123.79,150.99,0.18,111.13,154.28,0.16,118.54,143.68,0.34,123.54,164.43
630,124.61,167.32,0.39,124.67,162.43,0.36,120.76,164.13,0.44,116.11,153.57,0.14,123.88,151.31,0.17,111.09,154.26,0.17,118.54,143.57,0.34,123.35,164.63
631,124.3,167.79,0.38,124.72,162.68,0.37,120.57,164.28,0.43,116.35,153.68,0.14,124.0,151.56,0.17,111.16,154.22,0.16,118.56,143.46,0.34,123.2,164.92
632,124.16,168.22,0.36,124.7,162.84,0.35,120.42,164.4,0.41,116.5,153.97,0.13,124.03,151.76,0.16,111.29,154.41,0.14,118.57,143.32,0.33,123.09,165.15
633,123.9,169.08,0.34,124.93,163.21,0.34,120.24,164.64,0.38,116.65,153.87,0.12,124.37,151.94,0.14,111.29,154.19,0.13,118.81,143.29,0.32,123.02,165.64
634,123.64,169.17,0.28,121.49,161.49,0.29,117.64,162.11,0.33,116.73,154.33,0.1,124.73,152.26,0.12,111.98,154.52,0.09,118.7,143.06,0.31,120.92,164.26
635,123.43,169.46,0.26,121.31,161.53,0.28,117.55,162.21,0.32,116.73,154.35,0.1,122.75,155.13,0.11,112.14,154.51,0.08,118.66,142.99,0.3,120.76,164.4
636,123.27,169.44,0.22,121.0,161.18,0.26,117.61,162.04,0.3,116.68,154.45,0.09,125.09,152.42,0.1,112.41,154.65,0.06,118.65,142.92,0.29,120.63,164.22
637,123.19,169.3,0.24,121.08,161.11,0.26,117.71,161.96,0.3,116.78,154.41,0.09,125.16,152.37,0.1,112.5,154.59,0.06,118.67,142.95,0.29,120.66,164.12
638,123.12,169.14,0.24,121.12,160.98,0.25,117.79,161.85,0.3,116.85,154.32,0.09,125.21,152.25,0.1,123.81,161.94,0.06,118.73,142.98,0.29,120.68,163.99
639,123.1,169.19,0.25,121.13,161.05,0.26,117.79,161.9,0.31,116.85,154.37,0.09,125.21,152.31,0.1,112.57,154.53,0.06,118.72,142.98,0.29,120.67,164.05
640,123.06,169.21,0.25,121.14,161.1,0.26,117.81,161.93,0.31,116.87,154.41,0.09,125.23,152.42,0.1,112.56,154.56,0.07,118.69,142.97,0.3,120.67,164.08
641,123.24,169.25,0.26,121.25,161.22,0.27,117.74,162.01,0.31,116.84,154.38,0.1,125.13,152.38,0.11,112.4,154.54,0.07,118.71,142.98,0.3,120.74,164.16
642,123.41,169.16,0.25,121.19,161.06,0.27,117.74,161.94,0.31,116.81,154.41,0.09,125.06,152.34,0.11,112.4,154.62,0.07,118.73,142.97,0.3,120.78,164.05
643,123.55,168.85,0.25,124.59,163.05,0.27,117.88,161.69,0.3,122.14,152.36,0.09,124.89,152.19,0.11,112.46,154.67,0.06,118.76,142.99,0.29,122.01,164.53
644,123.59,168.83,0.26,124.63,163.07,0.27,117.86,161.72,0.3,122.12,152.36,0.09,124.91,152.18,0.11,112.38,154.67,0.07,118.75,142.97,0.3,122.03,164.54
645,123.63,168.85,0.25,124.65,163.09,0.27,117.84,161.75,0.3,122.15,152.28,0.09,124.9,152.12,0.11,112.35,154.61,0.06,118.82,143.01,0.3,122.04,164.56
646,123.64,168.84,0.25,124.64,163.07,0.27,117.85,161.75,0.3,122.11,152.29,0.09,124.86,152.13,0.11,112.35,154.63,0.06,118.82,143.02,0.3,122.04,164.55
647,123.66,168.84,0.25,124.65,163.08,0.27,117.84,161.76,0.3,122.11,152.27,0.09,124.85,152.11,0.11,112.32,154.61,0.06,118.85,143.02,0.3,122.05,164.56
648,123.68,168.82,0.25,124.65,163.08,0.27,117.84,161.75,0.29,122.09,152.24,0.09,124.84,152.09,0.11,112.29,154.6,0.06,118.84,143.01,0.3,122.06,164.55
649,123.69,168.86,0.26,124.67,163.11,0.28,117.85,161.82,0.3,122.02,152.32,0.1,124.8,152.18,0.12,112.23,154.67,0.07,118.81,143.01,0.3,122.07,164.59
650,123.7,168.86,0.26,124.67,163.1,0.28,117.87,161.79,0.3,122.05,152.31,0.09,124.82,152.17,0.12,112.27,154.69,0.07,118.84,143.02,0.3,122.08,164.58
651,123.7,168.85,0.26,124.66,163.1,0.28,117.87,161.8,0.3,122.03,152.32,0.1,124.8,152.18,0.12,112.24,154.71,0.07,118.8,143.02,0.3,122.08,164.58
652,123.71,168.87,0.26,124.67,163.09,0.28,117.86,161.79,0.3,122.02,152.3,0.1,124.79,152.16,0.12,112.23,154.7,0.07,118.81,143.02,0.3,122.08,164.58
653,123.74,168.94,0.28,124.73,163.14,0.29,120.41,164.4,0.31,121.97,152.33,0.1,124.76,152.21,0.12,112.09,154.7,0.08,118.83,143.07,0.31,122.96,165.49
654,123.78,169.0,0.28,121.63,161.38,0.3,120.38,164.45,0.32,121.91,152.32,0.1,124.71,152.21,0.13,111.93,154.66,0.09,118.87,143.12,0.31,121.93,164.94
655,124.12,169.09,0.3,121.96,161.66,0.32,120.32,164.63,0.35,121.7,152.24,0.11,124.55,152.16,0.14,111.68,154.74,0.1,118.94,143.18,0.32,122.13,165.13
656,124.5,168.34,0.24,124.57,162.8,0.28,118.48,163.89,0.3,121.87,152.06,0.09,124.46,151.93,0.11,112.32,155.34,0.05,119.03,143.2,0.29,122.52,165.01
657,125.02,168.14,0.23,124.59,162.68,0.27,118.74,163.99,0.29,121.87,151.9,0.08,122.56,154.5,0.11,112.32,155.45,0.04,119.14,143.38,0.28,122.79,164.94
658,125.53,168.13,0.24,124.73,162.65,0.29,121.08,164.56,0.31,121.83,151.8,0.09,122.71,154.35,0.11,112.16,155.54,0.05,119.25,143.61,0.29,123.78,165.11
659,125.84,168.12,0.25,124.87,162.64,0.3,121.18,164.65,0.33,121.74,151.67,0.09,122.85,154.19,0.12,112.08,155.54,0.06,119.29,143.7,0.29,123.96,165.14
660,126.11,168.0,0.26,125.02,162.61,0.3,121.41,164.66,0.33,121.88,151.4,0.09,123.05,153.93,0.11,112.1,155.54,0.06,119.45,143.95,0.27,124.18,165.09
661,126.09,167.95,0.26,125.0,162.57,0.3,121.39,164.64,0.34,121.84,151.44,0.09,123.06,153.93,0.12,112.05,155.53,0.06,119.4,143.94,0.28,124.16,165.05
662,126.08,167.87,0.26,124.98,162.53,0.31,121.39,164.6,0.35,121.83,151.46,0.09,123.06,153.91,0.12,112.07,155.6,0.06,119.35,143.95,0.28,124.15,165.0
663,126.06,167.82,0.27,124.94,162.49,0.31,121.37,164.58,0.35,121.81,151.47,0.09,123.02,153.93,0.12,112.04,155.59,0.07,119.33,143.96,0.28,124.12,164.96
664,126.05,167.72,0.26,124.94,162.46,0.3,121.43,164.53,0.34,121.85,151.4,0.09,123.03,153.88,0.12,112.09,155.59,0.06,119.35,143.98,0.27,124.14,164.91
665,126.11,167.8,0.26,125.0,162.49,0.31,121.44,164.58,0.34,121.83,151.38,0.09,123.07,153.85,0.12,112.06,155.6,0.07,119.36,144.0,0.28,124.18,164.96
666,126.1,167.8,0.26,125.01,162.49,0.3,121.43,164.58,0.34,121.84,151.34,0.09,123.07,153.83,0.12,112.05,155.54,0.07,119.4,144.03,0.27,124.18,164.96
667,126.14,167.8,0.27,125.01,162.49,0.31,121.45,164.57,0.35,121.84,151.39,0.09,123.1,153.85,0.12,112.1,155.6,0.07,119.35,144.01,0.28,124.2,164.96
668,126.14,167.85,0.27,125.03,162.51,0.31,121.44,164.6,0.35,121.83,151.37,0.09,123.1,153.84,0.12,112.06,155.58,0.07,119.37,144.02,0.28,124.2,164.99
669,126.24,167.97,0.27,125.12,162.56,0.31,121.43,164.69,0.36,121.79,151.35,0.1,123.15,153.82,0.12,111.94,155.52,0.07,119.41,144.03,0.28,124.26,165.07
670,126.33,168.07,0.27,125.18,162.6,0.32,121.4,164.78,0.37,121.72,151.3,0.1,123.16,153.79,0.13,111.8,155.45,0.08,119.42,144.06,0.29,124.3,165.15
671,126.37,167.93,0.27,125.17,162.56,0.31,121.51,164.75,0.36,121.75,151.2,0.1,123.18,153.68,0.12,111.89,155.49,0.08,119.45,144.11,0.28,124.35,165.08
672,126.41,167.7,0.28,125.11,162.49,0.32,121.61,164.67,0.36,121.78,151.19,0.1,124.06,150.99,0.12,112.05,155.58,0.07,119.42,144.12,0.28,124.37,164.96
673,126.4,167.69,0.28,125.11,162.47,0.32,121.58,164.67,0.36,121.74,151.17,0.1,124.02,150.97,0.12,112.0,155.57,0.07,119.43,144.13,0.28,124.36,164.94
674,126.37,167.87,0.29,125.12,162.49,0.33,121.41,164.74,0.39,121.66,151.29,0.11,123.19,153.72,0.13,111.76,155.54,0.09,119.37,144.11,0.29,124.3,165.03
675,126.27,167.88,0.29,125.06,162.49,0.33,121.36,164.71,0.38,121.68,151.36,0.1,123.15,153.8,0.13,111.81,155.58,0.09,119.34,144.07,0.29,124.23,165.03
676,126.15,167.81,0.28,125.0,162.48,0.32,121.37,164.62,0.37,121.72,151.44,0.1,123.11,153.87,0.13,111.94,155.64,0.08,119.31,144.01,0.29,124.17,164.97
677,126.2,167.82,0.27,125.04,162.48,0.32,121.42,164.61,0.36,121.75,151.39,0.1,123.09,153.84,0.12,112.01,155.64,0.07,119.34,144.02,0.28,124.22,164.97
678,126.18,167.83,0.28,125.02,162.48,0.32,121.4,164.61,0.36,121.77,151.37,0.1,123.09,153.85,0.12,111.95,155.59,0.08,119.36,144.04,0.28,124.2,164.97
679,126.2,167.83,0.27,125.05,162.49,0.32,121.42,164.62,0.36,121.79,151.33,0.1,123.12,153.81,0.12,111.96,155.57,0.08,119.39,144.05,0.28,124.22,164.98
680,126.22,167.83,0.28,125.04,162.48,0.32,121.41,164.63,0.36,121.79,151.32,0.1,123.1,153.81,0.12,111.89,155.55,0.08,119.4,144.05,0.28,124.22,164.98
681,126.2,167.77,0.27,125.05,162.48,0.31,121.48,164.6,0.36,121.8,151.29,0.1,123.11,153.76,0.12,112.02,155.58,0.07,119.4,144.06,0.27,124.24,164.95
682,126.21,167.7,0.27,125.04,162.47,0.31,121.54,164.58,0.35,121.82,151.27,0.09,123.11,153.75,0.12,112.06,155.6,0.07,119.38,144.06,0.27,124.26,164.92
683,126.29,167.73,0.28,125.1,162.48,0.32,121.55,164.62,0.36,121.77,151.28,0.1,124.09,151.1,0.12,112.01,155.6,0.07,119.35,144.08,0.28,124.31,164.94
684,126.37,167.76,0.28,125.16,162.5,0.32,121.57,164.67,0.37,121.76,151.23,0.1,123.21,153.67,0.12,111.93,155.56,0.08,119.39,144.12,0.28,124.37,164.97
685,126.33,167.77,0.3,125.15,162.48,0.33,121.47,164.68,0.39,121.67,151.22,0.11,123.3,153.59,0.13,111.77,155.44,0.1,119.37,144.15,0.29,124.32,164.98
686,126.82,168.0,0.32,125.39,162.58,0.37,121.5,165.02,0.44,119.71,155.71,0.12,123.43,153.64,0.15,111.5,155.6,0.13,119.29,144.27,0.31,124.57,165.2
687,126.78,167.94,0.32,125.36,162.57,0.37,121.49,165.0,0.44,119.7,155.73,0.12,123.45,153.63,0.16,111.49,155.61,0.14,119.26,144.28,0.32,124.54,165.17
688,126.73,167.84,0.32,125.33,162.57,0.37,121.52,164.97,0.44,119.66,155.76,0.12,123.45,153.64,0.16,111.46,155.59,0.14,119.27,144.33,0.32,124.52,165.13
689,126.41,167.87,0.33,125.21,162.58,0.37,121.38,164.89,0.44,119.67,155.84,0.12,123.41,153.76,0.16,111.46,155.52,0.14,119.3,144.34,0.32,124.34,165.11
690,126.2,167.97,0.32,125.14,162.63,0.36,121.27,164.86,0.43,119.65,155.92,0.12,123.35,153.91,0.15,111.45,155.47,0.13,119.34,144.32,0.31,124.2,165.15
691,125.92,167.99,0.32,125.1,162.67,0.36,121.2,164.77,0.42,116.61,154.38,0.12,123.38,153.91,0.15,111.47,155.39,0.13,119.32,144.26,0.31,124.07,165.14
692,124.84,167.67,0.34,124.83,162.62,0.35,121.03,164.28,0.41,116.77,154.32,0.12,124.3,151.5,0.14,111.61,154.98,0.14,119.17,144.12,0.31,123.57,164.86
693,123.53,168.39,0.41,125.15,162.93,0.38,120.57,164.08,0.43,116.94,153.93,0.15,124.53,152.12,0.16,111.47,154.17,0.17,118.87,143.74,0.33,123.08,165.14
694,123.15,168.38,0.4,125.18,162.94,0.37,120.64,163.88,0.4,116.91,153.89,0.13,124.65,152.21,0.14,111.73,153.99,0.14,118.89,143.58,0.31,122.99,165.07
695,122.82,168.36,0.41,125.32,163.09,0.37,120.8,163.74,0.39,117.06,153.88,0.13,124.92,152.41,0.14,112.0,153.82,0.14,118.88,143.51,0.31,122.98,165.06
696,122.43,168.31,0.41,125.33,163.1,0.37,120.81,163.49,0.37,117.14,153.72,0.12,125.17,152.43,0.13,112.31,153.59,0.12,118.87,143.43,0.3,122.86,164.97
697,122.25,168.45,0.4,125.33,163.16,0.36,120.76,163.46,0.36,117.2,153.57,0.11,125.27,152.47,0.13,112.39,153.39,0.12,118.86,143.34,0.3,122.78,165.02
698,122.12,168.44,0.38,125.18,163.19,0.34,117.89,160.94,0.34,117.1,153.87,0.11,125.21,152.68,0.12,113.47,152.16,0.1,118.74,143.08,0.3,121.73,164.19
699,122.29,168.43,0.39,125.22,163.19,0.35,120.79,163.51,0.35,117.13,153.92,0.11,125.21,152.56,0.12,112.48,153.74,0.1,118.86,143.31,0.3,122.77,165.05
700,122.44,168.38,0.39,125.19,163.14,0.35,120.78,163.56,0.35,117.16,153.93,0.11,125.16,152.49,0.12,112.47,153.8,0.1,118.88,143.33,0.3,122.81,165.02
701,122.64,168.43,0.4,125.23,163.14,0.36,120.76,163.69,0.37,117.13,153.97,0.12,125.05,152.47,0.13,112.26,153.86,0.12,118.9,143.38,0.3,122.87,165.09
702,122.81,168.42,0.41,125.2,163.08,0.37,120.71,163.76,0.38,117.08,153.99,0.12,124.93,152.45,0.13,112.08,153.93,0.13,118.89,143.43,0.31,122.91,165.09
703,123.04,168.38,0.41,125.11,162.96,0.37,120.63,163.83,0.39,116.99,154.01,0.12,124.77,152.32,0.14,111.93,154.04,0.13,118.91,143.49,0.31,122.93,165.05
704,123.23,168.2,0.4,124.99,162.81,0.37,120.59,163.84,0.4,116.97,154.06,0.12,124.61,152.19,0.14,111.88,154.22,0.13,118.9,143.53,0.31,122.94,164.95
705,123.48,167.94,0.41,125.01,162.69,0.38,120.65,163.83,0.42,117.03,153.95,0.13,124.55,152.11,0.15,111.73,154.24,0.15,118.89,143.6,0.32,123.05,164.82
706,123.92,167.32,0.4,124.88,162.4,0.37,120.87,163.66,0.42,117.1,154.04,0.12,124.5,151.8,0.15,111.99,154.44,0.14,118.97,143.69,0.31,123.22,164.46
707,124.35,167.38,0.4,124.95,162.38,0.38,120.96,163.78,0.43,117.18,154.11,0.13,124.52,151.77,0.16,111.97,154.66,0.16,119.0,143.73,0.32,123.42,164.52
708,124.39,167.28,0.4,124.98,162.36,0.38,121.03,163.76,0.43,117.14,154.08,0.13,124.52,151.69,0.16,111.93,154.68,0.16,119.05,143.81,0.32,123.47,164.47
709,124.35,167.4,0.4,124.95,162.42,0.38,120.98,163.8,0.43,117.17,154.2,0.13,124.52,151.82,0.16,111.94,154.75,0.16,119.02,143.79,0.32,123.42,164.54
710,124.32,167.52,0.39,124.92,162.48,0.37,120.94,163.88,0.42,117.1,154.26,0.13,124.51,151.86,0.15,111.87,154.75,0.15,119.05,143.78,0.32,123.4,164.62
711,124.27,167.48,0.38,124.9,162.49,0.37,120.97,163.86,0.41,117.13,154.31,0.12,124.5,151.82,0.15,111.97,154.77,0.14,119.08,143.79,0.31,123.38,164.61
712,124.26,167.5,0.38,124.89,162.51,0.37,120.97,163.87,0.41,117.11,154.3,0.13,124.48,151.84,0.15,111.94,154.76,0.14,119.06,143.79,0.31,123.37,164.63
713,124.31,167.45,0.37,124.85,162.5,0.36,121.01,163.88,0.41,117.12,154.44,0.12,124.48,151.84,0.14,112.02,154.89,0.14,119.08,143.81,0.31,123.39,164.61
714,124.36,167.41,0.36,124.83,162.48,0.36,121.03,163.88,0.41,117.17,154.53,0.12,124.46,151.87,0.14,112.1,154.98,0.13,119.03,143.79,0.31,123.41,164.59
715,124.33,167.4,0.36,124.85,162.5,0.36,121.06,163.87,0.41,117.15,154.5,0.12,124.49,151.84,0.14,112.07,154.95,0.13,119.08,143.82,0.31,123.41,164.59
716,124.32,167.41,0.37,124.87,162.53,0.36,121.07,163.87,0.41,117.15,154.45,0.12,124.51,151.8,0.14,112.03,154.9,0.14,119.11,143.85,0.31,123.42,164.6
717,124.4,167.38,0.36,124.82,162.48,0.36,121.07,163.88,0.4,117.17,154.55,0.12,124.48,151.83,0.14,112.11,155.02,0.13,119.08,143.83,0.31,123.43,164.58
718,124.45,167.38,0.36,124.8,162.46,0.36,121.07,163.88,0.4,117.19,154.6,0.12,124.48,151.84,0.14,112.15,155.08,0.13,119.07,143.84,0.31,123.44,164.58
719,124.49,167.38,0.36,124.79,162.45,0.36,121.08,163.89,0.4,117.2,154.64,0.11,124.47,151.85,0.14,112.18,155.13,0.13,119.07,143.83,0.31,123.45,164.57
720,124.53,167.38,0.35,124.78,162.43,0.35,121.08,163.9,0.4,121.83,152.05,0.11,124.45,151.82,0.14,112.19,155.16,0.13,119.07,143.82,0.31,123.46,164.57
721,124.52,167.41,0.35,124.79,162.44,0.35,121.06,163.91,0.4,121.82,152.03,0.11,124.44,151.81,0.14,112.16,155.12,0.13,119.09,143.82,0.3,123.46,164.58
722,124.49,167.43,0.36,124.81,162.45,0.36,121.05,163.9,0.4,121.8,152.07,0.12,124.44,151.85,0.14,112.12,155.1,0.13,119.05,143.81,0.31,123.45,164.59
723,124.5,167.46,0.36,124.81,162.46,0.36,121.04,163.93,0.4,121.81,152.02,0.11,124.44,151.8,0.14,112.08,155.07,0.13,119.1,143.83,0.31,123.45,164.62
724,124.49,167.44,0.36,124.81,162.46,0.36,121.05,163.91,0.41,117.18,154.62,0.12,124.46,151.86,0.14,112.1,155.11,0.13,119.04,143.82,0.31,123.45,164.6
725,124.49,167.48,0.36,124.83,162.47,0.36,121.03,163.93,0.41,117.16,154.53,0.12,124.45,151.84,0.14,112.08,155.02,0.13,119.05,143.82,0.31,123.45,164.63
726,124.48,167.46,0.36,124.83,162.47,0.36,121.03,163.92,0.41,117.17,154.54,0.12,124.44,151.86,0.15,112.08,155.03,0.13,119.02,143.81,0.31,123.44,164.62
727,124.47,167.47,0.36,124.83,162.47,0.36,121.01,163.93,0.41,117.14,154.52,0.12,124.42,151.85,0.15,112.04,155.01,0.14,119.03,143.83,0.31,123.44,164.62
728,124.45,167.46,0.37,124.83,162.47,0.36,121.01,163.92,0.41,117.16,154.52,0.12,124.44,151.9,0.15,112.03,155.01,0.14,118.99,143.81,0.32,123.43,164.62
729,124.46,167.48,0.36,124.82,162.46,0.36,121.0,163.93,0.41,117.14,154.5,0.12,124.42,151.88,0.15,112.02,155.0,0.14,118.98,143.83,0.31,123.43,164.62
730,124.47,167.48,0.36,124.81,162.46,0.36,120.99,163.94,0.41,117.11,154.49,0.12,124.41,151.87,0.15,112.01,154.99,0.13,118.98,143.82,0.31,123.42,164.63
731,124.48,167.54,0.36,124.82,162.48,0.36,120.97,163.97,0.41,117.08,154.5,0.12,124.39,151.86,0.15,111.96,154.99,0.13,119.0,143.83,0.31,123.42,164.66
732,124.48,167.59,0.36,124.81,162.5,0.36,120.94,163.99,0.41,117.1,154.54,0.12,124.4,151.9,0.15,111.95,155.03,0.13,118.97,143.81,0.32,123.41,164.69
733,124.48,167.59,0.36,124.82,162.5,0.36,120.95,163.98,0.41,117.12,154.53,0.12,124.4,151.9,0.15,111.95,155.03,0.14,118.98,143.81,0.32,123.41,164.69
734,124.48,167.59,0.36,124.81,162.5,0.36,120.95,163.99,0.41,117.11,154.53,0.12,124.4,151.86,0.15,111.95,155.03,0.13,119.03,143.84,0.31,123.41,164.69
735,124.48,167.58,0.36,124.82,162.49,0.36,120.96,163.97,0.41,117.14,154.55,0.12,124.41,151.88,0.15,112.0,155.05,0.13,119.01,143.84,0.31,123.42,164.68
736,124.47,167.57,0.36,124.81,162.48,0.36,120.96,163.96,0.41,117.15,154.57,0.12,124.41,151.88,0.14,112.02,155.07,0.13,119.01,143.85,0.31,123.42,164.67
737,124.45,167.59,0.36,124.83,162.5,0.36,120.96,163.98,0.41,117.07,154.47,0.12,124.4,151.82,0.14,111.93,154.96,0.13,119.05,143.86,0.31,123.41,164.69
738,124.42,167.57,0.36,124.83,162.51,0.36,120.96,163.97,0.41,117.05,154.4,0.12,124.39,151.8,0.14,111.89,154.89,0.14,119.07,143.87,0.31,123.4,164.68
739,124.41,167.57,0.36,124.83,162.5,0.36,120.96,163.96,0.41,117.11,154.5,0.12,124.41,151.84,0.15,111.97,154.98,0.13,119.03,143.85,0.31,123.4,164.68
740,124.35,167.57,0.37,124.83,162.5,0.36,120.93,163.95,0.41,117.09,154.46,0.12,124.39,151.85,0.15,111.94,154.93,0.14,118.99,143.85,0.31,123.37,164.67
741,124.46,167.49,0.36,124.8,162.45,0.36,120.98,163.93,0.41,117.1,154.51,0.12,124.38,151.82,0.14,112.02,155.01,0.13,119.01,143.85,0.31,123.41,164.62
742,124.57,167.41,0.36,124.76,162.38,0.35,121.01,163.91,0.4,121.73,152.03,0.11,124.37,151.8,0.14,112.12,155.15,0.12,119.0,143.85,0.31,123.45,164.57
743,124.57,167.39,0.36,124.76,162.37,0.35,121.02,163.89,0.4,121.77,152.03,0.11,124.39,151.8,0.14,112.16,155.19,0.12,119.02,143.86,0.31,123.45,164.55
744,124.64,167.6,0.34,124.73,162.43,0.35,120.97,163.98,0.39,121.84,152.08,0.11,124.41,151.87,0.13,112.12,155.33,0.12,119.1,143.84,0.3,123.45,164.67
745,124.65,167.63,0.34,124.74,162.44,0.34,120.97,164.0,0.39,121.85,152.07,0.11,124.42,151.85,0.13,112.12,155.3,0.11,119.09,143.84,0.3,123.45,164.69
746,124.65,167.64,0.33,124.75,162.45,0.34,120.97,164.01,0.39,121.86,152.05,0.11,124.42,151.83,0.13,112.13,155.29,0.11,119.1,143.84,0.3,123.46,164.7
747,124.55,167.64,0.34,124.77,162.47,0.35,120.95,163.99,0.39,121.83,152.11,0.11,124.42,151.9,0.14,112.1,155.25,0.12,119.07,143.85,0.3,123.42,164.7
748,124.43,167.66,0.35,124.81,162.5,0.35,120.94,163.96,0.39,117.15,154.59,0.11,124.45,151.86,0.14,112.05,155.07,0.13,119.06,143.82,0.3,123.39,164.71
749,124.01,168.01,0.39,125.07,162.69,0.38,120.75,164.0,0.43,117.08,154.15,0.14,124.53,151.97,0.15,111.71,154.57,0.16,119.01,143.79,0.32,123.28,164.9
750,123.25,168.32,0.43,125.42,162.78,0.39,120.72,163.68,0.42,117.21,153.9,0.14,124.99,152.21,0.15,111.9,154.06,0.16,118.86,143.68,0.31,123.13,164.93
751,122.43,167.58,0.45,125.45,162.69,0.39,121.02,162.96,0.39,117.4,153.25,0.12,125.36,151.96,0.13,112.58,153.28,0.14,118.77,143.69,0.28,122.97,164.41
752,121.32,167.01,0.4,125.19,162.62,0.35,118.61,156.07,0.36,132.19,157.79,0.09,125.74,151.89,0.11,113.99,151.06,0.09,118.62,143.43,0.26,121.71,161.9
753,120.56,166.22,0.41,124.6,162.32,0.35,118.01,155.45,0.35,122.27,152.02,0.1,125.11,151.72,0.12,114.52,146.44,0.12,117.74,142.93,0.26,121.06,161.33
754,119.64,165.15,0.39,123.9,161.9,0.33,117.57,154.77,0.34,119.74,150.31,0.11,124.37,151.56,0.13,113.94,145.7,0.15,117.1,142.56,0.26,120.37,160.61
755,118.3,165.53,0.39,123.47,161.73,0.32,117.67,154.61,0.37,119.4,150.7,0.12,123.89,152.08,0.13,113.66,145.5,0.19,116.65,142.29,0.25,119.81,160.62
756,117.48,165.26,0.42,123.24,161.65,0.33,117.43,154.69,0.4,119.21,150.69,0.14,123.48,152.16,0.14,113.68,145.3,0.22,116.51,142.3,0.25,119.38,160.53
757,116.91,165.0,0.43,122.95,161.56,0.33,117.29,154.71,0.41,119.03,150.78,0.15,123.17,152.34,0.15,113.65,145.28,0.23,116.52,142.17,0.26,119.05,160.42
758,116.33,164.96,0.46,122.59,161.41,0.34,116.66,154.88,0.42,118.76,150.53,0.16,122.71,152.19,0.16,113.53,145.1,0.25,116.4,142.2,0.26,118.53,160.42
759,116.23,165.06,0.46,118.76,154.42,0.32,116.56,154.75,0.41,118.5,150.53,0.16,122.53,152.25,0.16,113.26,145.02,0.25,116.11,141.28,0.27,117.18,158.08
760,116.51,165.09,0.46,118.74,154.18,0.32,116.61,154.68,0.39,118.45,150.45,0.15,122.54,152.13,0.16,113.15,144.93,0.24,116.0,141.22,0.27,117.28,157.99
761,117.25,165.27,0.44,122.65,161.28,0.31,116.69,154.56,0.36,118.31,150.37,0.14,122.64,152.01,0.15,112.84,144.84,0.22,115.8,141.08,0.27,118.86,160.37
762,117.97,165.31,0.42,122.75,161.28,0.31,116.79,154.49,0.33,118.3,150.25,0.13,122.81,151.86,0.15,112.62,144.82,0.2,115.74,141.06,0.27,119.17,160.36
763,118.62,164.94,0.4,122.85,161.04,0.3,117.25,154.25,0.32,118.11,150.23,0.12,122.81,151.76,0.15,112.31,144.88,0.18,115.66,141.01,0.26,119.57,160.08
764,119.15,164.36,0.41,123.01,161.02,0.3,117.14,154.45,0.32,120.05,151.38,0.12,122.85,151.47,0.15,112.09,144.89,0.18,115.89,141.68,0.27,119.77,159.94
765,119.51,164.49,0.4,123.02,161.1,0.3,117.05,154.53,0.3,120.01,151.36,0.12,122.9,151.4,0.15,112.06,144.97,0.16,115.83,141.62,0.27,119.86,160.04
766,119.86,164.55,0.38,123.02,161.06,0.28,117.08,154.47,0.29,119.93,151.4,0.12,122.9,151.43,0.15,112.0,145.04,0.14,115.77,141.55,0.27,119.99,160.03
767,120.15,164.74,0.38,123.03,161.13,0.28,117.06,154.6,0.29,119.85,151.46,0.12,122.85,151.46,0.15,111.93,145.16,0.14,115.76,141.58,0.27,120.08,160.16
768,120.48,164.87,0.35,122.92,161.15,0.26,117.2,154.45,0.27,119.69,151.64,0.1,122.72,151.6,0.14,111.94,145.32,0.12,115.78,141.59,0.27,120.2,160.15
769,120.91,165.06,0.34,122.88,161.14,0.25,117.4,154.44,0.27,119.55,151.75,0.1,122.56,151.69,0.13,111.91,145.55,0.1,115.82,141.61,0.27,120.4,160.22
770,121.41,165.19,0.31,122.79,161.11,0.22,117.52,154.29,0.24,119.43,151.75,0.09,122.4,151.67,0.12,111.88,145.6,0.08,115.91,141.61,0.26,120.57,160.2
771,121.66,165.43,0.28,117.65,151.34,0.2,117.67,153.94,0.22,119.32,151.92,0.08,122.29,151.87,0.11,113.59,147.68,0.06,115.89,141.48,0.25,118.99,156.9
772,121.61,165.42,0.28,117.55,151.37,0.2,117.73,154.01,0.22,119.18,152.05,0.08,122.16,152.0,0.11,113.51,147.82,0.06,115.82,141.46,0.25,118.96,156.93
773,121.62,165.39,0.27,117.54,151.4,0.2,117.69,154.01,0.21,119.18,152.01,0.08,122.12,151.95,0.11,113.51,147.77,0.06,115.86,141.52,0.25,118.95,156.93
774,121.52,165.88,0.3,122.62,161.41,0.2,116.88,158.71,0.21,119.11,151.98,0.08,122.11,151.96,0.11,111.8,146.05,0.07,116.0,141.57,0.26,120.34,162.0
775,121.14,166.75,0.33,122.59,161.9,0.22,116.18,159.5,0.23,119.06,152.05,0.08,122.1,152.07,0.12,111.63,146.39,0.09,116.25,141.74,0.27,119.97,162.72
776,119.86,167.83,0.31,118.16,158.87,0.21,116.01,159.65,0.22,114.68,152.77,0.07,122.04,152.31,0.09,111.79,146.49,0.07,116.74,142.02,0.25,118.01,162.11
777,119.22,168.37,0.33,120.29,162.05,0.23,114.13,162.86,0.25,114.09,152.84,0.07,121.25,152.68,0.09,111.2,146.56,0.07,116.62,142.22,0.25,117.88,164.42
778,119.15,168.03,0.32,117.52,159.18,0.23,114.37,162.85,0.24,114.17,153.38,0.07,121.3,152.71,0.08,123.31,162.71,0.05,117.02,142.76,0.24,117.01,163.35
779,119.16,167.32,0.26,117.55,158.69,0.21,122.39,155.05,0.28,114.58,154.77,0.06,118.27,153.86,0.06,124.32,163.31,0.05,118.11,143.23,0.21,119.7,160.35
780,119.59,166.94,0.24,117.9,158.44,0.21,123.05,154.53,0.31,115.08,158.46,0.05,118.51,154.32,0.06,127.79,160.25,0.06,118.77,143.26,0.21,120.18,159.97
781,117.39,147.6,0.22,117.8,158.21,0.19,123.23,154.22,0.3,115.22,158.89,0.05,118.33,154.77,0.05,127.72,160.69,0.06,118.95,143.36,0.2,119.47,153.34
782,117.21,146.76,0.24,117.67,157.89,0.18,123.41,153.98,0.31,122.99,160.91,0.05,118.16,155.41,0.05,127.67,161.14,0.06,119.08,143.5,0.19,119.43,152.88
783,117.32,146.86,0.23,117.78,157.97,0.18,123.36,154.26,0.29,122.79,160.68,0.05,118.15,155.23,0.05,127.45,160.75,0.06,119.07,143.64,0.19,119.48,153.03
784,117.42,146.59,0.22,117.88,158.03,0.17,123.41,154.37,0.27,122.63,160.49,0.04,118.14,155.15,0.04,124.99,163.32,0.06,119.22,143.76,0.18,119.57,153.0
785,117.57,146.72,0.21,118.07,158.29,0.17,123.41,154.66,0.26,123.29,161.64,0.04,118.26,154.87,0.04,124.89,163.21,0.06,119.31,143.85,0.18,119.68,153.23
786,117.76,146.79,0.2,118.24,158.43,0.18,123.45,154.87,0.25,123.38,161.61,0.04,118.36,154.69,0.04,124.9,163.19,0.06,119.45,143.98,0.18,119.81,153.36
787,119.22,149.78,0.2,118.51,158.81,0.21,123.47,155.6,0.24,123.28,161.47,0.05,120.38,156.02,0.04,124.79,163.08,0.07,119.43,144.31,0.18,120.4,154.73
788,119.58,150.36,0.2,118.9,159.18,0.22,120.44,159.47,0.24,123.41,161.37,0.04,118.76,154.2,0.04,124.69,163.01,0.07,119.61,144.56,0.18,119.64,156.34
789,119.6,150.43,0.2,118.97,159.38,0.23,120.35,159.7,0.24,123.35,161.26,0.04,120.7,155.69,0.04,124.59,162.91,0.07,119.64,144.56,0.19,119.64,156.5
790,119.3,150.03,0.21,118.39,159.16,0.22,123.38,155.97,0.25,123.08,161.73,0.05,118.33,154.67,0.04,124.84,163.34,0.09,119.49,144.79,0.17,120.36,155.06
791,117.55,148.0,0.22,118.12,159.32,0.22,122.8,156.37,0.23,122.63,161.65,0.05,119.93,156.35,0.04,124.66,163.35,0.1,118.97,144.93,0.15,119.49,154.56
792,117.46,147.95,0.22,118.04,159.26,0.21,122.79,156.3,0.24,123.04,162.12,0.05,118.01,154.52,0.03,124.98,163.75,0.1,119.09,145.11,0.14,119.43,154.51
793,117.12,147.77,0.25,117.73,158.92,0.2,122.75,155.91,0.27,123.76,163.05,0.07,118.08,155.21,0.04,125.69,164.26,0.1,119.03,144.94,0.13,119.2,154.2
794,117.06,147.82,0.26,117.64,158.78,0.2,122.69,155.73,0.28,123.96,163.3,0.08,118.1,155.26,0.04,125.87,164.33,0.1,118.96,144.87,0.12,119.13,154.11
795,116.94,148.05,0.26,117.62,158.86,0.21,122.59,155.83,0.29,123.85,163.31,0.08,118.04,155.09,0.04,125.67,164.33,0.1,118.79,144.88,0.12,119.05,154.25
796,116.81,148.09,0.26,117.52,158.84,0.21,122.52,155.77,0.28,123.73,163.32,0.07,117.96,155.03,0.04,125.59,164.34,0.1,118.67,144.82,0.12,118.95,154.23
797,116.83,148.1,0.25,117.51,159.02,0.22,122.54,155.91,0.29,123.43,163.06,0.06,117.91,155.03,0.04,125.32,164.22,0.09,118.66,144.8,0.13,118.96,154.34
798,116.79,148.0,0.25,117.47,159.18,0.22,122.56,155.99,0.29,114.86,155.55,0.06,115.09,158.7,0.04,125.04,164.07,0.09,118.66,144.71,0.14,118.94,154.39
799,116.78,147.94,0.25,117.44,159.23,0.22,122.56,155.97,0.29,114.85,155.57,0.06,115.14,158.74,0.04,125.0,164.07,0.09,118.68,144.67,0.14,118.93,154.38
800,116.8,147.98,0.25,117.43,159.22,0.22,122.56,155.97,0.29,114.83,155.54,0.06,115.13,158.72,0.04,125.0,164.08,0.09,118.68,144.71,0.14,118.93,154.39
801,116.8,148.0,0.25,117.46,159.23,0.22,122.54,155.96,0.29,114.82,155.43,0.06,115.16,158.65,0.04,124.97,164.05,0.09,118.68,144.68,0.14,118.93,154.4
802,116.77,148.1,0.25,117.49,159.21,0.22,122.51,155.98,0.29,114.81,155.36,0.06,118.0,155.04,0.04,124.98,164.04,0.09,118.64,144.72,0.14,118.93,154.43
803,116.74,148.25,0.25,117.57,159.29,0.23,122.47,156.07,0.29,114.77,155.16,0.06,118.08,154.86,0.04,124.91,164.02,0.09,118.57,144.7,0.14,118.92,154.54
804,116.65,148.36,0.25,117.59,159.3,0.23,122.43,156.1,0.29,114.76,155.06,0.06,118.12,154.8,0.04,124.85,164.01,0.09,118.49,144.69,0.15,118.89,154.59
805,116.47,148.59,0.27,117.7,159.39,0.25,122.41,156.29,0.3,114.79,154.8,0.07,118.27,154.68,0.05,124.73,164.02,0.09,118.26,144.68,0.17,118.86,154.76
806,116.36,148.73,0.29,117.62,159.25,0.25,122.4,156.21,0.31,114.72,154.57,0.08,118.32,154.74,0.05,124.91,164.21,0.1,118.15,144.76,0.17,118.79,154.73
807,116.25,149.2,0.3,117.92,159.88,0.29,116.02,160.37,0.31,114.94,153.97,0.1,118.97,154.58,0.06,124.38,163.58,0.09,117.85,144.67,0.22,116.73,156.48
808,118.26,169.88,0.31,118.14,160.4,0.31,115.91,160.65,0.33,115.15,153.59,0.11,119.44,154.54,0.07,124.12,163.0,0.09,117.91,144.61,0.23,117.44,163.65
809,118.0,170.05,0.32,118.14,160.6,0.31,115.83,160.73,0.34,115.18,153.5,0.11,117.28,158.33,0.07,114.32,147.92,0.09,117.88,144.48,0.24,117.32,163.79
810,117.58,169.8,0.33,118.1,160.47,0.32,116.09,160.34,0.34,115.32,153.92,0.11,117.19,158.7,0.07,114.56,148.13,0.1,117.9,144.58,0.23,117.26,163.54
811,116.52,169.26,0.36,118.31,160.6,0.34,116.36,159.76,0.37,124.91,160.91,0.12,125.4,161.57,0.12,114.96,148.2,0.13,118.14,144.53,0.22,117.06,163.21
812,115.85,168.65,0.38,118.31,160.53,0.34,116.78,157.16,0.37,125.55,161.3,0.14,125.51,162.03,0.15,115.28,148.02,0.14,118.43,144.53,0.2,116.98,162.11
813,115.46,168.46,0.39,118.14,160.53,0.34,116.84,157.0,0.36,125.7,161.61,0.15,125.38,162.33,0.16,126.55,160.49,0.14,118.52,144.57,0.18,116.81,162.0
814,115.12,168.27,0.39,117.93,160.41,0.33,119.19,156.59,0.36,125.84,161.73,0.15,125.26,162.51,0.16,126.8,160.58,0.15,118.64,144.65,0.16,117.41,161.76
815,114.91,168.16,0.4,117.82,160.35,0.34,119.18,156.53,0.36,125.79,161.8,0.16,125.16,162.57,0.17,126.78,160.63,0.15,118.63,144.64,0.15,117.3,161.68
816,114.7,168.03,0.4,117.63,160.23,0.34,119.23,156.39,0.36,125.69,161.91,0.16,124.98,162.67,0.17,126.82,160.81,0.15,118.64,144.63,0.14,117.19,161.55
817,114.46,167.96,0.4,117.49,160.18,0.34,119.2,156.35,0.36,125.61,161.99,0.16,124.86,162.74,0.17,127.77,159.99,0.15,118.63,144.63,0.14,117.05,161.5
818,114.21,167.91,0.4,117.31,160.18,0.34,119.16,156.3,0.36,125.51,162.03,0.16,124.75,162.8,0.17,127.74,160.12,0.15,118.63,144.6,0.14,116.89,161.46
819,114.29,167.98,0.4,117.25,160.09,0.34,119.12,156.33,0.36,125.29,161.99,0.16,124.62,162.73,0.17,127.67,160.18,0.15,118.54,144.51,0.14,116.89,161.46
820,114.35,168.08,0.4,117.27,160.13,0.34,119.06,156.41,0.36,125.25,161.9,0.16,124.64,162.64,0.17,127.63,160.11,0.15,118.52,144.48,0.14,116.89,161.54
821,114.52,168.28,0.4,117.33,160.27,0.34,118.99,156.57,0.35,125.2,161.82,0.16,124.69,162.56,0.16,127.57,160.07,0.15,118.46,144.43,0.15,116.95,161.71
822,114.84,168.43,0.4,117.57,160.37,0.35,118.94,156.82,0.36,125.17,161.66,0.17,124.75,162.38,0.16,127.46,159.81,0.16,118.38,144.41,0.17,117.11,161.87
823,115.49,168.41,0.38,117.74,160.11,0.35,119.11,156.85,0.37,124.84,161.57,0.16,124.68,162.13,0.15,126.1,160.78,0.15,118.32,144.38,0.19,117.45,161.79
824,115.94,149.14,0.36,117.69,159.56,0.33,119.5,156.51,0.36,124.4,161.21,0.12,124.45,161.74,0.11,114.89,147.94,0.13,118.15,144.36,0.21,117.71,155.07
825,116.01,149.21,0.35,117.61,159.37,0.3,122.1,156.63,0.32,115.11,154.79,0.09,118.92,154.98,0.08,114.58,147.46,0.11,117.81,144.27,0.23,118.57,155.07
826,116.13,148.98,0.34,117.37,158.93,0.26,122.36,156.05,0.32,124.06,163.25,0.08,118.42,154.99,0.06,125.41,163.89,0.1,117.92,144.38,0.2,118.62,154.66
827,116.22,148.89,0.32,117.41,158.79,0.24,122.32,155.85,0.31,124.17,163.38,0.08,118.3,154.79,0.06,125.58,164.04,0.09,118.03,144.44,0.18,118.65,154.51
828,116.41,148.73,0.28,117.54,158.8,0.22,122.23,155.73,0.29,114.68,154.89,0.06,118.22,154.37,0.05,125.29,164.0,0.08,118.16,144.43,0.16,118.73,154.42
829,116.76,148.37,0.28,117.59,158.49,0.2,122.23,155.55,0.26,123.7,163.05,0.07,117.9,154.27,0.05,125.37,164.24,0.09,118.29,144.88,0.12,118.86,154.14
830,116.93,148.17,0.25,117.58,158.54,0.18,122.22,155.52,0.24,123.21,162.79,0.06,117.74,154.04,0.04,125.12,164.24,0.09,118.35,144.99,0.11,118.91,154.08
831,117.13,148.34,0.24,117.78,158.85,0.18,122.3,155.93,0.23,122.98,162.6,0.05,117.81,153.86,0.03,124.89,164.16,0.09,118.49,145.24,0.11,119.07,154.38
832,117.36,148.29,0.22,117.94,159.14,0.19,122.49,156.27,0.22,122.7,162.27,0.05,117.82,153.85,0.03,124.67,163.91,0.09,118.64,145.37,0.11,119.26,154.57
833,117.8,148.54,0.19,118.48,159.7,0.18,117.51,160.92,0.2,122.89,162.24,0.04,115.32,140.07,0.03,124.71,163.88,0.08,119.16,145.77,0.1,117.93,156.39
834,117.9,148.58,0.19,118.62,159.91,0.19,117.53,161.22,0.21,122.78,161.97,0.04,118.12,153.24,0.03,124.61,163.65,0.08,119.18,145.85,0.11,118.02,156.57
835,117.78,148.47,0.19,118.58,159.85,0.19,117.48,161.15,0.21,122.95,161.98,0.04,115.44,140.08,0.03,124.75,163.61,0.08,119.22,145.69,0.11,117.94,156.49
836,117.66,148.22,0.2,118.41,159.67,0.19,117.58,161.03,0.21,123.0,161.98,0.04,118.22,153.81,0.03,124.92,163.57,0.08,119.2,145.54,0.11,117.88,156.31
837,117.69,148.26,0.2,118.48,159.75,0.19,117.49,161.06,0.21,123.1,162.02,0.03,118.37,153.68,0.03,124.91,163.59,0.08,119.22,145.48,0.12,117.89,156.35
838,117.66,148.34,0.19,118.62,159.85,0.19,117.42,161.1,0.21,123.24,162.03,0.03,118.53,153.57,0.03,124.94,163.57,0.08,119.21,145.49,0.12,117.9,156.43
839,117.65,148.3,0.19,118.6,159.85,0.19,117.36,161.13,0.21,123.25,162.01,0.03,118.51,153.56,0.03,124.95,163.56,0.08,119.22,145.45,0.12,117.87,156.43
840,117.59,148.27,0.2,118.57,159.85,0.19,117.4,161.12,0.21,123.23,162.01,0.03,118.51,153.68,0.03,124.96,163.54,0.08,119.19,145.43,0.12,117.85,156.41
841,117.58,148.12,0.2,118.42,159.76,0.19,122.75,156.72,0.22,123.08,161.97,0.03,118.38,153.86,0.03,124.96,163.51,0.08,119.2,145.37,0.12,119.58,154.87
842,117.59,148.13,0.2,118.42,159.77,0.19,122.76,156.75,0.22,123.08,161.97,0.03,118.37,153.84,0.03,124.94,163.51,0.08,119.2,145.38,0.12,119.59,154.88
843,117.6,148.16,0.2,118.46,159.76,0.19,122.76,156.7,0.21,123.1,161.99,0.03,118.4,153.8,0.03,124.92,163.52,0.08,119.19,145.39,0.12,119.61,154.87
844,117.6,148.17,0.2,118.43,159.7,0.19,122.76,156.7,0.21,123.06,161.99,0.03,118.33,153.78,0.03,124.89,163.54,0.08,119.17,145.41,0.12,119.6,154.86
845,117.63,148.29,0.19,118.54,159.76,0.19,117.42,161.1,0.21,123.07,161.96,0.03,118.38,153.57,0.03,124.83,163.52,0.08,119.14,145.46,0.13,117.86,156.38
846,117.7,148.24,0.19,118.57,159.71,0.19,117.48,161.05,0.21,123.08,161.94,0.04,118.3,153.54,0.03,124.84,163.52,0.08,119.18,145.5,0.12,117.92,156.33
847,117.82,148.38,0.19,118.73,159.84,0.19,117.51,161.13,0.21,123.13,161.96,0.04,118.34,153.29,0.03,124.78,163.58,0.08,119.21,145.63,0.12,118.02,156.45
848,117.98,148.43,0.18,118.81,159.85,0.19,117.6,161.21,0.21,123.08,161.9,0.04,118.29,153.16,0.03,124.72,163.58,0.08,119.24,145.72,0.12,118.13,156.5
849,118.16,148.85,0.18,119.23,160.1,0.18,117.61,161.37,0.22,126.88,163.57,0.03,118.54,152.61,0.03,124.64,163.65,0.07,119.33,145.95,0.11,118.33,156.77
850,123.63,166.87,0.18,123.23,162.39,0.19,117.76,161.7,0.23,127.06,163.63,0.04,118.68,152.24,0.03,124.34,163.59,0.06,119.39,146.22,0.11,121.54,163.65
851,123.86,166.86,0.23,123.32,162.31,0.22,117.92,161.93,0.26,127.09,163.59,0.04,118.79,151.84,0.04,123.86,163.4,0.06,119.29,146.43,0.12,121.7,163.7
852,124.17,166.5,0.25,123.29,162.16,0.23,118.76,163.65,0.27,115.11,154.07,0.05,118.75,151.71,0.04,123.69,163.49,0.07,119.26,146.59,0.12,122.08,164.11
853,125.03,166.52,0.27,123.53,162.17,0.25,121.42,164.22,0.3,114.97,154.09,0.05,118.81,151.61,0.05,123.45,163.53,0.07,119.35,146.72,0.13,123.33,164.3
854,125.05,166.37,0.25,123.58,162.15,0.24,121.58,164.17,0.29,122.88,161.71,0.05,118.79,151.66,0.05,123.62,163.69,0.07,119.41,146.81,0.12,123.4,164.23
855,124.95,166.38,0.25,123.53,162.15,0.24,121.52,164.12,0.29,122.88,161.68,0.05,118.8,151.73,0.05,123.64,163.64,0.07,119.35,146.73,0.12,123.33,164.22
856,124.92,166.48,0.24,123.52,162.18,0.23,119.1,163.82,0.28,122.87,161.65,0.05,118.76,151.68,0.05,123.66,163.64,0.07,119.35,146.7,0.12,122.52,164.16
857,124.12,166.24,0.22,123.25,162.08,0.21,118.29,161.56,0.26,126.98,163.72,0.04,118.64,151.98,0.04,123.94,163.71,0.06,119.29,146.55,0.11,121.89,163.29
858,123.24,165.95,0.19,123.12,162.09,0.18,118.18,160.96,0.23,126.99,163.82,0.04,118.64,152.39,0.04,124.51,163.92,0.06,119.24,146.39,0.09,121.51,163.0
859,117.94,148.86,0.19,119.09,159.57,0.18,117.95,160.6,0.21,123.48,162.15,0.04,118.66,152.7,0.03,124.69,163.85,0.07,119.14,145.89,0.1,118.33,156.34
860,117.54,148.33,0.21,118.64,159.05,0.17,122.43,156.1,0.19,124.01,162.66,0.05,118.62,153.32,0.03,125.36,164.05,0.08,119.02,145.44,0.09,119.54,154.5
861,116.72,147.83,0.27,118.21,158.18,0.16,120.59,154.46,0.24,125.0,163.4,0.09,122.98,163.36,0.04,126.41,164.1,0.08,118.59,144.73,0.09,118.5,153.49
862,116.78,148.24,0.27,118.33,158.16,0.16,120.5,154.51,0.24,125.29,163.51,0.09,123.26,163.53,0.05,126.47,164.03,0.08,118.55,144.68,0.1,118.53,153.64
863,116.62,148.61,0.28,117.47,153.53,0.18,120.28,154.63,0.25,125.32,163.52,0.09,118.98,153.23,0.05,126.34,163.96,0.08,118.22,144.55,0.11,118.12,152.25
864,116.53,148.89,0.28,117.54,153.57,0.19,120.09,154.68,0.25,125.33,163.55,0.08,118.99,152.98,0.05,126.29,163.94,0.08,118.03,144.47,0.12,118.05,152.38
865,116.54,149.08,0.29,117.55,153.71,0.2,120.13,154.63,0.26,125.6,163.72,0.09,119.06,152.92,0.05,126.55,163.94,0.08,117.98,144.6,0.11,118.07,152.47
866,116.59,149.26,0.3,117.52,153.85,0.21,120.14,154.61,0.27,125.75,163.81,0.1,123.8,164.01,0.05,126.69,163.92,0.09,117.96,144.72,0.11,118.08,152.57
867,116.6,149.44,0.3,117.53,153.88,0.21,120.05,154.63,0.27,125.84,163.86,0.1,119.09,152.63,0.06,126.74,163.93,0.09,117.86,144.74,0.11,118.06,152.65
868,116.55,149.56,0.29,117.6,153.88,0.21,119.95,154.68,0.27,125.83,163.84,0.1,119.14,152.48,0.06,126.7,163.9,0.08,117.77,144.69,0.11,118.04,152.7
869,116.55,149.74,0.29,117.7,153.89,0.21,117.74,154.61,0.27,125.89,163.87,0.09,119.23,152.26,0.06,126.7,163.91,0.08,117.69,144.67,0.11,117.33,152.75
870,116.54,149.76,0.29,117.71,153.89,0.21,117.72,154.63,0.28,125.88,163.83,0.09,119.22,152.23,0.06,126.67,163.89,0.08,117.68,144.68,0.11,117.32,152.76
871,116.49,149.77,0.29,117.73,153.85,0.21,117.7,154.6,0.28,125.87,163.8,0.09,119.27,152.17,0.06,126.65,163.86,0.08,117.62,144.59,0.12,117.31,152.74
872,116.49,149.77,0.29,117.7,153.86,0.22,117.8,154.62,0.28,125.8,163.73,0.09,119.22,152.16,0.06,126.56,163.84,0.08,117.58,144.57,0.12,117.33,152.75
873,116.53,149.86,0.29,117.7,153.86,0.22,117.83,154.65,0.28,125.71,163.64,0.09,119.21,151.98,0.06,126.43,163.81,0.08,117.53,144.57,0.12,117.35,152.79
874,116.52,149.86,0.29,117.7,153.85,0.22,117.82,154.68,0.28,125.7,163.61,0.09,119.2,151.96,0.06,126.39,163.79,0.08,117.47,144.52,0.12,117.35,152.8
875,116.41,150.01,0.29,117.71,153.83,0.22,117.71,154.65,0.29,125.74,163.62,0.09,119.21,151.86,0.06,126.37,163.77,0.08,117.21,144.42,0.14,117.28,152.83
876,116.44,150.06,0.29,117.68,153.8,0.22,117.58,154.66,0.29,125.72,163.69,0.09,119.13,151.79,0.06,126.41,163.85,0.08,117.26,144.44,0.13,117.23,152.84
877,118.93,164.14,0.29,117.76,153.76,0.22,117.5,154.63,0.28,125.77,163.68,0.08,119.24,151.63,0.06,126.41,163.84,0.08,117.29,144.4,0.13,118.06,157.51
878,119.21,163.99,0.28,117.79,153.76,0.21,117.67,154.61,0.28,125.82,163.62,0.08,119.36,151.58,0.06,126.39,163.77,0.08,117.37,144.42,0.13,118.23,157.46
879,116.48,149.95,0.28,117.79,153.74,0.21,117.61,154.56,0.28,125.84,163.64,0.08,119.36,151.67,0.06,126.44,163.77,0.08,117.34,144.36,0.13,117.29,152.75
880,116.42,149.94,0.28,117.75,153.74,0.21,117.54,154.55,0.28,125.84,163.67,0.08,119.31,151.7,0.06,126.47,163.79,0.08,117.31,144.35,0.13,117.24,152.74
881,116.4,149.97,0.28,117.76,153.75,0.21,117.49,154.59,0.28,125.82,163.66,0.08,119.3,151.66,0.06,126.42,163.8,0.07,117.28,144.34,0.13,117.21,152.77
882,116.4,149.98,0.28,117.77,153.76,0.21,117.45,154.58,0.28,125.84,163.68,0.08,119.32,151.64,0.06,126.45,163.81,0.07,117.28,144.36,0.13,117.21,152.77
883,118.98,164.19,0.28,117.81,153.79,0.21,117.51,154.62,0.28,125.83,163.61,0.08,119.38,151.6,0.06,126.38,163.77,0.07,117.25,144.34,0.13,118.1,157.53
884,119.13,164.19,0.28,122.67,161.43,0.21,117.56,154.65,0.28,125.82,163.55,0.08,119.41,151.48,0.06,126.31,163.74,0.07,117.25,144.34,0.14,119.79,160.09
885,119.17,164.23,0.28,122.71,161.43,0.21,117.54,154.68,0.28,125.8,163.52,0.08,119.42,151.35,0.06,126.28,163.75,0.07,117.31,144.38,0.13,119.8,160.11
886,119.22,164.27,0.29,122.79,161.4,0.21,117.56,154.73,0.28,125.81,163.44,0.07,119.51,151.28,0.06,126.23,163.69,0.07,117.38,144.47,0.13,119.85,160.14
887,119.14,164.24,0.29,122.7,161.41,0.21,117.55,154.68,0.28,125.8,163.5,0.08,119.43,151.44,0.06,126.28,163.72,0.07,117.32,144.4,0.13,119.8,160.11
888,119.06,164.19,0.29,117.82,153.81,0.21,117.55,154.68,0.28,125.77,163.57,0.08,119.33,151.59,0.06,126.31,163.76,0.07,117.24,144.37,0.14,118.15,157.56
889,118.96,164.24,0.29,117.83,153.81,0.21,117.45,154.69,0.28,125.78,163.6,0.08,119.31,151.53,0.06,126.33,163.8,0.07,117.24,144.38,0.13,118.08,157.58
890,118.89,164.21,0.29,117.81,153.81,0.22,117.44,154.67,0.28,125.75,163.64,0.08,119.25,151.63,0.06,126.34,163.81,0.07,117.2,144.38,0.14,118.04,157.56
891,116.44,150.0,0.29,117.73,153.8,0.22,117.62,154.6,0.28,125.83,163.73,0.09,119.24,151.79,0.06,126.48,163.83,0.08,117.3,144.39,0.13,117.26,152.8
892,116.44,150.01,0.29,117.75,153.82,0.22,117.66,154.56,0.28,125.87,163.73,0.09,119.32,151.8,0.06,126.52,163.8,0.08,117.32,144.42,0.13,117.28,152.79
893,116.47,150.01,0.28,117.8,153.78,0.21,117.59,154.66,0.28,125.79,163.65,0.08,119.33,151.68,0.06,126.38,163.81,0.08,117.3,144.38,0.13,117.29,152.82
894,119.12,164.39,0.28,117.82,153.71,0.21,117.49,154.76,0.27,125.67,163.56,0.08,119.27,151.65,0.06,126.23,163.83,0.07,117.28,144.37,0.14,118.14,157.62
895,119.1,164.24,0.28,117.82,153.8,0.21,117.54,154.75,0.28,125.69,163.57,0.08,119.26,151.63,0.06,126.24,163.8,0.07,117.19,144.36,0.14,118.15,157.6
896,119.11,164.2,0.29,117.8,153.79,0.21,117.52,154.74,0.28,125.72,163.58,0.08,119.26,151.61,0.06,126.25,163.8,0.07,117.19,144.38,0.14,118.15,157.58
897,119.11,164.05,0.29,117.79,153.84,0.22,117.61,154.7,0.29,125.76,163.61,0.08,119.26,151.65,0.06,126.3,163.76,0.08,117.15,144.38,0.14,118.17,157.53
898,119.11,163.92,0.29,117.78,153.9,0.23,117.7,154.72,0.3,125.77,163.6,0.08,119.25,151.69,0.07,126.32,163.72,0.08,117.11,144.39,0.15,118.2,157.51
899,119.09,163.93,0.29,117.79,153.86,0.23,117.68,154.66,0.29,125.8,163.61,0.08,119.29,151.65,0.07,126.35,163.72,0.08,117.14,144.36,0.15,118.19,157.49
900,119.12,164.11,0.29,117.84,153.89,0.22,117.7,154.76,0.29,125.8,163.6,0.08,119.34,151.61,0.07,126.28,163.74,0.08,117.15,144.38,0.15,118.22,157.58
901,119.13,164.12,0.29,117.85,153.85,0.22,117.66,154.74,0.29,125.79,163.58,0.08,119.35,151.55,0.07,126.26,163.72,0.08,117.12,144.34,0.15,118.21,157.57
902,119.13,164.05,0.29,117.83,153.84,0.22,117.68,154.64,0.29,125.77,163.58,0.08,119.39,151.63,0.06,126.34,163.72,0.08,117.24,144.4,0.14,118.22,157.51
903,116.43,150.01,0.29,117.79,153.79,0.22,117.6,154.61,0.28,125.77,163.66,0.08,119.3,151.73,0.06,126.41,163.79,0.08,117.31,144.4,0.13,117.27,152.8
904,116.39,149.96,0.29,117.74,153.81,0.22,117.64,154.61,0.29,125.74,163.72,0.09,119.21,151.87,0.06,126.46,163.84,0.08,117.32,144.41,0.13,117.26,152.79
905,116.33,150.01,0.3,117.81,153.92,0.23,117.74,154.54,0.3,125.88,163.76,0.09,119.35,151.95,0.07,126.55,163.78,0.08,117.29,144.42,0.14,117.29,152.83
906,115.53,149.09,0.31,117.82,154.02,0.24,117.82,154.51,0.3,125.98,163.79,0.1,119.42,152.09,0.07,126.61,163.73,0.08,117.27,144.4,0.15,117.05,152.54
907,115.44,149.28,0.33,117.81,154.23,0.26,119.66,154.67,0.32,126.04,163.94,0.1,119.4,152.47,0.08,126.72,163.8,0.09,117.31,144.45,0.15,117.63,152.73
908,116.11,150.12,0.35,117.8,154.59,0.28,119.72,154.65,0.35,126.31,164.2,0.12,119.34,153.01,0.08,127.0,163.84,0.1,117.51,144.6,0.15,117.88,153.12
909,118.09,159.06,0.36,117.88,154.75,0.3,119.58,154.68,0.36,126.48,164.14,0.12,119.51,152.86,0.09,114.53,146.18,0.1,117.49,144.51,0.16,118.52,156.16
910,118.03,159.42,0.36,118.01,154.86,0.29,117.75,154.52,0.36,126.48,164.01,0.11,119.7,152.78,0.09,114.57,146.18,0.11,117.41,144.42,0.17,117.93,156.27
911,118.05,159.67,0.36,118.02,154.94,0.29,117.77,154.7,0.36,126.35,163.86,0.11,119.77,152.83,0.09,114.6,146.3,0.12,117.41,144.39,0.18,117.95,156.44
912,115.75,150.1,0.37,117.87,155.08,0.31,119.65,154.77,0.39,126.59,164.07,0.12,128.85,159.55,0.1,114.83,146.48,0.11,117.67,144.49,0.17,117.76,153.32
913,117.41,159.34,0.39,117.83,155.55,0.31,119.65,154.94,0.4,126.79,163.94,0.14,125.26,162.09,0.12,115.25,146.75,0.14,117.87,144.31,0.17,118.3,156.61
914,116.72,159.82,0.4,118.31,159.11,0.31,119.42,155.23,0.41,127.01,163.84,0.16,125.51,162.24,0.16,115.59,146.83,0.17,118.13,144.28,0.15,118.15,158.05
915,116.1,160.9,0.41,117.83,159.42,0.35,119.05,155.22,0.44,126.67,161.18,0.19,125.34,162.37,0.21,127.64,158.15,0.2,118.26,144.09,0.13,117.66,158.51
916,114.88,161.28,0.42,117.35,159.84,0.38,118.29,155.44,0.45,125.95,159.39,0.22,125.39,162.46,0.23,127.21,157.84,0.24,117.62,144.43,0.11,116.84,158.85
917,111.54,166.62,0.44,117.13,160.1,0.39,118.03,155.82,0.42,125.81,159.5,0.21,125.27,162.52,0.23,127.08,158.04,0.23,117.82,144.75,0.1,115.57,160.84
918,111.29,166.98,0.45,116.91,160.4,0.38,117.99,156.07,0.39,125.73,159.87,0.2,125.23,162.74,0.22,127.15,158.6,0.21,118.85,144.63,0.11,115.4,161.15
919,110.88,167.31,0.45,118.4,163.5,0.39,117.53,156.35,0.37,125.64,159.88,0.19,125.3,162.72,0.22,115.87,147.18,0.21,118.84,144.59,0.11,115.61,162.39
920,110.52,167.56,0.45,118.1,163.73,0.4,115.0,158.02,0.36,125.5,159.94,0.18,125.23,162.73,0.22,115.86,147.29,0.21,118.8,144.49,0.12,114.54,163.1
921,110.22,167.66,0.44,117.89,163.83,0.41,114.74,158.1,0.35,125.28,159.99,0.17,125.18,162.75,0.21,115.83,147.35,0.2,118.79,144.45,0.12,114.28,163.19
922,109.97,168.01,0.44,117.7,164.09,0.42,114.33,158.42,0.36,125.3,161.35,0.16,125.19,162.76,0.21,115.72,147.47,0.2,118.76,144.35,0.13,114.0,163.51
923,110.38,168.18,0.44,117.79,164.02,0.41,114.5,158.57,0.36,124.97,161.44,0.16,124.94,162.72,0.2,115.47,147.56,0.19,118.75,144.3,0.14,114.22,163.59
924,111.48,168.49,0.43,116.19,161.17,0.4,114.79,158.91,0.36,124.12,160.73,0.18,124.34,162.56,0.19,115.03,147.94,0.18,118.52,143.98,0.16,114.15,162.86
925,113.5,168.85,0.43,116.69,160.31,0.39,120.0,157.56,0.38,123.9,160.93,0.21,123.86,162.15,0.18,126.41,159.83,0.21,118.37,143.68,0.19,116.73,162.24
926,115.48,168.82,0.39,116.98,159.6,0.38,121.43,157.12,0.41,123.24,160.82,0.19,123.11,160.23,0.14,126.96,160.24,0.19,118.19,143.58,0.23,117.96,161.85
927,117.14,169.6,0.37,117.22,159.82,0.36,121.45,157.51,0.35,122.81,159.98,0.12,118.97,157.98,0.1,113.79,147.66,0.14,117.66,143.67,0.27,118.6,162.31
928,118.22,169.38,0.33,117.1,159.28,0.3,121.99,156.63,0.34,114.11,154.27,0.09,118.17,154.52,0.08,113.52,147.18,0.1,117.52,143.92,0.25,119.1,161.76
929,118.72,169.68,0.31,117.33,159.55,0.29,122.06,156.7,0.32,114.24,154.02,0.09,118.39,154.29,0.08,113.42,147.25,0.08,117.59,144.02,0.25,119.37,161.98
930,116.69,148.89,0.3,117.18,159.19,0.27,122.22,156.04,0.32,114.29,154.36,0.08,118.14,154.54,0.07,124.16,163.48,0.08,117.67,144.03,0.23,118.7,154.71
931,118.05,168.21,0.3,117.5,159.6,0.28,122.05,156.63,0.3,114.31,153.88,0.09,118.5,154.1,0.08,113.35,147.3,0.07,117.54,144.0,0.25,119.2,161.48
932,118.22,168.39,0.31,117.65,159.79,0.29,115.53,160.81,0.3,114.33,153.8,0.1,118.62,153.93,0.08,113.25,147.33,0.08,117.48,144.01,0.26,117.13,163.0
933,118.32,168.54,0.31,117.75,159.89,0.28,115.5,160.93,0.3,114.38,153.71,0.1,118.7,153.82,0.08,113.22,147.35,0.07,117.49,144.0,0.26,117.19,163.12
934,118.46,168.48,0.29,117.68,159.77,0.28,115.59,160.9,0.29,114.35,153.91,0.1,118.56,153.93,0.07,123.83,163.22,0.07,117.55,143.98,0.25,117.24,163.05
935,118.55,168.51,0.29,117.66,159.69,0.27,115.63,160.88,0.29,114.35,153.9,0.09,118.54,153.91,0.07,123.83,163.2,0.06,117.48,143.91,0.25,117.28,163.03
936,118.58,168.55,0.28,117.63,159.65,0.27,115.62,160.89,0.29,114.3,153.84,0.09,118.5,153.87,0.07,123.78,163.17,0.06,117.41,143.88,0.25,117.28,163.03
937,118.6,168.52,0.28,117.61,159.61,0.27,122.08,156.57,0.29,114.33,153.95,0.09,118.48,153.97,0.07,123.82,163.19,0.06,117.44,143.86,0.25,119.43,161.56
938,118.64,168.47,0.27,117.59,159.54,0.27,122.12,156.46,0.29,114.33,153.97,0.09,118.45,153.99,0.07,123.87,163.23,0.07,117.48,143.86,0.24,119.45,161.49
939,118.75,168.68,0.28,117.83,159.78,0.27,115.61,160.98,0.29,114.41,153.69,0.09,118.67,153.65,0.07,123.79,163.13,0.06,117.49,143.87,0.24,117.4,163.15
940,118.88,168.63,0.28,117.92,159.75,0.26,115.62,160.96,0.28,114.44,153.56,0.09,118.69,153.44,0.07,123.87,163.18,0.06,117.6,143.9,0.23,117.48,163.11
941,118.95,168.46,0.27,117.92,159.6,0.25,115.71,160.82,0.27,114.46,153.57,0.08,118.66,153.4,0.06,124.01,163.24,0.06,117.71,143.88,0.22,117.53,162.96
942,118.83,168.51,0.27,117.9,159.61,0.26,115.71,160.86,0.28,114.47,153.59,0.09,118.68,153.54,0.06,124.0,163.24,0.06,117.67,143.88,0.23,117.48,162.99
943,119.83,169.87,0.26,117.7,159.48,0.26,122.18,156.31,0.29,114.42,153.88,0.09,118.57,153.88,0.07,124.0,163.29,0.07,117.59,143.84,0.23,119.9,161.88
944,119.75,170.03,0.26,117.7,159.56,0.26,122.12,156.46,0.29,114.38,153.76,0.09,118.59,153.84,0.07,123.91,163.25,0.06,117.59,143.84,0.23,119.86,162.02
945,119.79,169.96,0.26,117.68,159.51,0.26,122.15,156.32,0.29,114.44,153.87,0.09,118.6,153.94,0.07,123.97,163.26,0.07,117.6,143.8,0.23,119.87,161.93
946,118.67,168.38,0.26,117.71,159.46,0.26,122.19,156.22,0.29,114.46,153.87,0.09,118.59,153.88,0.07,124.02,163.26,0.07,117.6,143.83,0.23,119.52,161.35
947,119.85,169.95,0.26,117.73,159.49,0.26,122.16,156.33,0.28,114.42,153.75,0.09,118.59,153.79,0.07,123.96,163.22,0.06,117.61,143.82,0.23,119.91,161.92
948,118.54,168.57,0.27,117.83,159.68,0.27,115.66,160.82,0.29,114.47,153.64,0.1,118.76,153.75,0.07,123.91,163.17,0.06,117.53,143.85,0.24,117.34,163.02
949,118.49,168.47,0.27,117.78,159.62,0.27,115.73,160.73,0.29,114.5,153.75,0.09,118.73,153.88,0.07,123.94,163.2,0.07,117.48,143.82,0.24,117.33,162.94
950,119.62,169.85,0.27,117.75,159.53,0.27,122.15,156.46,0.29,114.48,153.72,0.09,118.69,153.86,0.07,123.99,163.24,0.07,117.51,143.83,0.24,119.84,161.95
951,118.36,168.48,0.29,118.0,159.83,0.27,115.64,160.73,0.29,114.63,153.36,0.1,119.02,153.54,0.07,113.42,147.3,0.07,117.5,143.83,0.25,117.33,163.02
952,118.26,168.36,0.3,118.15,159.89,0.26,115.59,160.64,0.29,114.72,153.07,0.1,119.17,153.24,0.07,113.47,147.14,0.07,117.55,143.84,0.25,117.33,162.96
953,118.43,168.33,0.3,118.25,159.88,0.26,115.74,160.6,0.29,114.82,153.12,0.09,119.2,153.19,0.07,113.56,147.18,0.07,117.66,143.95,0.24,117.47,162.93
954,118.66,168.21,0.28,118.29,159.78,0.26,115.94,160.52,0.28,114.91,153.32,0.09,119.16,153.32,0.06,124.28,163.23,0.07,117.79,144.01,0.23,117.63,162.84
955,118.8,168.38,0.28,118.35,159.9,0.26,115.88,160.68,0.28,114.88,153.26,0.09,119.13,153.15,0.06,124.23,163.25,0.06,117.79,144.02,0.23,117.68,162.98
956,119.08,167.81,0.27,118.33,159.58,0.23,116.18,160.32,0.25,114.85,153.48,0.07,118.96,153.0,0.06,124.67,163.58,0.06,117.87,144.11,0.2,117.86,162.57
957,117.06,148.88,0.22,118.43,159.18,0.2,122.14,156.03,0.22,114.88,153.67,0.05,118.82,152.63,0.05,125.04,164.02,0.05,118.15,144.37,0.16,119.21,154.7
958,122.02,165.87,0.23,122.76,162.36,0.21,117.12,160.12,0.21,115.11,153.39,0.04,122.23,150.97,0.05,124.46,163.89,0.05,118.21,144.74,0.15,120.63,162.78
959,122.95,165.84,0.31,123.05,162.07,0.27,120.82,163.42,0.3,115.14,153.54,0.06,122.27,150.59,0.07,123.64,163.48,0.06,118.11,145.27,0.18,122.27,163.78
960,123.85,165.96,0.3,123.25,161.98,0.27,120.98,163.66,0.32,115.02,153.75,0.08,122.35,150.45,0.07,110.95,154.25,0.07,118.22,145.62,0.19,122.69,163.87
961,124.59,166.77,0.26,123.64,162.31,0.26,121.12,164.15,0.3,114.81,153.73,0.07,119.12,151.45,0.06,123.64,163.17,0.07,118.65,145.92,0.16,123.12,164.41
962,126.56,168.03,0.24,124.82,163.3,0.32,121.99,165.39,0.37,114.18,154.26,0.11,121.23,154.75,0.09,110.23,155.13,0.11,119.0,146.48,0.14,124.46,165.57
963,128.91,169.31,0.27,124.3,164.38,0.44,123.5,166.7,0.48,113.76,154.47,0.18,122.11,154.33,0.17,109.72,156.08,0.19,118.47,149.75,0.13,125.57,166.8
964,131.7,172.6,0.27,125.97,165.3,0.44,125.84,167.77,0.43,114.08,155.51,0.21,123.14,154.75,0.2,122.43,163.11,0.22,117.79,153.36,0.18,127.84,168.55
965,133.44,172.72,0.3,129.76,165.52,0.42,128.06,169.38,0.4,120.65,163.02,0.23,123.17,155.33,0.22,122.59,165.17,0.22,118.29,156.5,0.13,130.42,169.21
966,135.08,170.72,0.37,130.32,167.48,0.4,131.0,170.99,0.4,121.31,164.93,0.23,123.1,156.23,0.22,118.28,167.79,0.2,119.9,161.27,0.12,132.13,169.73
967,138.38,172.67,0.43,133.15,167.66,0.43,134.8,171.66,0.38,125.03,168.9,0.24,126.04,163.86,0.26,123.56,171.47,0.19,120.29,162.49,0.16,135.44,170.67
968,143.13,170.97,0.49,134.65,169.02,0.49,137.96,174.39,0.45,129.37,170.72,0.24,128.98,168.42,0.28,128.14,173.28,0.19,121.6,164.22,0.17,138.58,171.46
969,145.83,170.9,0.55,136.65,170.36,0.54,141.16,175.04,0.54,131.71,172.04,0.34,131.06,169.78,0.36,131.3,174.5,0.27,120.72,164.87,0.13,141.21,172.1
970,148.96,171.11,0.55,138.06,170.59,0.42,144.02,174.62,0.39,135.43,174.32,0.36,134.83,172.26,0.33,136.28,175.24,0.35,136.45,176.39,0.16,143.68,172.1
971,151.55,170.85,0.59,142.66,170.97,0.42,147.91,174.35,0.36,138.19,174.73,0.38,136.9,172.23,0.39,138.76,176.07,0.34,137.21,176.58,0.18,147.38,172.06
972,153.77,170.27,0.47,144.87,170.73,0.39,149.89,173.74,0.35,141.69,174.22,0.29,140.4,170.65,0.3,141.84,176.88,0.25,136.65,176.02,0.15,149.51,171.58
973,154.72,170.33,0.29,146.43,170.53,0.3,150.8,172.79,0.29,146.55,174.14,0.21,144.55,172.74,0.21,146.66,175.91,0.15,136.48,174.81,0.11,150.65,171.22
974,159.29,171.86,0.28,149.01,171.63,0.3,152.28,173.84,0.29,147.06,173.92,0.21,145.15,171.86,0.22,146.7,176.28,0.14,136.51,174.29,0.15,153.52,172.45
975,160.44,171.76,0.33,150.69,171.79,0.33,153.98,174.01,0.31,147.98,174.4,0.22,145.8,171.74,0.23,150.61,175.25,0.15,148.04,174.37,0.14,155.04,172.52
976,164.11,171.92,0.32,150.8,171.16,0.3,157.47,174.42,0.23,150.81,175.07,0.2,148.15,173.19,0.21,154.03,174.38,0.13,151.26,175.05,0.14,157.46,172.5
977,165.61,171.73,0.36,150.86,171.72,0.29,160.57,174.95,0.24,155.62,175.09,0.19,150.44,174.7,0.19,156.88,174.24,0.15,153.64,176.38,0.14,159.02,172.8
978,166.44,171.58,0.37,151.29,171.79,0.3,161.08,174.85,0.25,156.44,175.38,0.2,151.23,174.8,0.19,157.7,174.53,0.16,153.8,176.78,0.14,159.6,172.74
979,166.78,171.25,0.39,152.44,171.43,0.31,161.35,174.41,0.28,156.92,175.6,0.2,151.6,174.38,0.2,158.15,175.23,0.17,153.16,176.81,0.14,160.19,172.36
980,167.85,170.73,0.43,154.1,171.0,0.35,162.05,173.84,0.32,157.61,175.31,0.23,153.06,173.41,0.23,157.96,175.62,0.21,148.97,177.46,0.16,161.34,171.86
981,168.14,170.72,0.44,154.55,170.97,0.37,162.18,173.69,0.33,157.69,175.24,0.25,153.41,173.46,0.24,157.8,175.43,0.23,149.31,177.42,0.17,161.62,171.79
982,168.46,170.76,0.44,154.83,170.98,0.38,162.37,173.57,0.34,157.85,175.18,0.27,153.72,173.54,0.25,157.88,175.25,0.25,149.65,177.41,0.18,161.89,171.77
983,169.35,170.65,0.44,155.28,170.92,0.39,163.66,175.11,0.35,157.89,175.04,0.31,154.32,173.31,0.27,157.73,175.22,0.27,150.05,177.25,0.19,162.76,172.23
984,169.36,170.62,0.46,158.73,170.77,0.4,163.76,175.03,0.37,157.94,175.19,0.31,155.69,173.65,0.27,157.9,175.68,0.26,150.14,176.97,0.2,163.95,172.14
985,168.64,170.5,0.46,158.38,170.79,0.4,163.49,174.78,0.36,158.08,175.33,0.29,155.64,173.73,0.25,158.17,175.95,0.24,150.18,176.71,0.19,163.5,172.02
986,167.91,170.35,0.47,158.31,170.7,0.41,162.19,173.02,0.37,158.02,175.48,0.27,153.91,173.25,0.24,158.28,176.31,0.23,150.38,176.61,0.17,162.8,171.36
987,167.09,170.26,0.41,155.35,170.98,0.39,161.67,172.65,0.34,158.42,175.61,0.26,155.5,174.1,0.22,158.81,176.1,0.21,152.04,176.59,0.14,161.37,171.3
988,166.5,170.22,0.37,154.85,171.2,0.39,161.22,172.51,0.32,158.63,175.98,0.25,155.33,174.64,0.21,159.36,176.29,0.21,219.55,26.02,0.15,160.86,171.31
989,166.57,170.12,0.38,154.99,171.01,0.39,161.49,172.75,0.33,158.06,176.18,0.25,153.3,174.28,0.22,159.21,177.08,0.2,151.41,176.85,0.14,161.02,171.29
990,166.56,169.84,0.4,155.23,170.67,0.38,161.93,172.89,0.35,157.54,176.44,0.24,152.54,173.85,0.24,159.31,178.09,0.19,221.22,25.98,0.15,161.24,171.13
991,166.04,169.75,0.38,155.15,170.78,0.38,161.66,172.72,0.35,157.56,176.73,0.24,152.43,174.23,0.24,159.61,178.29,0.18,221.12,26.17,0.19,160.95,171.08
992,165.33,169.7,0.32,154.9,171.19,0.38,161.3,172.25,0.31,158.28,176.9,0.22,152.85,175.1,0.2,160.37,177.76,0.17,216.28,26.66,0.19,160.51,171.04
993,164.74,169.32,0.31,154.9,170.97,0.38,161.3,171.63,0.3,158.79,176.5,0.19,153.21,175.18,0.17,160.73,177.09,0.15,152.17,176.69,0.11,160.32,170.64
994,165.13,168.94,0.37,155.07,170.21,0.41,161.5,171.55,0.37,157.99,176.13,0.24,152.87,174.47,0.23,159.8,176.93,0.19,151.58,176.85,0.13,160.57,170.23
995,164.74,168.7,0.38,155.06,169.96,0.42,161.44,171.5,0.38,157.6,176.01,0.24,152.52,174.17,0.24,159.53,177.11,0.19,151.21,176.69,0.13,160.41,170.05
996,164.08,168.56,0.35,154.61,169.94,0.43,161.0,171.51,0.38,157.14,176.1,0.25,152.22,174.2,0.22,159.34,177.3,0.19,150.96,176.37,0.13,159.9,170.0
997,163.98,168.42,0.35,154.55,169.79,0.44,160.82,171.42,0.39,156.92,176.01,0.27,152.14,174.14,0.23,158.99,177.13,0.21,150.89,176.29,0.14,159.78,169.88
998,164.09,167.39,0.37,154.76,169.51,0.44,160.84,171.35,0.41,156.7,175.83,0.3,152.07,173.87,0.25,158.62,177.06,0.24,150.82,176.34,0.15,159.9,169.42
999,164.13,167.03,0.39,154.77,169.27,0.44,160.77,171.19,0.42,156.66,175.5,0.32,152.23,173.57,0.26,158.44,176.72,0.26,150.89,176.25,0.16,159.89,169.16
1000,163.92,167.1,0.36,154.81,169.51,0.44,160.79,171.26,0.41,156.64,175.78,0.3,152.07,173.78,0.25,158.64,176.9,0.24,151.1,175.99,0.15,159.84,169.29
1001,147.37,171.49,0.3,153.84,170.98,0.45,159.17,171.37,0.37,156.59,176.93,0.29,152.17,175.32,0.23,158.66,177.15,0.24,151.92,175.64,0.14,153.46,171.28
1002,163.46,169.6,0.19,154.22,171.67,0.28,160.44,173.07,0.26,154.6,176.08,0.18,151.34,174.91,0.16,153.54,176.64,0.16,150.33,175.39,0.17,159.38,171.45
1003,149.46,171.69,0.13,154.4,171.76,0.19,160.57,173.17,0.16,154.52,175.67,0.15,151.88,173.94,0.14,153.03,176.78,0.15,149.79,175.27,0.2,154.81,172.21
1004,149.87,170.73,0.11,154.33,171.58,0.16,160.68,172.99,0.14,154.4,175.59,0.14,151.82,173.91,0.13,153.03,176.55,0.14,149.75,175.47,0.2,154.96,171.77
1005,148.83,171.71,0.15,154.42,171.5,0.2,160.68,172.86,0.17,154.45,175.94,0.17,151.69,174.63,0.16,153.19,176.28,0.16,150.14,175.72,0.18,154.64,172.02
1006,160.76,168.22,0.17,154.56,171.25,0.22,160.78,172.87,0.2,154.21,176.24,0.18,151.31,174.71,0.18,155.29,79.41,0.23,150.07,175.86,0.17,158.7,170.78
1007,161.09,167.88,0.14,154.43,171.01,0.18,161.07,172.97,0.18,144.69,83.53,0.17,131.27,80.85,0.18,154.45,79.82,0.21,149.3,175.9,0.19,158.86,170.62
