scorer,DLC_Resnet50_Capstone-project-DLCMar8shuffle1_snapshot_300,DLC_Resnet50_Capstone-project-DLCMar8shuffle1_snapshot_300,DLC_Resnet50_Capstone-project-DLCMar8shuffle1_snapshot_300,DLC_Resnet50_Capstone-project-DLCMar8shuffle1_snapshot_300,DLC_Resnet50_Capstone-project-DLCMar8shuffle1_snapshot_300,DLC_Resnet50_Capstone-project-DLCMar8shuffle1_snapshot_300,DLC_Resnet50_Capstone-project-DLCMar8shuffle1_snapshot_300,DLC_Resnet50_Capstone-project-DLCMar8shuffle1_snapshot_300,DLC_Resnet50_Capstone-project-DLCMar8shuffle1_snapshot_300,DLC_Resnet50_Capstone-project-DLCMar8shuffle1_snapshot_300,DLC_Resnet50_Capstone-project-DLCMar8shuffle1_snapshot_300,DLC_Resnet50_Capstone-project-DLCMar8shuffle1_snapshot_300,DLC_Resnet50_Capstone-project-DLCMar8shuffle1_snapshot_300,DLC_Resnet50_Capstone-project-DLCMar8shuffle1_snapshot_300,DLC_Resnet50_Capstone-project-DLCMar8shuffle1_snapshot_300,DLC_Resnet50_Capstone-project-DLCMar8shuffle1_snapshot_300,DLC_Resnet50_Capstone-project-DLCMar8shuffle1_snapshot_300,DLC_Resnet50_Capstone-project-DLCMar8shuffle1_snapshot_300,DLC_Resnet50_Capstone-project-DLCMar8shuffle1_snapshot_300,DLC_Resnet50_Capstone-project-DLCMar8shuffle1_snapshot_300,DLC_Resnet50_Capstone-project-DLCMar8shuffle1_snapshot_300
bodyparts,Nose,Nose,Nose,Left_Ear,Left_Ear,Left_Ear,Right_Ear,Right_Ear,Right_Ear,Body_Center,Body_Center,Body_Center,Left_Body,Left_Body,Left_Body,Right_Body,Right_Body,Right_Body,Tail_Base,Tail_Base,Tail_Base
coords,x,y,likelihood,x,y,likelihood,x,y,likelihood,x,y,likelihood,x,y,likelihood,x,y,likelihood,x,y,likelihood
0,116.64926,150.81807,0.23585373,119.670425,164.51825,0.25744647,114.89072,164.28345,0.3182458,114.4388,155.4187,0.10086612,117.306244,154.56874,0.06496574,123.30433,163.73509,0.06018809,118.478645,144.72679,0.22523153
1,116.60018,150.95654,0.24067028,117.3167,160.63603,0.27055934,114.834015,164.24228,0.3308573,114.36651,155.73668,0.108332545,117.23888,154.8699,0.067867905,123.34416,163.88342,0.06663408,118.355515,144.74695,0.22869216
2,116.52141,150.71487,0.23747589,119.640076,164.72464,0.27268612,115.05982,164.41121,0.3293165,114.57593,155.54909,0.12183757,117.58975,154.82957,0.079649396,123.50757,163.94603,0.068200536,118.52529,144.7888,0.22532997
3,116.5113,150.3037,0.23939377,119.610916,164.90291,0.25630993,115.24752,164.5962,0.30910727,114.69947,155.52892,0.117611416,117.54564,154.81107,0.07911466,123.70769,164.07219,0.06592538,118.525536,144.73026,0.22540082
4,116.40698,149.65894,0.24190184,119.56136,164.78781,0.23862225,122.21464,156.36755,0.3044305,114.6179,155.78732,0.11084072,117.155075,154.8687,0.07646205,123.954445,164.01927,0.06595641,118.6024,144.61824,0.22159979
5,116.41659,149.54869,0.24275741,119.561226,164.74097,0.2346701,122.2735,156.23735,0.30541912,114.55827,155.80777,0.10895127,117.099335,154.83316,0.07507921,123.99853,164.06123,0.06477451,118.62639,144.58543,0.21937315
6,116.394295,149.5418,0.2454182,119.53448,164.74394,0.23703487,122.298294,156.18398,0.31028193,114.60647,155.8572,0.1099266,117.09663,154.91005,0.07593893,124.031494,164.07426,0.07076068,118.62462,144.61217,0.21716729
7,116.37225,149.53683,0.24551429,119.55975,164.77335,0.23722342,122.28883,156.13335,0.31174684,114.67965,155.84366,0.11039841,117.14936,154.91475,0.07669043,124.02622,164.05255,0.071220994,118.63532,144.60185,0.21893272
8,116.40597,149.5168,0.24187142,119.58036,164.72734,0.23448464,122.28094,156.10542,0.30632192,114.62175,155.79465,0.1084077,117.117775,154.82552,0.07511369,124.02637,164.00328,0.06679267,118.688034,144.61446,0.21653505
9,116.41707,149.63794,0.24026406,119.611626,164.66302,0.23540209,122.28737,156.12938,0.30581802,114.57955,155.72507,0.10609228,117.090454,154.7602,0.07300174,124.009514,164.01889,0.064042985,118.6745,144.63434,0.21536566
10,116.40792,149.67947,0.23905054,119.62894,164.65385,0.2371673,122.24342,156.18413,0.3043391,114.577225,155.706,0.107799575,117.16452,154.77571,0.074188665,123.93086,163.94688,0.06304464,118.663284,144.61198,0.21781275
11,116.414894,149.70007,0.23857795,119.64053,164.7413,0.24147141,122.15507,156.34114,0.30211744,114.568695,155.68188,0.109432064,117.287575,154.77815,0.07507276,123.919815,163.89119,0.062280025,118.66338,144.5927,0.21945502
12,116.38309,149.67377,0.24104784,119.62839,164.80998,0.24667451,122.122505,156.40466,0.3044359,114.57725,155.72203,0.11144182,117.33159,154.83191,0.076423556,123.90278,163.84326,0.06468465,118.6321,144.57492,0.2215011
13,116.40425,149.8384,0.23930576,119.64753,164.76967,0.24864244,122.11419,156.52197,0.3016334,114.60744,155.66515,0.109576076,117.405876,154.77199,0.07435342,123.9374,163.87102,0.061271884,118.60459,144.62473,0.22270462
14,116.41392,149.92706,0.23840818,119.65452,164.77583,0.24904618,122.14349,156.542,0.30076528,114.63767,155.58853,0.106659725,117.42011,154.69356,0.071940586,124.01894,163.94734,0.058801908,118.58931,144.65817,0.22323993
15,116.42063,149.85464,0.23659867,119.67167,164.78697,0.24333133,122.16346,156.43936,0.29823282,114.659515,155.58322,0.10492575,117.38435,154.6621,0.07099019,124.106705,163.98029,0.05830645,118.62497,144.67567,0.22006577
16,116.40964,149.8268,0.23719522,119.682304,164.7968,0.24234486,122.17226,156.40668,0.29891115,114.68377,155.58601,0.10451352,117.40419,154.6683,0.07066657,124.163414,164.00613,0.05968038,118.62457,144.69112,0.21930446
17,116.4142,149.78851,0.236392,119.688644,164.76639,0.23985119,122.18068,156.34203,0.29935667,114.64298,155.59291,0.10494213,117.355446,154.66995,0.071187764,124.123375,163.9662,0.06011591,118.661865,144.66003,0.21663955
18,116.402916,149.67249,0.23551437,119.711426,164.77307,0.23509227,122.19044,156.20938,0.2981672,114.661606,155.61888,0.10574306,117.3207,154.68298,0.07260067,124.12699,163.93037,0.06028723,118.69445,144.62758,0.21631825
19,116.42229,149.55542,0.23487273,119.75128,164.77992,0.22823961,122.233406,156.05673,0.29715133,114.6627,155.59421,0.104649425,117.26877,154.64592,0.07215737,124.14565,163.90863,0.06037208,118.73519,144.62369,0.21351138
20,116.395744,149.495,0.23744135,119.73104,164.74657,0.22692217,122.28387,155.96127,0.30075118,114.682434,155.64873,0.105166234,117.21462,154.703,0.072992735,124.12797,163.91182,0.06366845,118.7259,144.60217,0.21458264
21,116.399605,149.5657,0.23638244,119.74922,164.73547,0.22802615,122.25485,156.0492,0.29930404,114.65973,155.6124,0.104813114,117.22623,154.66988,0.072496824,124.063324,163.88019,0.060272362,118.71626,144.59383,0.21593824
22,116.3932,149.6605,0.2391089,119.713425,164.80814,0.23403889,122.15546,156.27615,0.3009238,114.64,155.59537,0.1076723,117.307976,154.67665,0.0746143,123.94544,163.7568,0.06059757,118.706215,144.56941,0.22369125
23,116.39617,149.91899,0.23480968,119.7585,164.96902,0.24434036,115.131836,164.68083,0.2990391,114.67708,155.44588,0.11295428,117.62483,154.6046,0.077117,123.76904,163.61174,0.056141563,118.6856,144.56334,0.23020846
24,116.29776,150.05724,0.2380054,119.704865,165.07863,0.25628635,115.06734,164.7379,0.31000304,114.78165,155.45036,0.11778254,117.794945,154.6853,0.079340644,123.65031,163.50722,0.060991768,118.59056,144.57141,0.23576328
25,116.15626,149.67874,0.24932244,119.54366,165.25984,0.25959423,121.75646,156.81706,0.30749166,114.78163,155.63629,0.11531613,117.77306,154.68127,0.07804771,123.898,163.59332,0.06365305,118.52623,144.5836,0.24008451
26,116.10891,149.215,0.24842139,119.465775,165.44704,0.24616379,121.598526,156.69414,0.30057624,114.8305,155.79504,0.11236623,117.77186,154.68195,0.077047125,124.08391,163.82251,0.06431773,118.50232,144.69046,0.23616335
27,116.00941,149.50206,0.24252482,119.40451,165.8792,0.2606615,114.61617,165.40868,0.31530485,114.875595,156.24092,0.120211124,117.94203,155.12804,0.077075586,123.93299,163.64159,0.075526714,118.43148,144.66571,0.24696803
28,116.01276,150.0785,0.24141055,119.43883,166.20259,0.27647045,114.401085,165.65932,0.34307826,114.88006,156.52258,0.13440394,119.23715,159.93297,0.09636313,123.51746,163.21014,0.08258903,118.3865,144.61775,0.25983635
29,115.988365,149.7852,0.24487594,117.23723,161.83977,0.2662455,114.40317,165.61826,0.3307705,114.83393,156.59607,0.12953502,119.047356,159.98534,0.089047186,123.63092,163.27876,0.08768522,118.411156,144.60477,0.2545273
30,115.9783,149.76772,0.24715802,119.395256,166.0602,0.26780248,114.39839,165.59808,0.3316005,114.81829,156.58954,0.12902835,118.99852,159.99655,0.08894501,123.613976,163.26881,0.08863736,118.42224,144.5989,0.25438085
31,115.959625,149.6133,0.24524738,117.16282,161.67828,0.262811,114.427155,165.60835,0.32386494,114.85157,156.62143,0.1268492,118.958084,160.02348,0.08584899,123.68163,163.27771,0.090333305,118.43691,144.58519,0.25270283
32,115.9678,149.59918,0.24577118,117.145355,161.65413,0.26229805,114.41495,165.60556,0.3224289,114.82074,156.58722,0.12609076,118.91606,160.00342,0.084731534,123.68149,163.27744,0.090887584,118.4474,144.60265,0.25115678
33,115.95883,149.6032,0.2515759,117.10619,161.62593,0.2654869,114.38661,165.58401,0.3255742,114.797806,156.63887,0.1259014,118.855736,159.99574,0.08593083,123.633644,163.21484,0.09320388,118.42069,144.60869,0.25087246
34,115.959625,149.57852,0.2554453,117.08208,161.611,0.26742268,114.38293,165.59683,0.32679936,114.79265,156.68315,0.12594303,118.81013,160.00989,0.0871289,123.59515,163.18167,0.095066585,118.42209,144.61485,0.25150004
35,115.97848,149.5533,0.25973824,119.314896,165.86967,0.2685237,114.48335,165.46152,0.32694244,114.76745,156.66559,0.12414764,118.81557,160.08014,0.084742144,123.70917,163.34216,0.093369074,118.40296,144.6657,0.24844837
36,116.00347,149.60736,0.26026043,119.259834,165.73444,0.27527702,114.58121,165.30405,0.32657757,114.7274,156.5013,0.12159323,118.82512,160.12744,0.07928649,123.76054,163.48155,0.08901114,118.40736,144.75163,0.2438745
37,116.02152,149.77615,0.2623316,119.212654,165.54578,0.28912863,114.703476,165.05219,0.33437067,114.70765,156.33495,0.12372098,117.68721,155.21944,0.07934244,123.825714,163.75566,0.08144148,118.38182,144.79123,0.2431487
38,116.075806,149.831,0.26169753,119.216675,165.34369,0.28793973,114.78568,164.84813,0.33235416,114.619774,156.12428,0.12193329,117.58606,155.04884,0.07928171,123.74144,163.79709,0.07743689,118.43171,144.7925,0.23860967
39,116.20975,150.40851,0.24855448,119.34863,165.23581,0.28493622,114.77986,164.80252,0.33646813,114.56601,155.64217,0.1244484,117.74643,154.75587,0.077538684,123.42601,163.70279,0.06173514,118.48555,144.8403,0.23441088
40,116.26616,150.35316,0.24655746,119.46312,165.14923,0.2730492,114.95161,164.7436,0.32341117,114.57888,155.60461,0.118002966,117.63442,154.75185,0.075726196,123.58487,163.79384,0.059822284,118.55944,144.8392,0.22939302
41,116.34215,150.33546,0.24218121,119.5406,165.13112,0.265289,115.02325,164.82204,0.31920603,114.59851,155.59564,0.11700791,117.60605,154.7817,0.07574905,123.62807,163.78546,0.058500513,118.627975,144.83408,0.22686824
42,116.39959,150.0399,0.24428038,119.619606,165.01204,0.25041956,115.1678,164.77,0.3046206,114.62033,155.70354,0.11030564,117.36579,154.81956,0.07506823,123.80779,163.85884,0.062833376,118.70051,144.79073,0.22296114
43,116.634,150.98145,0.23015991,119.745316,164.97061,0.26380265,115.25445,164.67769,0.3219585,114.61982,155.28648,0.11170121,117.66154,154.58237,0.07221653,123.654175,164.12146,0.054235507,118.61193,144.97267,0.2257192
44,116.61462,150.27777,0.23127858,119.872986,164.59773,0.22464044,122.144516,156.56393,0.2969909,114.542305,155.38042,0.09462921,117.15945,154.45958,0.06437049,123.84939,164.2227,0.054177456,118.72371,145.00017,0.21055956
45,116.723915,149.96289,0.22693653,120.129196,164.52014,0.20315081,122.21851,156.37102,0.2927242,114.68251,155.46027,0.08368816,117.07695,154.53773,0.05781928,123.86669,163.9415,0.057317376,118.77975,145.02127,0.20686014
46,116.95351,150.3007,0.21357222,120.30926,164.44603,0.19272155,122.15166,156.74939,0.27678224,114.73612,155.18156,0.07394736,117.168564,154.30801,0.049925204,123.63258,163.78938,0.051697962,118.77203,145.09024,0.20784773
47,117.096115,150.20636,0.20415018,117.785095,160.01765,0.1784094,122.27286,156.5752,0.26744974,114.7692,155.12918,0.065439835,117.78722,154.29558,0.045513872,125.728775,161.3974,0.048185453,118.80184,145.11989,0.20578909
48,117.26017,150.98091,0.19509807,118.07944,160.27992,0.19783679,122.19019,157.24902,0.25338417,114.82768,154.98009,0.05752511,117.80736,153.96391,0.043296155,125.51424,160.85141,0.049385544,118.627884,145.25824,0.2081944
49,117.26799,150.79514,0.1944863,118.094345,160.15549,0.19534782,122.297554,156.9808,0.25398573,114.90336,154.9963,0.050983094,117.7438,153.93784,0.04171662,123.35137,163.24834,0.05605013,118.63733,145.29811,0.2036215
50,117.09228,150.4167,0.19432423,118.042984,159.87163,0.18338145,122.38453,156.28947,0.24897021,114.997246,154.97136,0.04974641,117.774765,153.9357,0.039028823,123.53752,163.28377,0.06445709,118.692055,145.28654,0.19512448
51,117.10768,150.35516,0.19171953,118.03509,159.84004,0.17452219,122.39576,156.20448,0.24205434,114.91555,154.83614,0.04680488,117.76458,153.78273,0.036534403,123.56542,163.32877,0.060772773,118.77213,145.29913,0.1892799
52,117.070694,150.42628,0.19165145,118.04108,159.93256,0.18105376,122.35144,156.31424,0.24141549,114.96961,154.86852,0.048465353,117.85532,153.84727,0.03741104,123.63822,163.35303,0.064894915,118.76761,145.27553,0.18942705
53,116.958275,150.25333,0.2005869,117.885124,159.80397,0.19327915,122.427505,156.13483,0.25900388,114.996895,155.06352,0.051514503,117.81288,154.12494,0.039810188,123.65933,163.3608,0.07607688,118.73818,145.24504,0.18852167
54,118.30557,150.15599,0.20283383,117.803986,159.77266,0.19227484,122.4514,156.03745,0.26071462,114.97841,155.05588,0.050140955,117.8065,154.15787,0.0386336,123.72591,163.44223,0.07908034,118.79479,145.24081,0.18124674
55,118.20191,150.32948,0.20824371,117.77471,159.85745,0.19492996,122.38553,156.0835,0.2573298,114.98377,155.02158,0.047464013,117.92512,154.2502,0.037285358,123.88541,163.54442,0.0832438,118.807945,145.232,0.17660871
56,118.049385,150.01706,0.22234039,117.67648,159.38353,0.18355197,122.631485,155.16208,0.2784209,122.49961,162.78233,0.047742937,117.97553,154.61792,0.035332948,124.51477,163.85594,0.08852407,118.93123,145.22931,0.15506817
57,117.92409,150.34192,0.23338884,117.62748,159.39922,0.19274025,122.51963,155.34111,0.28350866,114.992035,155.09808,0.051327977,118.01776,154.69055,0.038094394,124.61287,164.08064,0.08409854,118.7913,145.24716,0.15066105
58,117.876335,150.5334,0.24487472,117.51995,159.46242,0.21041381,122.42814,155.53337,0.29174486,114.933464,155.10725,0.059052415,118.044914,154.83969,0.040945303,124.50646,164.0237,0.084996566,118.62236,145.19737,0.15577778
59,117.922424,151.13467,0.24429052,117.60706,159.75035,0.23148933,122.1258,156.18529,0.28483498,114.87119,154.8121,0.064891644,118.17131,154.61903,0.04133598,124.36601,163.99712,0.07925551,118.482925,145.18869,0.16174938
60,116.726685,148.80905,0.24557886,117.60864,159.73228,0.23071703,122.16201,156.21115,0.28516483,114.78586,154.75189,0.060462546,118.08933,154.51672,0.040098775,124.415955,164.13657,0.0782318,118.44793,145.21988,0.15558046
61,116.77437,148.898,0.24452034,117.701035,159.70743,0.22288254,122.17939,156.20172,0.27454102,114.76413,154.6581,0.054367833,118.05528,154.2456,0.03782854,124.52345,164.1588,0.07432782,118.52629,145.2957,0.14764456
62,116.84798,148.78406,0.24392724,117.68716,159.53432,0.21161895,122.309944,155.94986,0.2754486,115.06354,158.4584,0.0494057,117.947334,154.2626,0.036282174,124.71357,164.33047,0.07422645,118.54539,145.33217,0.14046961
63,116.8482,148.51468,0.25187987,117.49666,159.25888,0.1974559,122.46775,155.50728,0.286007,115.10281,158.72072,0.04887915,117.7939,154.60515,0.038001653,124.88162,164.54129,0.080540396,118.572266,145.29245,0.13137798
64,116.87913,148.22147,0.25039592,117.444435,159.17142,0.18939276,122.55174,155.23901,0.29401064,122.83106,163.54799,0.05358308,117.80679,154.83678,0.037471987,125.02226,164.64397,0.08861238,118.599846,145.22734,0.1294923
65,117.019485,148.00133,0.24693987,117.44182,159.06754,0.17641728,122.609985,154.93816,0.29607803,122.90277,163.78954,0.060397036,117.77514,154.87103,0.03637737,125.194275,164.7748,0.08969847,118.663025,145.18355,0.1206637
66,117.06598,147.89836,0.24781191,117.4109,159.02876,0.17520452,122.63171,154.86389,0.29943928,122.902275,163.93803,0.066931166,117.75666,154.93608,0.036031723,125.27219,164.8869,0.093487866,118.65834,145.16815,0.11787308
67,117.16609,147.78947,0.23474091,117.43531,159.16032,0.172213,122.5761,154.8862,0.29258165,122.78965,163.84856,0.05946946,117.76247,154.8552,0.036557704,125.11657,164.81578,0.08898294,118.669716,145.15146,0.12142105
68,118.042,149.7709,0.22171944,117.48599,159.28122,0.17032488,122.50922,154.92888,0.28573486,122.65537,162.04126,0.054018617,117.79354,154.6954,0.037155475,125.01247,164.72957,0.08420722,118.72969,145.17136,0.11873937
69,116.54766,148.97856,0.21188113,117.56634,159.31648,0.15655997,122.52567,154.50128,0.27550068,122.71099,162.02777,0.0484899,217.0513,13.704687,0.03267869,125.04419,164.87584,0.0652161,118.842,145.07568,0.10727952
70,116.91605,148.75778,0.19345888,117.62722,159.51935,0.13426168,122.499306,154.43117,0.24319817,207.001,24.490234,0.033785723,217.60454,13.483806,0.0703685,127.52952,162.01166,0.04183611,119.02643,145.14185,0.08130259
71,116.841934,148.8062,0.1983131,117.62633,159.51596,0.1397373,122.54977,154.52643,0.2458508,115.60077,159.75609,0.03675348,119.4987,157.09366,0.026861805,127.65634,162.04683,0.040562052,119.098335,145.07169,0.09257047
72,117.97631,150.49707,0.22736797,117.59735,159.54002,0.20039123,122.38532,155.48346,0.2773071,114.86863,154.86949,0.062850565,118.0949,154.49878,0.04244012,124.600655,164.13942,0.08056269,118.84761,145.14517,0.13001995
73,117.92055,150.68097,0.23529667,117.54169,159.65797,0.21287623,122.31342,155.76495,0.27863395,114.8446,155.01512,0.06434128,118.12141,154.60437,0.04319576,124.4542,164.07457,0.0828122,118.74226,145.09166,0.13966067
74,117.94515,150.63866,0.23307477,117.51007,159.64392,0.20873983,122.355484,155.71513,0.27763388,114.78839,155.02795,0.06145061,118.06056,154.59706,0.042198226,124.469315,164.11154,0.08030666,118.75912,145.08698,0.13632007
75,117.90183,150.58792,0.23533373,117.47912,159.63548,0.20822197,122.386955,155.65886,0.27930957,114.80174,155.13354,0.06318056,118.04834,154.69577,0.042917214,124.46584,164.10626,0.08085903,118.75979,145.0476,0.13991988
76,117.94761,150.59451,0.23237456,117.50294,159.65692,0.20740868,122.3763,155.68103,0.2769007,114.81043,155.10423,0.06294297,118.057,154.66177,0.042462327,124.466576,164.11435,0.0795917,118.78891,145.05748,0.1394377
77,117.88897,150.37503,0.2385708,117.39653,159.61008,0.20651373,122.51427,155.49135,0.28723007,114.795456,155.25714,0.066475496,118.05528,154.87979,0.045459103,124.472305,164.14966,0.080786586,118.776474,144.98293,0.14255254
78,117.91593,150.3382,0.22773305,117.4357,159.87334,0.20307934,122.37238,155.77048,0.27205268,114.72521,155.15137,0.072410464,116.8827,154.43065,0.048270125,124.41654,164.01842,0.07660826,118.77969,144.91167,0.15160957
79,117.944275,150.5099,0.22437844,117.43647,160.04825,0.20561606,122.313194,156.01265,0.26509807,114.72628,155.11197,0.0780517,117.08319,154.38152,0.050496034,124.50277,163.98573,0.070019454,118.804214,144.83305,0.16067687
80,117.869385,150.67209,0.22289114,117.50144,160.16153,0.2077875,122.20563,156.22299,0.26661685,114.75977,154.9889,0.080871716,117.28935,154.21788,0.05169865,124.613235,164.03801,0.059422046,118.71105,144.67036,0.17730157
81,117.90107,151.29764,0.23200272,120.1355,165.27217,0.23835255,115.28343,164.33568,0.27923864,114.91554,154.80795,0.08838492,117.957375,154.17096,0.053695798,124.52064,163.96812,0.0570887,118.52716,144.73846,0.19714172
82,118.692604,172.25601,0.25320223,117.83808,161.01668,0.26686457,115.216805,164.22769,0.30152816,115.098305,154.5949,0.102664664,118.52837,153.98225,0.057525024,124.24089,163.75467,0.056615762,118.38789,144.79573,0.21490696
83,118.32344,172.34741,0.292806,118.12627,161.52275,0.30178422,115.10156,164.04826,0.3253172,115.25385,154.24542,0.11543758,120.45321,159.31007,0.06743418,125.47098,160.21294,0.058229577,118.10229,144.86737,0.2382386
84,118.01643,172.20624,0.31032366,118.18076,161.63799,0.3245292,115.04984,163.91331,0.33728853,115.284966,154.19534,0.11992761,120.60486,159.40242,0.079561085,125.29905,160.0147,0.07466227,117.93664,144.90697,0.25067914
85,117.94792,170.17549,0.3324658,118.20673,161.72926,0.35165495,115.0535,163.79167,0.3531152,123.415344,160.96112,0.13016333,120.797165,159.82738,0.0974232,125.39384,159.87247,0.1000079,117.76649,145.01134,0.25908133
86,117.27141,169.8828,0.35986775,118.121574,161.63057,0.3643355,115.126884,163.55428,0.36195812,123.601845,161.2438,0.14781828,125.13839,160.40172,0.11953126,125.65062,160.08038,0.11944826,117.7637,145.15193,0.24814631
87,116.55677,169.98877,0.37867373,118.07868,161.95813,0.3890265,116.124886,161.2734,0.3870605,123.66131,161.3907,0.17964885,125.218285,160.73494,0.15173055,125.102974,159.90129,0.14927863,117.699524,145.14421,0.25077236
88,115.90955,170.39253,0.40250832,118.20649,162.52211,0.41108724,115.85117,161.46512,0.41388738,123.60061,161.1359,0.20954226,125.508415,160.8856,0.17999555,124.14818,159.07814,0.17689838,117.715576,145.01141,0.26011753
89,115.93881,170.56042,0.39727885,118.02929,162.53758,0.41811332,115.79268,161.60251,0.4133205,123.09549,161.3996,0.20860526,125.18634,161.12636,0.17835498,123.68466,159.38495,0.17598987,117.67139,144.93329,0.26367086
90,115.93976,170.4731,0.3966894,117.99457,162.54668,0.4180576,115.77048,161.59189,0.4116528,123.00367,161.43246,0.2053859,125.15611,161.10818,0.17380284,123.55706,159.43161,0.17103605,117.56723,144.90971,0.2654706
91,115.91548,170.68073,0.3912235,117.88651,162.54115,0.41480252,115.74742,161.70795,0.40625563,122.824066,161.6074,0.20091772,125.06215,161.25266,0.1706661,123.40842,159.6661,0.16530053,117.58654,144.87709,0.25964803
92,115.93818,170.67726,0.39153743,117.88472,162.54861,0.41430086,115.74566,161.72731,0.4059956,122.81076,161.63046,0.20122494,125.06702,161.27328,0.17005953,123.36153,159.68385,0.1645536,117.5883,144.88826,0.25949222
93,115.62389,172.3971,0.38436607,117.78868,162.41852,0.41223344,115.66106,161.82332,0.40339914,122.541405,161.63628,0.19264567,124.85653,161.23009,0.15977326,123.295204,159.78218,0.1553367,117.56901,144.85493,0.26148978
94,116.78329,172.53583,0.34900996,117.383896,161.61618,0.36735657,114.60948,163.80199,0.37373617,114.86595,155.55124,0.13908097,119.77937,159.92584,0.11333004,124.38777,161.04353,0.10032684,117.6581,144.7819,0.252683
95,117.7496,150.59564,0.29376817,119.34074,165.29388,0.2823428,122.08151,156.79248,0.33558348,114.65565,155.796,0.107722454,117.28903,154.90692,0.07023558,124.4563,164.02696,0.09602721,118.17619,144.72101,0.20563766
96,117.76489,150.28079,0.26985472,119.380684,165.22067,0.25564754,122.27205,156.14745,0.31825337,114.687874,155.57764,0.10398995,117.212944,154.683,0.06932666,124.526184,164.18332,0.0881472,118.389854,144.66724,0.19479842
97,117.76942,150.41487,0.2551621,119.50005,165.27942,0.25047377,122.14754,156.29028,0.3055234,114.71381,155.34848,0.10249132,117.44719,154.52087,0.06749808,124.49788,164.13773,0.07808916,118.48248,144.61346,0.19297521
98,117.773346,150.30412,0.2447126,119.60452,165.24289,0.2334646,122.15423,156.09975,0.29554173,114.73361,155.28685,0.09752873,117.38188,154.46799,0.06457881,124.563774,164.14462,0.07391247,118.560394,144.59818,0.18678223
99,117.842155,150.51878,0.23360413,119.72744,165.25256,0.23311839,122.0559,156.32458,0.2848673,114.75826,155.07994,0.09558544,117.499916,154.35297,0.06278027,124.54002,164.11957,0.06755747,118.613884,144.6365,0.18562366
100,117.920235,150.5228,0.22855827,119.82089,165.1645,0.2198784,122.15503,156.11311,0.2820114,114.76116,155.00494,0.090408586,117.304115,154.31378,0.059416346,124.54645,164.10872,0.0662835,118.6641,144.68745,0.17903773
101,117.87153,150.45396,0.23219803,119.85337,165.1168,0.21546185,122.206314,155.96503,0.2831623,114.780655,155.0753,0.08946228,117.23117,154.36105,0.05954026,124.57557,164.1099,0.06857418,118.67695,144.68521,0.17568776
102,117.82682,150.38579,0.23723184,117.26487,159.97435,0.21491548,122.25834,155.87582,0.28516084,114.81788,155.21031,0.090255804,117.19109,154.4846,0.060766723,124.591255,164.11122,0.0719801,118.668106,144.6957,0.17570683
103,117.85692,150.43,0.23506993,119.862656,165.09274,0.2140825,122.23578,155.9075,0.28400052,114.78849,155.11632,0.089147635,117.21752,154.37393,0.05955523,124.61709,164.11507,0.07009735,118.69629,144.71786,0.17251472
104,117.86569,150.44498,0.2368075,119.83105,165.1353,0.2190755,122.211426,155.94072,0.28722772,114.816475,155.12254,0.089051075,117.19336,154.41476,0.05967142,124.618484,164.13434,0.07213799,118.69429,144.72348,0.17502555
105,117.85129,150.3988,0.23750685,119.82237,165.11037,0.21549466,122.23421,155.85287,0.28682727,114.80817,155.15598,0.08829968,117.17786,154.40703,0.059133846,124.63941,164.13528,0.07248435,118.70502,144.73871,0.17306346
106,117.87093,150.42407,0.23603405,119.83452,165.09167,0.21551123,122.249756,155.8751,0.28647423,114.785995,155.1492,0.08844546,117.1851,154.38472,0.05916898,124.62419,164.1327,0.070943534,118.69479,144.7273,0.17323747
107,117.8302,150.3539,0.24149005,117.21275,159.89192,0.21623752,122.28203,155.77832,0.29028353,114.804115,155.24716,0.089328274,117.121895,154.49773,0.06031514,124.63676,164.17003,0.075455986,118.70868,144.75255,0.17095755
108,117.86775,150.37503,0.24078174,117.22847,159.90518,0.21671396,122.28264,155.81671,0.2899331,114.81572,155.24371,0.08918336,117.14206,154.50372,0.06019755,124.639206,164.18056,0.075053,118.70921,144.77351,0.17138912
109,117.866516,150.40672,0.23957013,117.24132,159.90958,0.21576303,122.27827,155.84058,0.2884057,114.80147,155.21652,0.08815748,117.1498,154.46613,0.059243914,124.639725,164.16006,0.07316962,118.71193,144.7596,0.17121449
110,117.84641,150.45482,0.24142604,117.23786,159.93875,0.21902032,122.25267,155.90236,0.28977638,114.82314,155.22873,0.08949098,117.17577,154.50926,0.060225427,124.62004,164.12422,0.074189425,118.68753,144.74673,0.17385499
111,117.84935,150.83649,0.242965,119.84233,165.11037,0.23344314,122.10251,156.3021,0.2893943,114.86097,155.0816,0.09019362,117.40957,154.42511,0.059429083,124.61914,164.14673,0.07083015,118.575615,144.74382,0.18130392
112,117.839325,150.81749,0.25071153,119.76167,165.08426,0.23441727,122.204475,156.1617,0.2980342,114.849106,155.16138,0.08749672,117.27013,154.47835,0.057596687,124.65073,164.2128,0.073514566,118.526306,144.76253,0.18168041
113,117.85766,151.49481,0.2628441,117.48093,160.567,0.26681748,121.814735,157.15715,0.30280393,114.96342,154.92421,0.1016288,117.95561,154.38258,0.06289453,124.266594,163.90163,0.07337742,118.2446,144.75975,0.20498429
114,117.98655,171.90424,0.28430858,117.83482,161.11433,0.31700492,115.05863,163.92998,0.3227527,115.157555,154.48291,0.11649104,120.11168,159.6898,0.07296357,126.01768,160.28748,0.0728587,117.9166,144.80232,0.23931718
115,117.722115,170.10205,0.33802944,118.07649,161.6601,0.3624551,114.953705,163.71234,0.35983217,123.346535,160.97679,0.13530783,125.13616,160.13112,0.106529914,125.35674,159.85448,0.10583064,117.665054,144.89539,0.26196283
116,116.78342,169.6886,0.37532818,118.11545,161.70547,0.38764888,116.044136,161.07309,0.38099194,123.73464,161.0993,0.16348417,125.0918,160.36285,0.13986848,125.628716,159.713,0.13720395,117.64003,145.10107,0.25605428
117,115.520706,169.55914,0.4095305,118.0378,162.09373,0.40335092,116.082596,160.9151,0.40257204,124.013336,161.30916,0.1960411,125.30063,160.7885,0.17410628,125.27132,159.50696,0.17682679,117.773476,145.14943,0.24087864
118,114.53725,169.6534,0.42711946,117.57978,162.52773,0.42283696,117.389656,160.79086,0.41737938,123.57568,161.5853,0.21848965,125.2652,162.95584,0.19870417,124.39868,159.53444,0.20346402,118.03378,145.01917,0.22062758
119,113.23784,169.94467,0.39225817,116.431755,162.80287,0.4463166,116.7422,160.98125,0.41553783,122.41152,162.38504,0.22936113,124.48225,163.63367,0.20089455,123.35202,160.32068,0.21161817,118.01602,145.04425,0.18732019
120,112.47515,170.17719,0.3765771,116.05011,163.27411,0.46091196,116.17633,161.3605,0.42156085,121.88499,162.59027,0.24458422,124.33899,164.03165,0.20984937,122.42822,160.11093,0.22235675,118.0945,145.19559,0.1745991
121,112.25199,170.47647,0.36726043,116.00401,163.54973,0.46069828,115.83297,161.59775,0.4166984,121.81118,162.49443,0.24668379,124.47653,164.0582,0.21455029,122.09842,159.87627,0.22189167,118.10491,145.27,0.16204962
122,112.27344,170.69637,0.36855516,116.06278,163.71147,0.45881507,115.695465,161.76498,0.41418928,121.82148,162.36116,0.24368647,124.60922,164.00974,0.21380895,121.90379,159.7204,0.21486892,118.10816,145.25052,0.16458245
123,112.94093,170.81058,0.38555485,116.50334,163.58322,0.4649106,115.94523,161.75732,0.4322907,122.0865,162.2037,0.2531405,124.840645,163.73431,0.21506745,121.96738,159.40067,0.22286192,118.10806,145.08061,0.18737622
124,113.46381,170.78731,0.39679915,116.74917,163.37453,0.4586088,116.245,161.68285,0.43380672,122.29118,162.09622,0.24823971,124.912605,163.54713,0.20893374,122.25889,159.32036,0.22064513,118.11718,145.05206,0.19502108
125,114.376625,170.6337,0.40623003,117.02165,162.8799,0.4494924,116.75155,161.44951,0.432883,122.33779,162.08363,0.23915401,124.7948,163.27641,0.19962782,122.62538,159.59586,0.21245728,118.01156,144.90001,0.20551755
126,115.31244,170.65382,0.39882854,117.24802,162.47073,0.43745968,117.159096,161.31497,0.41899213,122.25598,162.11305,0.223093,124.48076,161.8933,0.18506481,122.970505,160.0628,0.1937929,117.8305,144.84528,0.22061303
127,116.426025,170.6023,0.3903673,117.60493,162.13864,0.41504803,115.4555,161.80269,0.4034115,122.420265,161.2621,0.18691418,124.55374,160.75705,0.14918754,123.63488,159.5329,0.15409307,117.547325,144.83896,0.2539454
128,118.29941,169.96721,0.30487946,117.347466,160.8479,0.31978005,114.650764,163.80339,0.34244347,114.54136,154.78102,0.1220301,119.5486,159.68237,0.07949964,123.80164,163.52423,0.0803541,117.715515,144.75276,0.22757168
129,119.64646,169.85713,0.2640672,117.88445,160.84056,0.27491692,114.99126,164.00746,0.3063557,114.84784,153.95622,0.09986414,118.13014,153.45654,0.05428652,123.95477,163.7927,0.075973354,118.0426,144.76225,0.19244663
130,119.565155,167.61203,0.22250299,118.17784,159.93718,0.22375321,121.98181,156.61916,0.23578598,114.90333,154.11557,0.046270747,118.32918,153.2108,0.035044372,124.407906,164.14186,0.07285375,118.32032,145.19855,0.13785696
131,122.19434,166.77753,0.22756496,118.83341,160.0944,0.21707751,121.19309,159.50186,0.22408684,122.75755,161.96867,0.03887953,121.63716,151.43166,0.036251586,123.82864,163.50325,0.07042944,118.34607,145.23695,0.1422081
132,123.512276,167.0978,0.20977695,122.8557,162.801,0.23261441,118.122894,164.11229,0.27452654,114.96284,154.5025,0.050938565,120.71186,155.29776,0.068632305,123.25804,163.13852,0.05157881,118.265495,145.40138,0.21134128
133,124.74363,167.34093,0.20828526,121.104675,161.91856,0.30233398,118.87718,164.42155,0.31819537,121.03879,159.49402,0.0846802,121.04545,155.56197,0.089838974,123.25392,162.81204,0.07929233,118.65704,146.08888,0.2138777
134,124.50656,168.43216,0.19027796,121.53488,162.15323,0.31919664,121.7759,164.78767,0.3247144,121.112625,159.79312,0.097580604,121.262344,155.63284,0.09049296,122.77631,161.2681,0.08259146,118.92257,146.36235,0.20165148
135,126.32966,167.82318,0.21456738,122.095055,162.73183,0.3904042,121.928185,165.11635,0.3940103,120.93884,160.19072,0.13843623,121.53507,156.12318,0.12904668,110.88708,156.41632,0.13113314,118.86494,146.56696,0.22520247
136,127.340294,168.20099,0.22641727,122.71323,163.13968,0.4351183,122.4168,165.7039,0.44200134,121.12851,160.39027,0.16639644,122.03422,156.09962,0.16067973,110.78542,156.79257,0.16684915,118.86504,146.64761,0.24668203
137,128.1534,171.7511,0.23830613,123.1016,163.295,0.47176826,122.856285,166.09981,0.47495642,118.19439,158.65529,0.1913702,122.42419,156.09152,0.18307859,110.65396,157.15952,0.19311662,117.9229,148.14827,0.26939386
138,128.26349,171.86551,0.22517188,123.18548,163.35703,0.43631244,123.048546,165.863,0.44887027,122.27754,160.72107,0.17017801,122.42403,155.9326,0.16409871,110.82303,156.92816,0.17173134,118.17979,148.4902,0.23809996
139,128.5585,172.56204,0.22585076,123.258736,163.63503,0.44261798,123.57062,166.2646,0.43438473,122.27156,161.12617,0.18813753,122.64483,156.46729,0.18004178,110.79749,157.40125,0.19067532,117.85882,150.33354,0.25525573
140,128.67177,173.0126,0.2234023,123.1521,163.77396,0.44383958,123.882614,166.58359,0.42373422,121.22958,161.84647,0.20510444,122.60977,156.99303,0.18874839,121.33003,162.30411,0.19508971,117.72035,150.03423,0.2867615
141,128.69838,173.61241,0.2107507,122.97604,163.84155,0.40675575,124.01267,166.52034,0.3951476,121.38332,162.04515,0.20077902,122.67584,157.21225,0.17765443,114.88555,158.88855,0.18031184,117.595024,150.13945,0.27695572
142,128.62445,174.14323,0.20422295,123.01157,163.97844,0.37957743,124.047195,166.79381,0.37388894,121.441895,162.10754,0.20032363,122.817665,157.42418,0.17790693,114.8694,158.95306,0.17693494,117.55314,150.02538,0.2782866
143,118.88071,152.89195,0.17184652,122.25025,163.39175,0.29733405,123.36202,163.27818,0.29379869,121.80657,162.44713,0.15345979,122.46762,157.85127,0.12523776,122.747475,163.06206,0.10493966,117.50005,150.54883,0.22911054
144,118.55683,152.05269,0.16943598,121.75208,163.12726,0.24415638,124.30786,166.2765,0.24612571,122.12537,162.64351,0.118756264,123.4799,162.13611,0.0892528,125.036575,164.19167,0.08597064,117.56542,150.90472,0.18506527
145,118.63534,152.20515,0.16978298,121.898155,163.21948,0.25362757,124.37309,166.3527,0.25432324,122.21986,162.5695,0.12645325,123.73186,162.036,0.09601351,125.03537,164.25783,0.090318754,117.6286,150.81462,0.19458315
146,119.50856,151.04727,0.17292553,122.55942,163.8883,0.32281145,124.42964,166.6193,0.3148367,122.016846,162.56305,0.16818884,122.8226,157.88014,0.13839757,115.54578,159.36339,0.123951495,117.55133,150.82707,0.24946684
147,129.10294,174.7012,0.20252421,123.75384,164.79547,0.38550022,124.89561,167.48402,0.3859362,122.19973,162.5993,0.21318446,125.08129,161.3826,0.1836427,115.242386,159.42758,0.18235856,117.64034,150.52094,0.29529423
148,129.57649,174.741,0.23304322,124.44432,165.205,0.43682832,125.17145,167.8545,0.4319937,123.00808,162.0619,0.22898899,125.5915,161.04182,0.20137548,121.71323,162.78172,0.22496855,117.88247,150.34235,0.3161368
149,129.89514,174.56964,0.24708427,124.72611,165.27235,0.46600583,125.26718,168.05646,0.45271954,122.85039,161.97958,0.24413,125.71515,160.8782,0.21008286,121.445564,162.7829,0.2457707,117.97885,150.22885,0.32374465
150,130.54733,174.43858,0.29436657,125.66339,165.61145,0.524012,125.4112,168.6545,0.49945113,122.591576,161.58585,0.27449405,126.34103,160.158,0.24426858,120.61857,162.5771,0.28567833,118.216286,150.09717,0.33947095
151,130.79817,173.81813,0.29991028,125.68327,165.66963,0.5267651,125.47076,168.51825,0.49429518,122.77377,161.64192,0.26033863,124.34541,156.25835,0.2447389,121.00542,162.61142,0.28265718,118.17295,150.6983,0.30340853
152,132.46924,173.4952,0.3184017,127.31539,166.74852,0.5039625,127.404945,169.53893,0.4763518,123.31026,162.72769,0.29365328,124.83121,156.16943,0.26534483,121.36456,164.12114,0.30453637,118.01303,152.1635,0.30293608
153,134.0229,174.4033,0.3896043,131.20221,166.54184,0.45850468,129.99075,171.03018,0.44330198,121.00365,163.88045,0.28241396,124.95015,156.3794,0.25474513,121.72782,166.30524,0.2746522,118.72358,156.0185,0.2048192
154,137.01385,173.24419,0.455948,131.49109,167.83557,0.4936888,132.67012,171.75014,0.42213985,124.13503,167.71227,0.3027659,125.81493,163.16687,0.28929457,122.6275,170.04942,0.25125238,120.37745,160.6821,0.20375599
155,141.88138,170.8198,0.45785898,134.10535,167.894,0.47848323,135.94238,173.40678,0.4142674,128.53413,170.12662,0.23238067,128.4251,168.0311,0.27545875,126.822784,169.85,0.1851428,121.178955,163.27791,0.17121013
156,147.46904,171.0563,0.56939304,136.65746,169.6971,0.45590717,141.29147,174.74101,0.47001445,133.11072,173.01735,0.35650635,131.67789,171.582,0.36655873,132.94844,174.82835,0.31785166,134.43845,176.67752,0.15381569
157,150.76372,171.33965,0.5341641,139.73708,170.72519,0.35260433,147.39932,174.56648,0.29854447,138.86034,174.64505,0.28697383,136.98586,173.37769,0.27947775,139.47623,174.97198,0.2643991,138.54112,176.8491,0.16773733
158,152.41078,170.75607,0.46464428,141.65315,170.43727,0.3949628,148.8456,173.73375,0.30731797,141.21378,174.46643,0.30333123,140.07251,171.42018,0.3127505,141.62875,176.1229,0.27500245,138.2252,176.41058,0.15312324
159,157.381,171.01175,0.32054567,141.62566,170.58116,0.42785132,147.8107,170.37878,0.28094262,145.68015,174.39616,0.30823362,143.61005,173.88455,0.3187343,145.9421,174.62402,0.23419994,139.87903,175.60042,0.12361524
160,159.24663,170.47229,0.39681154,147.51152,170.33101,0.45372152,154.11362,173.43756,0.34064254,146.65414,174.41809,0.3317666,144.71936,173.02689,0.3542348,146.33566,175.0732,0.24367592,150.22743,175.3297,0.13950866
161,163.04938,170.6152,0.46025702,149.8637,169.98715,0.4579812,155.71024,173.47629,0.36968872,147.99586,174.28174,0.32552016,146.124,172.20435,0.34395525,147.11952,175.3722,0.23744965,150.04842,174.60098,0.15748808
162,163.63597,170.53844,0.44946486,150.7933,170.15906,0.4059777,156.92708,173.04303,0.3135302,150.20879,174.56206,0.2951499,147.7604,172.50514,0.29762045,149.13705,175.40068,0.20012778,150.41655,174.64333,0.16368291
163,164.53404,170.77223,0.4418817,150.90758,170.81728,0.404623,159.33067,174.3523,0.32609382,151.36765,175.18524,0.33049053,148.97891,173.3708,0.3217417,153.98943,174.81071,0.25086024,150.6488,175.05688,0.18551792
164,165.06175,170.98839,0.39965802,152.20609,171.21262,0.33788174,160.03557,174.30559,0.30164197,152.80476,175.54655,0.26860812,150.26447,173.56956,0.25884497,155.69455,175.88695,0.23610193,150.34024,175.66689,0.16705874
165,165.9579,171.67552,0.35220638,151.5586,172.03574,0.2870632,160.31262,174.65367,0.25601506,155.73346,175.33043,0.23685506,151.12408,174.4547,0.20655647,156.6267,175.51723,0.21841662,151.29808,175.95546,0.15834892
166,166.71828,172.10492,0.32035294,156.4027,172.31644,0.25885347,160.62692,175.22504,0.24350965,156.25728,175.3908,0.2510769,153.72723,176.00685,0.20275989,156.96394,175.7981,0.22690752,147.5876,177.36105,0.17017344
167,167.14569,172.19437,0.33184877,156.8703,172.57552,0.265623,163.76453,175.76886,0.25684842,157.01387,175.74173,0.23897457,154.25027,176.06091,0.19453746,157.83221,176.19316,0.21578847,148.39085,177.29187,0.17175287
168,167.5102,172.12215,0.2828038,157.79263,172.55362,0.23132896,164.2934,175.47276,0.23140536,158.0723,175.69444,0.19781296,155.41699,175.61375,0.16595943,158.74437,176.48318,0.17472158,149.26927,176.98659,0.16309349
169,167.54474,172.16562,0.23882546,152.98132,172.9119,0.21102564,164.33377,175.17384,0.19325057,159.42839,175.713,0.18465927,156.1698,175.82008,0.15793858,160.21425,176.20549,0.16105855,219.1739,25.661303,0.13402656
170,168.51317,172.14954,0.22040242,158.22232,172.29578,0.2081679,165.10555,174.91347,0.18395448,160.52066,175.28123,0.1892044,157.19786,175.4513,0.16334212,161.15666,175.8575,0.17005351,150.6579,176.896,0.12342477
171,169.05113,171.79637,0.29267436,159.16159,171.74686,0.25914252,165.53952,174.73373,0.2558637,160.47493,175.41437,0.19380955,157.38483,174.42908,0.17190437,160.90918,176.7467,0.1717748,150.59805,176.69623,0.13655268
172,169.00337,171.69334,0.31811988,159.06381,171.77193,0.28152996,165.33304,174.65036,0.27244872,160.50723,175.44514,0.20521952,157.46739,174.42989,0.18048133,161.05838,176.77936,0.18514882,150.60718,176.73152,0.14214732
173,168.88681,171.51161,0.34657654,159.12039,171.49458,0.30883077,165.02238,174.37582,0.29581267,160.22778,175.38208,0.21287082,157.34174,174.00142,0.18745711,160.68568,176.91386,0.19411848,150.50975,176.64767,0.15952484
174,168.85278,171.44414,0.33702195,159.02411,171.45523,0.3042083,164.97957,174.30661,0.28941515,160.23062,175.42413,0.21398728,157.2868,174.09018,0.18826054,160.7403,176.92459,0.19537051,150.5377,176.58492,0.15585898
175,168.87167,171.31136,0.35343495,159.1295,171.3076,0.319154,164.94005,174.27747,0.3032462,160.02165,175.3959,0.21040644,157.08878,173.87314,0.18800095,160.57516,176.96738,0.19132961,150.64037,176.52045,0.16144545
176,168.55898,171.07895,0.3689581,158.84482,171.19968,0.33371273,164.4978,174.19405,0.31179544,159.71864,175.61722,0.20954955,156.69661,173.92117,0.18814747,160.49739,177.18259,0.18626495,150.83716,176.44908,0.15800075
177,168.38115,170.8001,0.36358008,155.20721,171.58371,0.35531515,164.20477,173.85437,0.31040356,159.37971,175.68716,0.225223,156.43991,173.68628,0.20067556,160.21944,177.343,0.18933587,150.8795,176.1571,0.1525834
178,168.46841,170.53368,0.34825003,155.39638,171.57666,0.37134227,162.47379,172.31189,0.31070226,159.35172,175.68172,0.24201027,156.42352,173.49422,0.21398689,160.29854,177.40096,0.19548692,150.92865,176.02054,0.15764587
179,168.622,170.24422,0.35558745,155.85089,171.30298,0.37451044,162.78226,172.1598,0.3290386,159.12675,175.60945,0.25801945,156.24875,173.18109,0.22774768,160.12738,177.47112,0.20777069,151.0739,175.91898,0.1599636
180,168.60725,170.04774,0.34525517,155.8402,171.20586,0.37858984,162.76367,171.98122,0.32915503,159.05809,175.56352,0.26209846,156.18874,173.02757,0.23085631,160.17064,177.48674,0.20970474,151.1667,175.8372,0.16054821
181,168.39761,169.83095,0.33400863,155.89107,171.13995,0.38094747,162.68852,171.89401,0.33228698,158.92114,175.54643,0.26537445,156.05075,172.86313,0.23060046,160.10463,177.5503,0.21148683,151.33842,175.72316,0.15975769
182,168.32225,169.5597,0.31670174,155.75426,171.14993,0.37114698,162.72685,171.53987,0.30984503,159.19318,175.52272,0.24431202,156.19286,172.83208,0.21494348,160.57974,177.59164,0.19037117,151.4722,175.68555,0.15377253
183,168.1955,169.16847,0.30001163,155.72185,171.15575,0.38451725,162.4556,171.17467,0.3108874,159.4574,175.35446,0.26255617,156.50421,172.70343,0.22305271,161.61102,176.0017,0.20722647,151.61174,175.60341,0.15819061
184,168.39873,168.81557,0.2770659,155.98607,171.12839,0.37923214,162.64708,170.97047,0.30928957,159.80537,175.25818,0.27875242,156.83829,172.446,0.23026021,161.93103,175.97728,0.22114334,151.88197,175.54216,0.160443
185,168.4736,168.72136,0.26123127,156.22368,171.19812,0.37183,162.66595,170.79587,0.30393633,160.20284,175.13785,0.29370975,157.31482,172.25449,0.23745531,162.04123,175.74062,0.24770737,152.05894,175.54097,0.16889587
186,168.5803,168.78236,0.25465277,156.35248,171.0337,0.34633663,163.09904,171.00795,0.29863155,160.11755,174.99876,0.2838451,157.39607,171.89966,0.23265688,161.73715,175.88495,0.24771015,152.12283,175.3031,0.17610785
187,168.00226,168.81339,0.17058557,156.10248,171.47343,0.24883722,164.57358,171.70857,0.20497438,162.19315,174.39511,0.22108088,158.59225,172.35399,0.17859982,162.79019,175.3289,0.20378502,152.12291,175.3138,0.18163407
188,168.06401,168.6382,0.15955766,156.40338,171.56262,0.2519502,165.05252,171.86761,0.21654812,161.33627,175.10579,0.21708444,158.22536,172.61497,0.19042167,162.89948,175.79774,0.1892498,152.49799,175.17368,0.17086516
189,167.60109,168.32626,0.21632175,159.49466,170.22052,0.30677488,163.15654,171.20738,0.2806579,160.88144,175.68982,0.27607754,157.23334,173.04773,0.23469079,162.42912,176.1429,0.22716561,152.22913,175.69318,0.18470217
190,169.73341,167.21301,0.28637916,160.5416,169.30534,0.3212879,166.42044,172.60448,0.34298941,158.53813,176.21182,0.29732907,157.01022,169.40475,0.28078282,160.60495,179.64928,0.21243624,151.9576,176.60016,0.17280808
191,170.56552,167.17206,0.34208474,161.3568,168.87788,0.31933928,167.0096,172.5538,0.38554576,158.10056,175.50578,0.2411605,157.61028,167.7561,0.24764396,161.20085,178.87848,0.16383098,151.07063,176.40784,0.18155815
192,174.07942,166.09677,0.123979196,166.33861,163.61378,0.10323785,167.5113,172.55801,0.15837431,155.53238,171.22348,0.04376,159.28221,164.62416,0.119426064,153.87302,177.3741,0.04827183,150.45573,174.44063,0.17310075
193,173.95085,170.80954,0.3510233,164.65904,165.90784,0.32139376,165.23021,174.03389,0.30270636,142.6301,111.58871,0.066101074,156.99542,155.74306,0.13854669,144.37637,168.111,0.03183856,150.68909,172.2486,0.07700386
194,175.3616,170.41002,0.52662116,165.46344,164.62674,0.44309667,165.42142,174.15048,0.41524872,143.39874,149.29669,0.10942073,150.15514,149.67055,0.13992512,139.77975,150.98854,0.080141455,137.85385,112.33468,0.06958522
195,173.59094,171.66258,0.29360163,165.20062,164.8223,0.22387257,159.01816,171.86888,0.20604604,145.33214,151.0871,0.08933503,151.55049,151.97092,0.10563905,115.38388,127.8619,0.055987615,159.80417,170.57906,0.042736318
196,174.4392,170.37866,0.44824648,164.52423,164.88553,0.34251493,164.96272,175.13724,0.3194263,147.1525,154.8776,0.084213965,152.69405,146.40681,0.13508095,143.21494,167.87775,0.07681023,167.02861,170.88718,0.044249963
197,171.89813,168.12534,0.28825796,164.52153,168.06544,0.18931803,166.96802,174.1328,0.26211932,152.60185,169.86751,0.040029645,153.72322,151.05963,0.048346322,146.62518,172.40233,0.05350004,160.27629,172.41467,0.047182824
198,171.33307,168.28798,0.1122895,163.08286,163.70088,0.06883079,168.87007,173.71347,0.10602429,130.89404,28.726439,0.024483925,136.35909,28.873327,0.04269681,103.210464,127.57255,0.056662597,195.83253,70.26974,0.074446335
199,175.09795,170.017,0.056823574,165.89227,164.20502,0.05013753,169.53456,175.00943,0.06209581,96.55744,132.26166,0.034482844,106.28244,146.93251,0.04429414,103.36719,127.81537,0.09393672,195.52847,70.50258,0.06315099
200,176.28293,172.35675,0.063594356,166.68094,163.95354,0.03830561,170.0351,176.07935,0.06591112,238.448,25.170906,0.038800247,136.0752,29.96813,0.038227614,103.46205,127.52245,0.057696056,229.37364,16.049328,0.03820231
201,177.69609,173.3133,0.16502921,167.93419,167.2956,0.08818036,169.41931,176.65717,0.092057034,238.62305,25.208134,0.044440966,153.76793,147.15517,0.050066765,105.945724,128.28291,0.09527036,164.13954,172.73004,0.03919777
202,179.12169,173.55212,0.28601518,168.7998,167.57008,0.156486,169.08913,177.1383,0.13944395,146.13345,139.75702,0.053193312,155.27596,138.41121,0.13030916,108.85154,128.57043,0.116061024,162.92337,172.2328,0.049279973
203,182.12082,174.24184,0.4549264,171.279,167.4296,0.20018433,170.50143,177.67535,0.20382221,146.49327,154.24525,0.06507385,153.56213,132.4689,0.12318779,111.14944,127.9302,0.13946138,163.60757,171.967,0.047597114
204,180.65558,173.19383,0.032546453,106.634766,148.35342,0.061102804,171.58089,175.45824,0.05933607,238.80165,25.234001,0.07720481,150.41283,129.6134,0.084375806,111.874916,127.61954,0.19047092,176.74133,172.08939,0.02953632
205,148.02748,133.62329,0.094378,107.40718,148.83473,0.060195785,170.95544,168.19225,0.036138605,238.79652,25.242867,0.08794347,232.92722,125.80014,0.05703553,110.96872,127.94926,0.13143092,146.43303,122.11043,0.044483427
206,156.8731,135.90073,0.6155971,151.18266,131.76093,0.3145652,151.5545,137.34671,0.32826096,144.57918,124.61619,0.07893185,130.44232,134.85501,0.12843865,157.8951,149.78925,0.050977476,152.86292,163.94917,0.11960856
207,164.78958,171.59572,0.26693937,165.525,163.82434,0.21057826,158.6347,164.5391,0.2253185,166.39798,142.05054,0.03827941,169.1133,142.12038,0.068263315,147.23601,163.77815,0.047784187,230.74413,13.946566,0.033923343
208,165.06541,170.93587,0.16715428,167.7067,163.71394,0.12399471,158.72021,163.23735,0.124998085,168.639,139.88869,0.048309177,171.31567,140.28065,0.07471375,245.03926,187.5443,0.015305307,161.11888,166.91281,0.02656954
209,148.99092,19.754713,0.057416916,216.83864,130.75298,0.02060568,221.50601,185.1023,0.012813787,26.89604,234.16919,0.020269247,220.24812,140.02435,0.029110104,228.72946,198.29185,0.044069666,212.14139,184.14131,0.031014
210,216.21149,115.624916,0.02953843,149.77946,13.588403,0.039989125,144.86647,12.5527315,0.030899549,222.19116,138.80533,0.042189308,219.78763,139.34634,0.084142484,235.99713,200.30501,0.03466186,211.56985,183.7753,0.035098698
211,143.45734,101.947754,0.04170434,216.3433,130.41997,0.019787284,156.63152,111.60322,0.021099957,234.86864,123.2723,0.039082248,151.72928,85.055466,0.04636028,229.37888,199.05151,0.035662614,212.02686,184.02094,0.030567646
212,142.76021,127.40158,0.05736959,216.83801,130.08804,0.023237718,153.62325,136.47935,0.026914839,223.25427,139.69818,0.06718552,219.8388,139.90596,0.079625145,229.25267,198.98866,0.040362526,212.24779,181.35182,0.033222795
213,144.95317,130.72594,0.044222202,226.73259,120.400375,0.022545999,153.00452,134.60368,0.04046858,223.07993,140.04575,0.06148518,219.9044,140.27011,0.07901414,228.64384,138.87213,0.034905702,212.15565,181.50151,0.031770315
214,225.196,19.249565,0.027722273,214.05353,121.82467,0.024977196,151.19948,130.68921,0.02709019,223.51962,139.96265,0.066053525,220.2911,140.75403,0.10005653,133.38693,140.82896,0.037127335,134.75087,102.78271,0.06538165
215,142.06001,55.23162,0.08929264,139.09921,62.351006,0.07017843,143.9792,59.76517,0.0755665,223.11766,140.35559,0.03390028,220.92099,141.2263,0.04162181,228.96507,199.9649,0.029666536,212.1732,184.72234,0.02706521
216,135.22775,45.334576,0.2979401,132.36581,54.392765,0.18237355,140.42807,53.63021,0.2005296,237.78087,25.052017,0.05896004,220.90321,141.05112,0.052049972,235.41425,39.103962,0.038249522,229.53429,16.855768,0.036718883
217,131.48228,41.758026,0.118281566,130.75143,50.4239,0.06457577,137.14973,46.29413,0.04159661,238.33669,25.167017,0.07646854,220.86794,141.44772,0.057980694,244.04178,25.785389,0.040383063,229.41504,17.123444,0.06806994
218,224.2735,22.661644,0.01123265,129.48843,72.27513,0.027861614,229.76788,17.234566,0.01811855,238.63812,25.153934,0.07732804,129.6456,77.24894,0.0559604,243.8479,19.401499,0.042450152,229.52519,16.795362,0.112564474
219,224.46066,22.20404,0.017663948,130.09045,71.50048,0.030002635,229.78206,16.801481,0.017309591,238.81995,25.303366,0.06421691,129.45049,76.82694,0.08904804,240.91487,20.756378,0.03841896,229.03442,16.930813,0.093327515
220,118.140175,42.133865,0.025968455,105.89551,154.78085,0.026672577,128.95796,48.87106,0.019196758,133.1274,72.25863,0.062469922,128.06781,73.4769,0.15947185,243.81572,19.30134,0.03176882,228.16566,17.282076,0.08216183
221,120.61097,40.313522,0.041522175,105.72629,154.68124,0.027163738,159.94751,132.16637,0.013369349,238.69362,25.182314,0.041446004,232.4183,24.555462,0.027042834,236.01047,38.226883,0.030487133,228.09734,17.274899,0.09009068
222,116.63656,47.358906,0.14393714,116.569954,60.910183,0.028790403,125.75099,51.65931,0.061662376,238.43428,24.956413,0.034060568,232.30537,24.386564,0.02298352,236.23143,38.44957,0.026608773,120.166016,48.46256,0.10362207
223,225.69101,18.520243,0.03550387,228.38309,10.950153,0.015857253,232.26764,14.706537,0.016814372,238.83017,25.222307,0.039433658,236.10872,24.761578,0.027218055,240.72433,16.542196,0.031850122,228.47632,16.878973,0.091383584
224,122.15863,61.934746,0.037653536,124.20096,79.1419,0.03161844,128.75378,67.652054,0.01732566,238.70377,25.131687,0.031679537,237.33705,7.647484,0.022892768,229.02098,200.0074,0.0292764,227.9401,17.442146,0.09141769
225,122.133,65.63338,0.06308269,123.83769,79.55671,0.05107013,128.72267,67.601494,0.025894752,238.75334,25.098698,0.0382878,236.1223,24.519909,0.025240496,229.09882,200.01968,0.029139608,227.96953,17.466732,0.091440454
226,225.4756,18.988178,0.043504734,121.15308,78.91669,0.02638978,127.9992,68.00371,0.022286667,238.97057,25.216301,0.054249685,232.6203,24.749367,0.035175707,243.82729,19.33104,0.031248443,227.86287,17.685066,0.0864966
227,117.29836,61.299026,0.1253682,120.701,79.01403,0.0751949,127.192154,67.2061,0.059002873,238.92923,25.151943,0.05350969,232.67807,24.676035,0.034743413,229.22725,199.96323,0.03169359,227.95308,17.589928,0.080212966
228,120.1464,61.232445,0.13606109,118.68343,71.12714,0.1074874,127.99623,69.374405,0.1210143,238.9029,25.076466,0.051571988,232.67291,24.579027,0.033362668,229.2997,200.08026,0.032441277,121.286545,60.338272,0.094338916
229,118.12407,60.980686,0.18125653,119.07138,72.19306,0.11168154,128.55202,70.60319,0.14054239,238.83154,24.956554,0.048459973,232.56721,24.491175,0.031553634,229.17267,200.22815,0.031342007,120.71619,60.84739,0.1081993
230,118.36768,61.25172,0.21015507,119.14346,72.64303,0.124950714,128.35434,70.76906,0.16494995,238.87466,24.934246,0.049893063,232.60123,24.675411,0.03382999,244.2456,25.818197,0.02721033,120.31494,61.379017,0.14240253
231,117.85382,61.349693,0.30478474,117.81884,71.664474,0.23430814,127.48479,69.0117,0.30402917,126.18054,85.663765,0.04920737,123.87641,95.392265,0.030447172,128.71097,90.56983,0.035552,119.50421,62.06872,0.1166212
232,117.107506,62.981907,0.2769578,117.39349,73.10541,0.19453472,126.726456,70.644165,0.2813265,125.44881,89.638535,0.05312991,122.422806,91.771095,0.038119446,129.13698,91.53053,0.041535627,119.36639,63.787537,0.103809774
233,115.371666,64.50495,0.4266681,115.23876,73.61737,0.3297967,125.09165,72.08977,0.47832528,123.87562,89.38507,0.16295002,119.28453,92.06497,0.0840548,129.5367,91.54374,0.14368415,228.43317,16.696968,0.06430322
234,117.674866,71.710205,0.21079737,117.72898,81.78678,0.082048655,125.47187,76.99727,0.08117978,239.33359,25.16891,0.08206675,232.69954,25.287687,0.053729657,244.5175,25.635193,0.042208053,117.93789,72.292496,0.21031554
235,119.955284,76.34752,0.18059777,117.99583,87.48493,0.14559028,125.60806,83.25123,0.084140316,239.09854,25.017862,0.06885772,126.59889,118.89236,0.04903674,244.36443,25.706646,0.035846375,119.89661,76.44762,0.09297617
236,121.43136,75.3169,0.07808881,230.22928,20.533718,0.027920337,123.37578,88.66279,0.026563155,239.37872,25.129112,0.07627648,232.47662,25.022968,0.04851187,244.46577,25.715815,0.039959993,228.78903,16.762571,0.05251626
237,120.69566,96.041336,0.10144266,120.69348,85.20408,0.09395867,118.57476,88.767166,0.14387843,239.2877,25.061554,0.07084748,129.08904,76.96643,0.059855115,244.39828,25.723188,0.03745018,228.79137,16.510235,0.04972354
238,119.31724,96.67861,0.1643202,122.573265,87.26394,0.118485734,118.47881,89.98392,0.17253304,239.26753,25.18057,0.07024586,128.40266,75.05197,0.09051849,113.95779,70.42878,0.038624234,228.22328,17.335398,0.039029922
239,120.01628,95.8603,0.114501506,123.38681,87.52277,0.09822999,121.90971,90.83585,0.13904661,239.26443,25.24555,0.06994126,232.5204,25.211802,0.046878193,244.46976,25.842817,0.037521265,228.09831,17.492798,0.0423048
240,143.62329,10.83345,0.030576121,230.18053,20.484169,0.02739928,229.69574,16.855278,0.013326784,239.42024,25.156939,0.07971457,232.6378,25.304207,0.052175526,244.57736,25.69424,0.042796835,125.459236,105.49172,0.039291378
241,79.01088,14.5220175,0.05231834,83.034515,12.593918,0.07503535,79.23786,11.809557,0.07637801,239.29712,25.080523,0.06467999,232.60168,24.93261,0.041910645,244.47235,25.783634,0.03686082,127.55492,108.467834,0.10202512
242,139.21367,32.12367,0.053103525,78.92797,15.069034,0.03858427,77.72242,15.496912,0.047491223,239.47545,25.089083,0.058863226,236.187,24.849754,0.039109275,236.3552,38.37804,0.035298064,228.75993,16.793205,0.05465834
243,125.81048,97.962425,0.13172372,126.87573,117.68109,0.06545139,76.98816,18.495146,0.06685939,239.52669,24.96051,0.06661029,232.74042,24.785221,0.043113656,244.46066,25.709583,0.037152085,228.61945,16.791306,0.07316204
244,138.46901,10.799498,0.099051684,136.96225,16.522987,0.0852461,76.70092,27.373226,0.0724738,239.56639,25.029112,0.059353195,236.07504,25.027802,0.039538495,236.24475,38.44464,0.035746995,228.46207,16.839294,0.09086561
245,138.77016,10.670658,0.17808458,136.08041,21.13363,0.110637374,74.928955,29.182035,0.08475266,239.36916,25.048092,0.05906148,140.0629,33.04015,0.043522485,236.30768,38.662815,0.03520663,228.66663,16.729616,0.06917579
246,73.893654,34.109108,0.088952,77.72696,25.754677,0.11363285,74.74687,33.015583,0.124545224,239.54018,25.140219,0.05808837,236.15152,25.069576,0.0387687,236.32608,38.622864,0.035759874,228.59435,16.849468,0.07132412
247,73.26428,33.37612,0.09961878,76.37865,27.523214,0.08113587,72.141396,25.987362,0.094979204,239.54123,25.343817,0.06022542,107.844696,133.0852,0.050538108,236.49646,38.427776,0.038079146,130.88525,104.591805,0.09081589
248,72.67818,32.8003,0.066526964,75.218155,31.306612,0.05152743,71.19414,26.394405,0.07767153,239.54578,25.555637,0.05873472,108.545906,133.4764,0.062547565,236.54506,38.379807,0.037407495,131.74518,104.97105,0.129008
249,72.51397,32.907413,0.06483032,145.463,155.13216,0.047556944,70.97958,29.897133,0.07427731,239.56572,25.55878,0.058294915,108.073044,133.63399,0.065374985,236.55501,38.39504,0.036964074,131.60297,104.71666,0.124724
250,72.443405,33.725666,0.064270526,74.62799,32.200783,0.056450475,70.85121,30.435017,0.08561862,239.66214,25.621458,0.06355453,108.216675,133.90117,0.07136851,236.55939,38.63149,0.03961688,132.52061,105.32366,0.10761859
251,72.828186,34.229996,0.065441236,75.20152,32.418827,0.06482763,71.009254,30.648914,0.09738338,239.66716,25.629599,0.06496278,107.928635,133.8898,0.0718871,236.57616,38.615593,0.039853808,132.47139,105.30695,0.10630047
252,73.05757,35.270954,0.06558731,75.425446,33.092907,0.07558429,70.84377,31.025677,0.10791168,239.6796,25.63111,0.06611997,108.124016,133.79576,0.07168513,236.58513,38.554405,0.038946196,132.91513,106.435036,0.09633119
253,73.278496,36.172432,0.08073915,75.88909,33.756695,0.0945372,70.85267,31.134571,0.12193896,239.62982,25.656778,0.06386252,108.14482,133.78816,0.062338084,236.60477,38.471596,0.039349236,133.16693,106.65503,0.09574076
254,73.0983,34.880665,0.09482692,76.53423,34.274372,0.11321038,72.27242,34.6051,0.13810481,239.57115,25.658485,0.059213422,108.72001,133.31467,0.059332397,236.5943,38.472584,0.038272403,132.83011,106.103516,0.10374075
255,73.202614,35.480217,0.09846041,76.912735,34.95916,0.12960218,72.32225,35.18715,0.15774697,239.5958,25.645296,0.06085141,108.689316,133.19104,0.057210356,236.60468,38.464493,0.03925518,132.4743,105.738235,0.10403374
256,73.45784,35.876488,0.10492665,77.98328,36.52714,0.1378149,72.56271,35.473515,0.1673473,239.52052,25.635168,0.056007393,110.05331,132.68936,0.06140228,236.6359,38.50061,0.038514227,132.1313,106.22545,0.113919124
257,132.74985,162.1999,0.16734259,78.30467,36.669952,0.15199769,72.87481,35.472637,0.17900093,143.28494,138.47717,0.07035581,145.61568,137.91586,0.072484836,236.69359,38.70388,0.03678066,131.55768,108.00191,0.20271827
258,136.04756,155.0051,0.1438089,78.22153,36.71075,0.16699354,72.56433,35.412712,0.18976441,143.15565,139.11407,0.06463297,144.84627,138.46242,0.06335375,236.69438,38.637455,0.036860898,131.85214,107.96694,0.17973232
259,73.91703,39.119446,0.123431206,78.05581,36.877434,0.20251632,72.12352,35.581142,0.21504341,79.40331,24.125793,0.076962195,80.95022,24.872345,0.061143063,236.65262,38.58416,0.035274085,131.43259,106.137375,0.15227106
260,135.3067,155.14607,0.1266809,78.1664,36.850567,0.21174492,72.000694,35.68878,0.21884437,79.411476,24.071373,0.076610945,113.4382,131.64853,0.06583393,236.66177,38.65951,0.032939717,130.83899,106.88142,0.15666118
261,73.25777,38.946148,0.12041792,77.858,36.400917,0.20701347,71.58532,34.95809,0.20903146,79.223145,23.575552,0.074874476,111.84056,132.89827,0.08032042,236.58553,38.64822,0.033416085,131.80682,107.62868,0.14603367
262,134.13702,154.38992,0.1633963,76.67688,35.260765,0.13515137,72.20621,35.007442,0.15536998,143.19168,140.60283,0.07035127,111.78104,132.0851,0.07280999,236.58409,38.6313,0.036783297,131.32661,106.12734,0.09276577
263,137.24588,166.2786,0.21529642,76.46734,35.308456,0.13450623,134.70807,158.18753,0.20540059,141.0773,140.00499,0.05329115,111.85314,136.37389,0.07184566,236.70769,38.85826,0.037555948,130.73679,107.61021,0.17522031
264,136.73936,169.93968,0.26696885,77.18335,36.595543,0.17107032,131.22862,159.06346,0.21494356,135.96886,126.665955,0.07231554,113.35133,136.636,0.08709112,236.76572,39.04904,0.034754336,129.65471,106.81493,0.08407501
265,134.85504,170.8651,0.30349448,136.76952,162.34225,0.2516671,129.52353,159.57405,0.28664297,134.29466,127.81455,0.07655218,117.01257,130.71445,0.09318898,71.9664,22.796114,0.033033285,128.78696,109.02573,0.14957462
266,133.49239,170.0406,0.24580756,135.89806,161.58322,0.20732206,128.6331,158.91687,0.26707625,79.958954,25.200796,0.099519916,117.725525,130.8264,0.09192636,75.867935,19.345015,0.050499074,127.88594,111.034805,0.2009202
267,133.59352,170.31866,0.2178234,77.68153,36.94525,0.19649939,128.97423,159.42537,0.23716912,80.18128,25.461525,0.08910056,117.15168,130.99463,0.08162125,72.22534,22.900248,0.04527752,128.00272,111.2557,0.18413715
268,133.86366,170.47455,0.19621895,77.777306,36.14221,0.17676672,129.10893,159.6961,0.2032098,80.13145,25.525343,0.069317944,113.608665,135.98793,0.08872774,72.23568,23.346558,0.038088415,128.28185,111.21895,0.14663167
269,135.80354,167.59401,0.14892249,77.871735,34.49534,0.109800726,129.68393,159.72763,0.12256773,79.994064,25.952538,0.055008207,111.964714,136.32323,0.10035143,72.27007,24.488987,0.03506506,128.2119,110.00693,0.13744597
270,134.30724,170.38611,0.24506603,134.96791,161.89632,0.16375928,127.85218,162.07352,0.19855326,109.677086,148.75624,0.04549691,112.13605,135.38733,0.118080206,236.64177,39.102566,0.027722329,117.45581,110.36241,0.0673321
271,133.45973,167.82948,0.31341782,133.33107,161.04662,0.19543912,123.04342,162.42711,0.24904276,109.42697,148.61386,0.06494895,113.54756,129.72386,0.1314006,236.50089,39.08142,0.026649574,116.07032,109.58212,0.0553398
272,118.398315,132.03569,0.3362576,116.3715,139.43513,0.09631494,123.85062,136.34161,0.12518293,239.41095,24.933994,0.05736241,232.81087,24.665415,0.03755096,236.64548,38.543503,0.03625547,228.61427,16.551762,0.084301725
273,137.90555,11.052844,0.10352539,136.45175,16.44912,0.07917277,76.13045,27.544254,0.06465861,239.37833,25.092432,0.06044278,108.14969,139.80486,0.039919823,110.090515,129.51881,0.05480012,228.5741,16.66782,0.08985139
274,132.04163,19.00719,0.03272492,83.96641,15.255303,0.0267175,78.38656,14.527647,0.026399497,239.32516,25.138288,0.06933706,232.64162,24.894554,0.0450991,244.45428,25.776743,0.03815116,228.73106,16.646845,0.04214651
275,130.96626,18.02631,0.028693518,122.38013,91.07,0.025435489,123.12855,91.85336,0.035167612,239.22585,25.129116,0.06287494,232.68202,24.927956,0.040722538,244.41655,25.795658,0.03384088,228.74123,16.394701,0.035042685
276,121.294624,84.76141,0.08513849,120.26537,86.24325,0.030141024,116.25169,91.816734,0.07503536,239.27786,25.215477,0.0585638,119.7021,80.85205,0.04175931,244.43661,25.825323,0.03047266,118.77615,78.8674,0.06581305
277,120.64417,84.92035,0.11862165,118.17261,92.49594,0.03029469,116.29356,91.489586,0.08638322,239.24924,25.187756,0.055980023,119.40877,81.6416,0.048341908,244.4049,25.82948,0.028939739,118.0672,78.746826,0.08831291
278,119.806404,85.559425,0.17182297,123.59078,111.13823,0.031119222,116.787025,91.367645,0.06759383,239.23273,25.188362,0.053433802,119.689255,83.84623,0.04656886,237.29198,38.838955,0.028282447,117.40921,79.88465,0.13021053
279,120.10573,85.250626,0.16987157,123.73478,110.81543,0.034679536,116.60139,91.14133,0.08637682,239.20982,25.177938,0.054524258,118.97553,82.665764,0.057546522,237.24078,38.923717,0.029482746,117.132195,79.43049,0.09724667
280,121.22056,85.96066,0.11168631,118.22012,92.070366,0.046102718,115.571365,91.48492,0.12447467,239.31117,25.178356,0.05904954,117.112495,78.78227,0.047852963,237.21971,39.017456,0.0321578,228.79906,16.156296,0.0284486
281,120.12834,96.6673,0.09261977,117.92404,91.80114,0.055438884,114.844505,91.74455,0.13413602,239.32452,25.17283,0.05925822,232.74493,25.174412,0.039134666,237.16605,39.06276,0.03291077,228.79742,16.16117,0.029328868
282,120.34275,85.52236,0.13479838,117.87761,91.93461,0.05091681,115.71389,90.84856,0.12078848,239.31564,25.23622,0.054850545,118.74951,80.69889,0.05406393,130.6647,108.24449,0.03085255,116.96631,79.15652,0.027372131
283,118.85347,84.87631,0.18825485,120.67455,98.98953,0.07431514,116.69361,90.59022,0.10042772,126.00745,104.68591,0.054399364,120.10437,83.69966,0.057953876,130.67136,112.71069,0.04130455,116.40246,79.98133,0.12066756
284,118.87081,84.68461,0.19055817,120.40282,98.87727,0.08440206,116.7977,90.52034,0.09644912,126.07185,105.036644,0.05663112,124.87342,111.15323,0.057681594,130.83133,112.88229,0.041841034,116.405945,80.09282,0.1340348
285,118.32002,84.2879,0.20029436,120.13727,98.67877,0.09100945,117.3252,90.4347,0.08862171,125.975,105.306305,0.054210357,124.80574,111.353035,0.06361085,130.84795,112.953415,0.040873095,116.232086,80.44554,0.16291238
286,119.14049,84.40259,0.1904718,120.55947,98.937454,0.06627172,117.75567,90.38795,0.10988526,126.18952,105.14072,0.0542457,125.046455,111.17209,0.05806553,131.13641,112.92085,0.03729412,116.572876,79.8088,0.14193192
287,119.86501,84.17654,0.17014343,124.29179,111.252525,0.03192227,117.48393,91.44588,0.10325816,239.13489,25.063316,0.05427467,126.18571,116.97028,0.058951024,237.02548,38.975582,0.02933291,118.78642,80.38393,0.15497379
288,137.52364,7.9118514,0.18789661,135.20695,13.822742,0.10446456,143.65387,14.106638,0.07072708,239.20435,25.108282,0.055401523,232.61317,24.698755,0.036189184,244.39177,25.866413,0.030984806,228.72961,16.554296,0.04260321
289,138.33157,8.618253,0.16197012,136.49792,14.302884,0.119008645,143.89182,14.785385,0.0630091,239.22826,25.102728,0.055995032,232.64856,24.629948,0.036504865,244.35086,25.892544,0.03197954,228.84807,16.628084,0.06165761
290,138.09494,9.232391,0.25750908,136.7189,16.463718,0.17816871,142.95187,15.417971,0.09507587,239.197,24.900007,0.0487513,107.09118,132.14066,0.039517235,244.2379,25.842035,0.028571151,228.8224,16.32081,0.08938357
291,138.91231,10.342899,0.19647808,137.35532,16.614178,0.12786606,143.01706,15.413522,0.07182651,239.33008,25.079569,0.055475943,232.7411,24.752956,0.037630927,244.35246,25.86798,0.030728895,228.8351,16.702581,0.06266372
292,138.61757,10.40111,0.32666337,136.76642,18.744047,0.19176078,124.635086,88.960945,0.17839617,147.98497,25.904814,0.025462523,141.0744,31.5951,0.028847385,237.02274,39.26292,0.028720716,120.92853,80.87695,0.14517567
293,117.19792,84.46757,0.35157117,117.06222,95.0242,0.34428442,124.70072,92.529465,0.4710406,123.51092,101.10097,0.1662255,121.85087,100.49374,0.09882849,127.267265,106.05549,0.17672716,117.28393,81.98205,0.23331542
294,117.0835,83.91717,0.3598668,115.73274,96.21496,0.36542818,124.19463,94.79682,0.47886285,123.34813,102.283295,0.22991222,122.90297,101.813324,0.1688338,123.787834,101.05911,0.15160225,116.920425,82.36965,0.32340235
295,116.55183,85.791725,0.4569446,117.34514,97.92594,0.424531,123.162674,96.808105,0.4781172,122.51886,102.728,0.26218578,123.04151,102.6213,0.21644467,124.19371,104.53522,0.18068422,116.456604,82.598564,0.40267316
296,116.286804,88.409515,0.4431771,117.981445,101.564445,0.47887942,121.76449,101.77717,0.49157724,121.43736,102.91943,0.25773847,123.35069,103.1356,0.24483682,122.44849,104.14491,0.2508179,115.894066,84.968605,0.3805705
297,117.306465,87.16142,0.43017852,118.142815,103.53148,0.4485438,123.1864,103.164345,0.5153833,119.20934,104.505646,0.18594049,123.53096,105.56771,0.183959,123.14932,107.70226,0.16845463,115.80501,87.97434,0.39345396
298,117.15279,96.74905,0.43405145,116.67859,107.69135,0.39231053,124.199265,106.99443,0.58962435,123.81907,115.58304,0.1825778,123.7875,113.825134,0.111264944,126.05257,114.430534,0.14870942,117.18031,91.578636,0.3410771
299,119.02271,95.96206,0.5286947,117.28691,109.53684,0.38893026,124.22179,110.15617,0.56607693,122.83498,118.63852,0.2148743,121.15015,118.288635,0.16035879,126.30609,121.52004,0.21033667,118.22851,95.04162,0.17719354
300,119.07188,98.411415,0.44766146,116.89426,116.01227,0.30609447,122.29641,115.20363,0.4469712,121.51907,119.71616,0.2601435,123.744606,119.7797,0.22355221,126.53136,123.486595,0.27779445,117.54508,99.32802,0.32805622
301,115.6631,104.45487,0.27947658,118.162186,128.71161,0.26251107,121.963745,122.78959,0.41603264,121.76045,129.23209,0.17420644,124.41186,123.15165,0.13937154,121.14486,124.51707,0.15182315,116.01747,104.53263,0.45994335
302,117.103546,111.1936,0.43377182,117.19356,131.29195,0.27610588,120.67174,128.55762,0.4053945,120.574554,132.49353,0.28828573,122.62573,132.82344,0.2473914,118.6176,131.3071,0.20021467,117.33744,112.12261,0.31112027
303,118.77472,115.1959,0.4008493,116.33233,132.30977,0.21077444,122.76881,128.54759,0.2890589,121.391,135.73016,0.1322635,122.948166,136.38452,0.10020055,127.31757,140.15468,0.10427529,117.99591,116.68273,0.23776424
304,117.564285,121.31785,0.35945204,117.41416,135.17683,0.19834027,123.109985,136.0841,0.36375213,122.40106,144.67694,0.11493455,120.00221,145.05177,0.053239502,125.77537,145.04704,0.09585066,118.43194,123.85469,0.1798976
305,116.33432,128.1889,0.36568934,117.99336,145.36337,0.18344294,121.58637,141.24016,0.22223923,118.20301,143.27849,0.12270427,118.56207,142.78406,0.111589506,127.67592,152.00157,0.10067961,118.81837,127.79444,0.23706424
306,117.75868,130.79506,0.21022953,118.386246,146.3193,0.13414115,116.46182,151.18517,0.09488463,130.30281,147.53502,0.073302455,126.42591,147.44252,0.054973364,135.13704,148.86557,0.057601273,119.03467,130.58109,0.11125969
307,118.90988,135.47289,0.25466216,117.60679,151.31241,0.15595157,122.26303,152.05246,0.1182754,123.19323,151.2994,0.06730875,122.470726,152.55653,0.06291728,236.87204,40.273495,0.033998035,119.75036,135.71991,0.07109441
308,114.48369,165.29149,0.3158093,121.14817,158.95326,0.19294745,117.327896,153.97838,0.18446948,121.27957,149.7392,0.15512115,122.868904,149.8055,0.16462398,115.93322,144.54384,0.13971382,119.85742,136.9093,0.1970339
309,113.483925,164.64568,0.40281016,121.43811,159.73363,0.34437975,116.53965,154.22012,0.24719891,122.75498,150.3729,0.2099462,123.778564,150.29251,0.24443147,115.86475,143.92062,0.22893628,118.40732,141.28421,0.18615267
310,113.12241,164.19614,0.43090612,121.641846,159.7607,0.36698344,116.44847,153.96371,0.25307524,122.89798,150.43198,0.21679093,124.08146,150.59634,0.24386032,115.497314,143.77814,0.2578071,118.434494,141.54666,0.17479853
311,112.690704,164.37651,0.45005804,121.405136,160.1969,0.41037014,116.14983,154.122,0.27883998,122.855446,151.06288,0.23114504,124.36667,151.61134,0.24551219,115.06148,144.29533,0.2922318,118.39176,141.42511,0.18646392
312,112.33443,164.8703,0.4366392,121.22062,160.2102,0.3937173,116.185326,154.11504,0.26819602,123.19896,151.02858,0.2132906,124.43653,151.42542,0.22897698,115.38289,143.91066,0.27621835,118.38169,141.80003,0.15231635
313,112.500374,164.85535,0.4150793,121.2888,160.09668,0.3624826,116.57565,153.95638,0.25018346,123.61705,151.07675,0.19337781,124.44945,151.23274,0.21148072,115.812584,143.491,0.24215055,118.484955,142.19746,0.110652
314,112.37113,165.00012,0.44837674,121.28172,160.20566,0.3991786,116.281136,154.10614,0.27437136,123.70558,151.17117,0.20218813,124.86249,151.71948,0.21157028,115.7902,143.51068,0.24484448,118.49957,142.26639,0.10309869
315,112.278915,165.4227,0.47770387,121.21997,160.48488,0.43490654,115.85073,154.39854,0.28904653,123.57418,151.21278,0.210433,125.08569,152.15022,0.21807587,115.733376,142.4072,0.2800716,118.57742,142.19516,0.12584771
316,112.28249,165.74554,0.49393,121.32806,160.66986,0.4426414,115.72817,154.49055,0.28886777,123.952644,150.96465,0.1993562,125.43693,151.92213,0.20783801,115.86196,142.22133,0.27377328,118.82431,142.59076,0.11122338
317,112.79632,165.95212,0.49475375,121.5308,160.76917,0.4334348,116.0012,154.58177,0.279,124.407585,150.93068,0.1851217,125.65824,151.78867,0.19760351,115.92514,142.22896,0.26907706,119.02784,142.90092,0.107544824
318,113.17959,166.2399,0.48783022,121.59184,160.99715,0.41315463,116.38825,154.809,0.2599142,125.03561,151.28166,0.16019,125.784904,151.96721,0.17417012,116.311584,142.59573,0.25887856,119.316345,143.02544,0.08987744
319,112.98034,166.6227,0.5072327,121.3702,161.3342,0.44559947,116.31391,155.0684,0.2803397,127.57933,152.66844,0.17811862,128.90704,158.60405,0.19349721,116.27377,143.34587,0.2665122,119.45848,143.10309,0.07729004
320,112.51126,166.75075,0.53021336,121.15817,161.54048,0.51163495,115.907005,155.36256,0.32563907,127.540565,152.93243,0.22553504,128.78812,158.73486,0.21782336,116.19693,143.80977,0.27835116,119.52319,143.08437,0.09513532
321,111.97662,167.43796,0.5495059,120.363846,162.06767,0.57162327,114.84133,157.65865,0.37710437,126.482735,153.49106,0.2942358,127.77554,156.94171,0.24076106,115.574455,144.85376,0.29881865,118.93154,142.29037,0.17743835
322,111.71956,168.10397,0.5467969,119.33983,162.76534,0.555341,114.518524,158.40796,0.39488167,125.65065,154.40489,0.29768926,126.8768,157.61668,0.23795138,115.10414,145.76175,0.29156968,118.44314,141.55273,0.23037948
323,111.75224,168.3442,0.5324122,118.8253,162.9961,0.5344207,114.59653,158.73901,0.40329978,124.92359,155.28712,0.30602783,126.326515,158.41742,0.24488623,114.51824,146.30135,0.28380442,118.25063,140.95207,0.27482957
324,112.34238,168.34697,0.5241446,119.118225,162.60558,0.4987361,114.99558,158.65761,0.3923423,125.00269,155.5083,0.29126045,126.19345,158.09212,0.22800724,114.50328,146.67786,0.28639004,118.31029,140.85748,0.29307494
325,112.46918,168.27946,0.52116704,119.258995,162.38965,0.49424127,115.10444,158.44342,0.3894786,125.132675,155.2964,0.2876747,126.22768,157.85541,0.22548753,114.579475,146.71935,0.27585086,118.2671,141.03363,0.28308907
326,112.7793,168.04152,0.5173613,119.145966,161.89668,0.45827368,115.49198,158.10744,0.3677446,125.27944,155.24641,0.25082752,125.88944,157.59608,0.2022691,114.61306,146.64522,0.26750234,118.11237,141.29317,0.2584441
327,113.073235,167.54124,0.5085377,119.1738,162.76396,0.41028157,116.01423,157.48604,0.31587702,125.5473,155.07242,0.19443105,125.83251,159.12015,0.16319072,114.80239,146.24295,0.24549963,117.9852,141.62401,0.22951272
328,113.80065,167.39941,0.49484387,119.177,162.32126,0.37923643,112.81351,160.642,0.29459456,125.405365,154.8848,0.16008104,122.279205,155.63663,0.14367156,114.44603,145.73418,0.2273859,117.8384,141.44203,0.23821989
329,115.18542,166.6869,0.5143255,119.88752,160.66646,0.42964664,116.53469,157.8466,0.30438134,125.01739,154.36963,0.15854183,122.82008,154.84795,0.17524928,114.24181,145.67107,0.20876521,118.03647,142.10063,0.31088424
330,117.710625,166.501,0.4787368,122.03601,161.57861,0.34290996,115.635895,161.40845,0.26627713,121.28736,151.21272,0.12163145,122.27092,153.30588,0.12021195,115.318794,146.40321,0.167589,118.88506,142.59375,0.29169047
331,119.242676,165.91817,0.41129252,122.68765,161.1326,0.29920372,121.50784,154.58577,0.26643276,121.960014,150.92165,0.10551025,121.511765,152.92844,0.10786683,115.9176,146.29253,0.14243673,119.24842,143.13475,0.2232395
332,120.102806,165.01102,0.4567794,122.37769,160.6048,0.3500846,121.95344,154.30434,0.36609975,120.36316,152.26993,0.19889104,123.271126,152.76712,0.20557855,113.8636,148.07066,0.20513976,118.074165,140.92918,0.34233132
333,120.927795,164.54294,0.4772745,122.50689,160.27917,0.34954387,122.20426,155.1961,0.38688153,119.932655,151.8207,0.21508916,122.93214,152.09879,0.2353026,113.775826,148.16911,0.19943717,117.69078,141.2199,0.352627
334,121.5258,164.20676,0.4817724,122.44136,159.91536,0.330795,119.50581,157.3956,0.37025666,119.94871,151.59723,0.20120917,123.55807,151.31726,0.23905657,113.75121,147.99036,0.18685862,116.8592,142.25372,0.29949993
335,122.14808,163.97641,0.50505555,118.509445,152.53474,0.35341582,119.99431,157.66428,0.38613194,120.35716,150.90611,0.16363384,123.79548,150.02989,0.20630702,114.66932,147.4053,0.1553472,116.7808,143.66653,0.1866044
336,122.05326,163.68958,0.4698708,118.05677,152.78084,0.4073378,121.90411,155.77705,0.42252994,121.08747,151.17526,0.11218653,118.95192,152.53778,0.14095008,115.885925,147.50563,0.12509368,117.44631,143.71016,0.1324226
337,122.10438,163.5626,0.41231918,117.31036,152.75108,0.42394707,122.48518,156.69218,0.39538646,127.906395,159.26839,0.07598007,118.18006,153.16257,0.111394316,133.41142,158.0486,0.15193506,115.30834,139.23593,0.068551525
338,122.078026,163.93777,0.42291912,116.46378,152.72263,0.47712952,122.84675,157.25362,0.4376831,117.508026,158.78058,0.09800636,114.62658,158.84877,0.14612703,133.02856,157.71982,0.20627965,116.76718,143.0034,0.076382406
339,122.131386,163.90858,0.4376626,116.28436,152.6658,0.48255238,122.3668,157.73157,0.465852,116.52203,158.35294,0.13069929,114.09406,158.30432,0.16124435,132.7978,158.11778,0.1932941,116.69841,142.78156,0.09860056
340,121.63779,163.75847,0.40133616,116.1723,152.20044,0.47567344,121.51861,157.2024,0.43464547,115.87295,157.51883,0.14553669,113.95616,157.14847,0.16463023,132.39124,157.64201,0.17762598,116.08019,142.417,0.089082815
341,121.49417,164.20068,0.39885974,116.16359,151.76544,0.4861571,120.99779,156.4859,0.42034572,115.488716,157.305,0.16539389,113.6567,156.86873,0.18231331,131.82771,157.68707,0.16219276,116.19832,142.29059,0.09749873
342,121.26052,164.43758,0.37515387,116.65472,151.31306,0.44661197,120.46551,155.9751,0.37098634,117.52309,156.94263,0.1652994,116.41758,152.93213,0.17150207,125.54713,157.45105,0.16047645,114.49718,143.23508,0.100354165
343,121.518456,165.23943,0.37368298,116.14316,151.37419,0.42831507,120.88519,156.25175,0.35996425,117.47387,157.56259,0.1476051,116.416855,153.4754,0.15205124,125.8292,157.72519,0.15921345,116.1495,141.90373,0.10706075
344,121.64034,165.92566,0.36357,116.01159,150.94582,0.39460874,120.98034,155.57526,0.35783154,119.050545,158.61438,0.16059414,116.42785,153.66031,0.14181608,126.38487,158.03377,0.18150723,118.21818,167.17276,0.1135499
345,121.37153,166.40276,0.37739885,115.87737,151.10085,0.36297485,121.1932,155.59317,0.3745413,119.36614,159.34702,0.1702715,114.516655,158.40607,0.13158013,126.978165,158.45644,0.18931027,116.08978,141.79358,0.1236173
346,120.96156,166.98433,0.40295166,115.672325,159.94527,0.3344581,121.380424,157.25937,0.3647066,120.33274,160.82231,0.13918824,116.68143,154.3418,0.12066753,123.45851,163.86232,0.18057537,116.06688,142.56552,0.13967153
347,117.88168,150.56383,0.41849932,115.36891,160.6887,0.3707182,122.27126,157.76317,0.3847843,120.08348,162.25371,0.16550438,114.217316,158.72293,0.15489829,123.11409,163.54416,0.21243191,116.04688,143.78949,0.13414413
348,117.496956,149.08578,0.50460374,114.07883,156.44238,0.3673596,123.10533,156.60959,0.4573061,119.30953,163.76044,0.21304323,113.561584,159.48384,0.14996943,123.07893,164.03247,0.25657427,115.75437,145.00758,0.13547587
349,118.117744,149.36743,0.53918314,114.341286,157.20006,0.41061184,123.89351,157.51927,0.44518095,120.02783,164.68024,0.17702334,114.04481,161.72887,0.17711946,124.09105,164.53398,0.23768799,116.418335,146.00389,0.09807483
350,119.075096,149.94044,0.39908606,115.91322,158.11714,0.31375703,123.85097,158.31985,0.32004055,120.87136,165.3282,0.1212108,114.63199,163.68791,0.09698264,125.5256,166.58308,0.18553641,120.05051,172.86977,0.051592913
351,116.841576,151.06479,0.2204701,124.297005,165.08167,0.19180402,121.69676,165.98773,0.17810076,117.7116,162.72054,0.043039285,116.15227,162.85254,0.046918888,126.724075,165.56349,0.097263575,129.42184,24.911541,0.1213454
352,123.113785,171.45107,0.22296044,125.62394,166.54529,0.21120156,122.1337,166.4436,0.19739057,126.19532,163.46284,0.027143491,132.53732,133.53877,0.039078053,128.5788,165.05232,0.07890808,119.89317,168.88629,0.1364202
353,122.51074,172.41344,0.1796893,126.604004,167.72205,0.17053105,118.381096,165.19298,0.19585289,230.40164,136.63188,0.021492412,128.74187,152.13857,0.054587595,141.75543,146.64395,0.0992862,120.723114,168.5717,0.11237591
354,120.973366,171.94676,0.2195982,128.75789,167.77707,0.20416993,117.983086,165.74727,0.22815242,149.95105,33.008816,0.022746054,130.43488,150.99686,0.037039496,135.48857,146.14622,0.13554797,128.3266,19.692616,0.097457856
355,120.8788,171.0544,0.14551137,121.90216,167.43555,0.15695456,118.14562,166.0365,0.19700174,150.08846,32.853325,0.026359694,115.171684,138.21437,0.031885806,142.4616,146.22455,0.089703865,128.47147,20.25248,0.09563508
356,120.69441,170.32837,0.25732318,122.50178,166.30551,0.20743802,119.02379,164.96458,0.22944477,162.3569,29.863762,0.029103074,222.04237,138.35182,0.04311132,141.69312,146.15427,0.08993929,129.49678,15.996422,0.107696116
357,120.53242,169.07799,0.3533704,121.76534,165.81834,0.2524788,118.87673,164.70547,0.25085944,163.44928,29.837128,0.03210074,221.59561,137.90642,0.061861005,140.51398,145.35551,0.063502885,122.11228,164.34532,0.038729906
358,121.30061,167.33687,0.36776003,123.574165,164.44429,0.25717887,119.652794,164.61215,0.23568313,224.89447,137.28143,0.03719338,221.12328,137.93103,0.071138196,243.34204,123.90566,0.018314963,128.56271,153.12656,0.044609934
359,121.932396,166.40846,0.3875972,123.22544,163.77776,0.2738883,119.71648,164.47632,0.24962516,130.00322,165.77046,0.020519258,220.96808,137.9355,0.036048256,100.77884,165.79326,0.030131945,121.74129,162.41078,0.042480983
360,121.99167,165.69653,0.39587662,123.2348,163.44656,0.27468428,119.89838,164.11809,0.24413973,224.23647,137.43007,0.026628044,221.08263,137.9175,0.052113816,100.85486,165.92522,0.03323541,121.82156,162.15536,0.04454705
361,122.04732,164.22127,0.3405465,122.557365,163.19621,0.25848988,122.46081,163.74893,0.24573807,114.65119,157.22435,0.03652653,220.9424,137.92805,0.05949407,101.0601,166.09308,0.027639968,121.430435,161.85162,0.046916634
362,122.57647,161.32954,0.32383987,121.35308,162.33267,0.25029266,122.70036,163.5019,0.24124384,114.37397,157.3228,0.04779288,221.1134,138.05478,0.073243864,101.14161,166.18576,0.028832335,121.43091,161.79033,0.045757487
363,122.62474,160.7218,0.33641207,121.06985,161.85089,0.24581744,123.519165,162.25966,0.24495806,114.11065,157.41862,0.06085914,220.9339,138.16649,0.07736782,112.4219,157.8409,0.03822341,121.63515,161.97017,0.04413229
364,122.67663,160.50491,0.34889185,120.93944,161.66736,0.24891265,123.558334,162.2154,0.253903,113.899536,157.55324,0.06350224,221.03284,138.27005,0.06388211,112.342545,158.07338,0.04215643,121.7204,162.14767,0.04391277
365,122.51863,159.84795,0.38006622,119.90299,161.28331,0.26291442,123.47244,161.95407,0.27021042,113.69067,157.84508,0.08073723,118.76406,157.74142,0.058985487,112.365654,158.44077,0.058776107,125.0032,163.79713,0.040908042
366,122.28925,159.45076,0.38689163,120.83178,160.57825,0.2601707,123.42134,161.65714,0.26230463,113.68495,157.95251,0.067119256,118.685585,157.78175,0.058472283,102.25783,166.4204,0.054795828,125.07622,163.6637,0.04316605
367,122.15022,159.1405,0.36910442,120.81426,160.45146,0.25408962,123.43485,161.50969,0.24726738,124.642075,169.05856,0.0639814,118.78285,157.9484,0.04768911,129.99211,170.26582,0.054280933,125.11084,163.06487,0.050660256
368,122.02562,158.98335,0.36882186,120.76672,160.36517,0.25394624,123.39752,161.42885,0.2428412,124.690926,169.22035,0.066179894,221.19067,138.59589,0.04413846,130.09192,170.33478,0.055460207,125.12412,162.90285,0.05284484
369,121.86451,158.59955,0.35760772,120.575195,160.17982,0.2577533,123.3849,161.28468,0.23755832,124.63813,169.3948,0.07071039,121.007225,168.63269,0.046636462,130.08943,170.43895,0.057613857,125.204094,162.58522,0.056046207
370,121.72632,158.53156,0.34415942,120.66422,160.1182,0.24959655,123.38816,161.16992,0.22435613,124.9479,169.35007,0.071691714,121.31773,168.64731,0.04796989,130.23976,170.2904,0.056794435,125.35517,162.21127,0.059565593
371,121.66726,158.53195,0.34562165,120.66847,160.1154,0.24955316,123.355995,161.13692,0.22159673,125.03403,169.26993,0.07061167,121.44822,168.54858,0.047469437,130.21094,170.15009,0.0561053,125.345825,162.09338,0.059807517
372,121.789154,158.71268,0.36396667,120.7373,160.157,0.2612063,123.34141,161.22235,0.23634316,124.9704,169.14445,0.06635699,121.40467,168.32391,0.04403458,102.23688,166.61932,0.053940568,125.31414,162.25342,0.057677876
373,121.80378,158.83942,0.36119384,120.84149,160.20636,0.25934443,123.38641,161.19916,0.22944196,125.215706,169.00049,0.06268881,121.71042,168.15869,0.04178424,102.13141,166.5963,0.052040126,125.38362,162.19887,0.057776902
374,121.0198,160.20345,0.3605435,121.16099,160.51996,0.23657203,123.38467,161.40955,0.22341943,125.329056,168.64705,0.053647242,221.1436,138.83026,0.03637693,101.84659,166.4818,0.04824447,125.37576,162.33505,0.05533404
375,121.67112,162.28258,0.3068958,121.895706,162.51103,0.20283888,123.540794,161.86702,0.18421829,125.5366,167.70598,0.026267428,221.11472,138.67084,0.047050733,100.89205,166.4911,0.030962933,125.699425,162.18968,0.056631174
376,121.876114,162.42206,0.3224973,121.734344,162.49026,0.223954,122.71451,162.96964,0.21866716,125.12296,167.62001,0.026697218,221.17647,138.69977,0.0463998,101.086845,166.37082,0.03304461,125.42437,162.58505,0.05273477
377,121.93363,162.62051,0.3268387,121.72795,162.57657,0.2336026,122.657265,163.12561,0.23122708,125.035835,167.52165,0.024561634,221.08284,138.56995,0.04740248,101.09252,166.30492,0.030082155,121.798546,161.81554,0.052488953
378,121.82792,162.3698,0.31056046,121.490486,162.53755,0.23063253,122.70293,163.021,0.22976567,124.90131,167.73578,0.030879768,220.86613,138.4265,0.039367434,129.79892,169.2839,0.029124703,121.72721,161.78786,0.05088368
379,122.389694,160.10338,0.31457838,120.63426,161.71602,0.23021895,122.828354,162.72658,0.22684637,114.281075,157.53047,0.045815106,220.66614,137.9758,0.044414703,129.75264,169.57452,0.040448844,121.61656,161.81941,0.04723588
380,122.373085,159.88794,0.33070105,120.45767,161.53545,0.23765554,123.41734,161.90387,0.23214696,114.15091,157.56216,0.06341118,220.78108,138.38142,0.07641056,129.59593,169.4593,0.044239648,124.763176,162.74284,0.041578107
381,122.27629,159.59378,0.32031918,120.2053,161.46004,0.23722991,123.53902,161.61671,0.22096978,114.24273,157.13736,0.0796408,220.28787,139.17407,0.051156137,112.70872,157.63469,0.048249006,121.52736,162.17032,0.03400941
382,122.14798,159.68472,0.34102187,119.7585,161.1932,0.2573956,123.57698,161.64677,0.23858969,114.15623,157.1285,0.088380925,220.68239,139.80179,0.07191715,112.53015,157.54224,0.0547108,121.58738,162.26477,0.025046894
383,122.13445,160.31734,0.36520183,119.580444,161.22202,0.2904149,123.27995,161.73451,0.2704632,113.92267,157.13388,0.10450705,114.707214,154.80048,0.05595332,112.21137,157.65321,0.072538875,121.70782,162.51805,0.025227472
384,122.11486,160.49033,0.33302936,120.095245,161.91762,0.27175146,123.18813,161.93967,0.25415444,113.84679,157.2026,0.07588047,116.66514,153.64932,0.039071172,126.192406,168.30554,0.067364104,118.95182,150.55557,0.037709508
385,122.14962,160.65596,0.32588613,119.43779,161.28957,0.27916044,122.930275,161.87672,0.2621176,113.79853,157.08447,0.07908138,126.33134,166.54085,0.042715676,125.865,167.7552,0.07434674,119.099594,150.31093,0.05148404
386,121.932304,161.17767,0.32112375,120.242386,161.96512,0.2646694,122.81962,162.07521,0.25733,124.528595,166.5096,0.06969462,126.32688,166.6641,0.042567648,126.00555,167.67624,0.07715609,119.13129,150.41603,0.056588363
387,118.90546,156.1102,0.3361264,119.6347,160.98068,0.2682705,123.70917,161.00746,0.29881525,124.72628,165.86584,0.051351454,126.701744,166.16457,0.041490097,126.12461,167.05634,0.064265795,119.40691,148.95746,0.068372525
388,119.958336,154.81392,0.25936157,119.9492,162.23943,0.27667525,119.40802,164.37952,0.2596102,126.62155,165.44637,0.04299123,120.54388,156.42104,0.059841856,123.965096,165.70111,0.05257126,120.28554,147.64552,0.17820738
389,120.84789,168.86632,0.29937598,119.84234,163.0741,0.33295837,118.61821,164.91945,0.35732424,121.596016,161.25247,0.09005766,121.33157,156.91348,0.08506439,118.03136,164.20311,0.06029375,120.44169,147.36516,0.23405585
390,119.021164,153.16432,0.23844297,120.58772,165.65018,0.24149103,116.46438,164.86923,0.2837186,115.75009,156.47067,0.06325083,120.381966,157.47995,0.06632129,116.49434,150.12025,0.04848571,120.67295,146.44252,0.26041147
391,118.28471,169.96283,0.32420105,119.959785,165.82782,0.32743236,115.44489,164.19691,0.3448518,122.41729,161.72699,0.075789906,127.26779,164.18198,0.056885857,117.65099,163.83882,0.053645063,119.819115,145.34209,0.24355692
392,117.5518,171.81389,0.3306097,119.99675,166.11212,0.33792943,115.54565,164.24211,0.35281962,122.22378,161.55843,0.08817076,127.3474,164.41194,0.07101311,117.607704,163.87682,0.060969546,119.32938,144.98677,0.2616169
393,117.56719,172.0629,0.3233376,119.93528,166.25491,0.32795885,115.53964,164.48874,0.34523958,121.878265,161.9423,0.09268031,122.808235,162.06665,0.074609995,117.50645,163.95197,0.05585687,119.29464,144.83214,0.27927214
394,117.56193,172.0938,0.31925705,119.872505,166.40805,0.33288798,115.5963,164.72203,0.3476336,121.87374,162.40834,0.087899,123.18524,162.43724,0.07083589,117.724266,164.4222,0.05307787,119.49805,144.86891,0.27681896
395,117.517075,172.12233,0.30612865,119.85629,166.48311,0.3230869,115.746666,164.82053,0.33140615,122.32086,163.10118,0.08627616,124.15129,162.74991,0.066597044,118.129135,164.77974,0.04140511,119.64812,145.08311,0.27921805
396,117.07966,172.09888,0.30990943,119.96896,166.75484,0.3062157,115.87823,164.6392,0.30213976,123.04282,163.31265,0.07230277,129.80078,167.48407,0.06927955,118.255844,164.88588,0.035304416,120.245125,144.80739,0.3173891
397,116.247505,172.0299,0.26765522,119.9098,167.28894,0.25963905,116.17359,164.59737,0.24875851,116.299225,155.50214,0.05044095,130.45868,167.75377,0.074937865,118.83969,165.65347,0.03434156,120.57648,144.882,0.3118085
398,115.54771,170.40031,0.34209678,120.185165,167.23247,0.30571708,115.805405,163.8212,0.2847972,124.13569,163.34157,0.061377652,131.0132,166.88896,0.099044345,118.77384,164.71492,0.04939981,120.65843,144.9957,0.30442318
399,114.68398,169.95526,0.35699216,120.10651,167.17601,0.3077671,115.75052,163.28699,0.2842901,124.39448,162.95628,0.080116056,128.54646,166.17561,0.12436092,118.74521,164.46516,0.058518473,120.64934,144.84282,0.26740068
400,113.655045,169.28653,0.32926497,119.758705,167.05902,0.28260484,115.60633,162.78482,0.25827345,127.07862,163.86905,0.075221814,128.2118,166.14294,0.12737761,118.96057,164.70212,0.051486917,120.83837,144.79028,0.22951908
401,112.825264,169.02187,0.2962863,119.91882,165.98848,0.2692683,115.44103,162.5144,0.23626237,127.13995,163.94803,0.0693472,127.93727,166.17079,0.12152903,118.34738,145.26941,0.04898765,121.263176,144.93454,0.19722736
402,112.38059,168.65964,0.24240738,119.899506,165.89671,0.24371627,115.2109,162.41855,0.20128825,124.54992,162.87428,0.06178457,128.08865,166.12715,0.11020122,119.978745,146.4431,0.059032526,121.33926,143.82852,0.1915886
403,111.27965,168.49232,0.25801635,119.448364,165.83626,0.26648894,114.96038,162.08664,0.2014444,125.41424,165.14182,0.06620598,127.60974,166.09619,0.11444663,119.0494,145.22049,0.06333698,121.41122,144.21527,0.18149589
404,109.83999,169.02818,0.30095452,118.66668,166.24344,0.32813028,114.08093,161.75987,0.22348131,125.58115,161.92531,0.10942937,127.44146,164.6321,0.14344256,118.99193,145.34233,0.0970647,121.318054,144.99568,0.16405386
405,106.62922,169.41331,0.26187786,117.49393,166.40047,0.29602978,113.63728,162.10919,0.17202462,124.867195,166.21823,0.0931038,125.568665,166.80704,0.13740914,118.76395,145.84224,0.08842452,120.91091,145.5337,0.13433689
406,103.63397,172.27646,0.26989797,115.742935,167.71222,0.23087901,114.230446,164.49942,0.11298859,123.176125,167.4273,0.10385769,123.958115,168.52116,0.1210789,118.530334,146.7719,0.06765248,120.09454,145.93208,0.111170545
407,101.92528,171.93355,0.20796186,112.9698,170.7485,0.13150236,108.8254,164.73878,0.052658763,122.43866,169.19116,0.08518835,119.6787,170.83455,0.09391046,127.01131,169.55405,0.061734956,119.58294,147.45851,0.055645265
408,100.13365,169.42992,0.15813005,112.9761,165.91484,0.079140626,113.26553,165.49106,0.031692248,120.69934,170.85242,0.052829184,118.48661,171.446,0.044564642,127.38824,171.72816,0.03206835,230.12965,14.811731,0.027355665
409,99.70413,168.58688,0.12706491,113.24117,166.55896,0.04570293,115.17244,166.27214,0.027205242,120.689865,171.39966,0.05038196,118.094765,176.0553,0.036193676,127.62613,172.05397,0.032832023,229.9478,14.922568,0.03482874
410,99.143776,168.19945,0.0905727,107.64843,169.2318,0.049596578,115.29136,167.02977,0.027672905,117.822464,175.6114,0.05160598,116.7527,176.89656,0.033804946,127.0762,173.30646,0.032474753,100.3153,173.63422,0.029495519
411,99.17829,168.74158,0.11034829,107.06946,169.24976,0.072960764,115.516975,167.40884,0.06452843,115.68374,176.34926,0.05697947,115.45683,181.39178,0.04529644,116.48212,182.0119,0.043231763,99.712715,173.7197,0.07164815
412,114.6716,162.11284,0.23402673,105.03929,169.54512,0.12616271,115.497986,168.2202,0.18461095,113.14157,177.80621,0.10346588,107.16983,180.0051,0.10567431,115.259865,181.02426,0.07784817,98.69579,175.11047,0.14743277
413,114.13137,164.75246,0.28103468,103.26358,170.23605,0.16131839,112.17661,169.83006,0.13340014,110.9723,177.8335,0.09347824,105.61896,178.71715,0.09237672,113.785965,180.78258,0.06493631,97.37118,175.92267,0.13455759
414,85.5212,172.89725,0.21245751,100.72379,172.69954,0.08308967,92.88592,168.36693,0.03272777,110.80688,178.27794,0.057177544,107.58449,180.31062,0.0638643,112.985886,183.25414,0.021624602,95.12483,175.89017,0.07547619
415,83.28896,172.79045,0.25321892,91.87494,174.28613,0.09891225,91.49958,168.3501,0.07622538,107.661606,178.04839,0.08440302,105.53251,180.23555,0.08191912,110.90302,176.08786,0.045659315,93.64238,175.96524,0.04705484
416,80.74374,172.72905,0.19593367,90.60455,174.08588,0.15345405,90.545,168.23642,0.08837434,105.353485,177.58296,0.042418376,91.77437,179.73634,0.047881037,89.2684,170.75003,0.02014259,93.239746,176.20226,0.027886767
417,80.673676,171.7496,0.17971285,89.828384,173.53105,0.18238495,90.077156,168.32918,0.07776703,101.788124,175.49171,0.041128326,90.40357,178.9762,0.05136248,106.40897,171.25682,0.02201906,92.61098,174.74333,0.031692125
418,80.16254,171.15927,0.17763184,89.337296,172.9308,0.17020041,100.4065,172.46216,0.072887346,102.36039,172.18744,0.029781723,89.254776,177.97852,0.043922257,87.150696,168.82486,0.016378012,92.50458,175.6363,0.026169717
419,99.78244,171.08327,0.16285345,87.4754,172.82913,0.14857395,88.4349,168.36343,0.062479433,101.79274,171.8129,0.023674322,84.99009,178.82693,0.03660352,228.7313,139.55194,0.015077659,82.456345,176.50502,0.035983883
420,98.64278,171.69757,0.19205357,86.4451,172.37769,0.093149036,98.4137,174.11401,0.061112117,222.97781,140.53612,0.021363135,83.77088,178.01567,0.026949327,228.62987,139.55847,0.017422367,221.6887,24.87518,0.039623965
421,98.56285,171.83047,0.121374816,95.90606,172.35931,0.033026353,99.04216,174.23372,0.0434959,223.13971,140.55362,0.026091207,221.1276,141.31285,0.025113648,156.66786,113.45188,0.027381102,221.37968,25.538643,0.029897548
422,78.71478,168.43379,0.041506782,26.526714,236.75179,0.013094325,98.54961,173.73085,0.022309698,147.2293,112.56891,0.027872264,221.19208,141.23401,0.030370781,156.54196,113.43193,0.037007708,221.03677,25.85053,0.036810823
423,205.55804,90.484024,0.03474847,26.505821,236.79121,0.013798957,153.1021,97.59223,0.017554237,147.27307,112.75724,0.033420905,221.32347,141.39252,0.03441627,156.49403,113.63699,0.04607485,213.09943,184.36165,0.025525402
424,204.7626,90.360466,0.03523562,151.29367,139.5679,0.014379848,97.39176,173.96005,0.016230268,223.41147,140.33025,0.02836692,221.48807,141.32458,0.03538037,229.29099,199.42117,0.034506395,213.01741,184.2252,0.027157508
425,81.18518,168.97441,0.1050832,84.84496,173.96188,0.014042101,96.36314,173.42903,0.024644552,83.19889,182.75882,0.013333224,76.286476,178.7808,0.017794667,229.04445,200.24025,0.019582817,225.76584,16.34692,0.031018347
426,81.08077,168.84212,0.10878064,84.65322,173.82712,0.012549846,96.494774,173.24129,0.023959538,235.5868,31.409847,0.013832843,76.23825,178.91316,0.016440084,234.53723,39.37945,0.04028028,80.53749,171.99535,0.018139366
427,80.50856,168.78912,0.12314698,176.77174,16.547451,0.039317816,175.57716,17.017822,0.054098662,175.9841,12.825654,0.016373774,75.97249,178.90952,0.019959342,235.7822,40.090076,0.024307294,79.76296,174.11264,0.019490475
428,81.176414,168.93729,0.100871645,228.6279,23.86011,0.017289653,92.788086,172.49284,0.025627095,238.21306,25.19906,0.026193209,75.76272,178.78111,0.019423446,161.86455,126.20711,0.028848093,79.94253,172.17471,0.020378646
429,160.41298,30.697388,0.107439645,163.9346,33.615383,0.027253056,162.44809,29.68701,0.06343095,238.51802,25.135513,0.06085451,231.90956,25.01728,0.038711037,243.97374,19.220842,0.03379935,79.84033,172.1004,0.019024193
430,153.33957,30.408596,0.05890616,157.17403,34.630146,0.04470948,156.45238,38.78253,0.04916655,239.16841,25.18231,0.07339368,232.18762,25.242218,0.04837438,244.51994,25.751284,0.03951075,228.99617,16.248188,0.026128754
431,122.73246,83.44081,0.067056164,117.28393,101.10758,0.0286984,142.42397,113.013626,0.023430571,239.17226,24.962162,0.059609845,130.37619,120.51627,0.044280257,154.43176,125.119225,0.046952806,228.65,16.125002,0.04019001
432,68.741234,13.917028,0.085360594,76.7778,14.736454,0.06711541,82.32413,11.885912,0.041018255,238.9547,24.896595,0.041387215,232.4183,24.588905,0.028627161,236.6562,38.73548,0.036816042,228.08311,16.569353,0.060064252
433,203.55592,90.39765,0.035618965,127.24995,152.82855,0.07457127,72.58357,16.232363,0.011040349,239.043,25.079308,0.044762667,232.3837,24.755495,0.03161159,236.61786,38.572174,0.03747342,227.99895,16.839794,0.05891801
434,79.34696,22.768429,0.11571146,125.01783,152.25307,0.084372364,86.58025,19.609734,0.12182494,239.25398,25.25601,0.041636344,107.54535,138.69096,0.041131355,236.72414,38.664246,0.041086536,227.95206,17.146694,0.059800647
435,81.589455,25.269787,0.0731058,125.2727,153.21613,0.102987066,78.16558,29.085802,0.036085647,132.90483,140.54388,0.035408042,132.58679,147.59105,0.02717353,236.8924,38.91749,0.036910422,228.70874,16.519413,0.042452235
436,77.47843,35.051365,0.13055946,79.69461,39.016315,0.064485274,82.74068,34.96914,0.13783118,91.66017,36.51787,0.03760229,90.96517,42.362556,0.047781784,237.10846,39.010242,0.029733362,228.94604,16.443474,0.050229624
437,76.516525,37.21814,0.10884635,77.72434,52.53294,0.098004304,82.1266,35.751053,0.080214255,99.23131,52.33167,0.02987748,122.85118,162.29387,0.043250613,237.09041,38.94574,0.028382236,228.9043,16.323793,0.049155712
438,74.16987,48.157417,0.15808794,81.05961,53.37243,0.14752351,83.55742,34.804684,0.08747643,108.85949,47.499863,0.09958762,98.26049,53.009872,0.083985336,108.2219,33.134304,0.078208074,228.87936,16.579683,0.039593257
439,77.89449,31.334694,0.15420912,81.263084,53.019867,0.10966448,84.652306,34.42967,0.15567666,105.13849,50.84612,0.10065777,96.04287,51.14358,0.06937327,108.72652,56.6558,0.090011634,228.39441,17.310946,0.046559203
440,74.22067,47.758224,0.13653535,80.73503,53.52127,0.1362599,83.49253,34.60048,0.07156323,106.29713,51.076088,0.07231862,97.48929,52.974415,0.06535891,107.872856,33.49839,0.06280345,228.91396,16.471891,0.045505144
441,74.63934,37.26232,0.15437262,77.08746,50.832115,0.08105564,80.996414,35.134857,0.12617847,223.6283,140.56378,0.03973877,91.5908,44.34717,0.04799511,237.18288,38.996838,0.028814508,228.9495,16.783451,0.066282
442,72.120445,35.48329,0.18112752,80.1183,37.946377,0.15567891,81.32004,33.491962,0.16110982,92.892235,35.790688,0.05604834,92.35373,41.889786,0.053507183,93.49066,30.716856,0.028940367,228.96451,16.94378,0.06776152
443,67.67632,18.410103,0.058893744,79.34207,29.537378,0.056859214,76.407845,28.33814,0.06175271,238.92178,24.858242,0.019949501,107.00875,164.83798,0.025900064,236.56677,38.96222,0.030816564,228.89804,16.34584,0.06227524
444,74.2003,18.955261,0.09448019,79.64809,18.556095,0.056393407,83.74533,17.843706,0.05937565,245.20917,13.503258,0.016200686,237.32458,7.703657,0.016614817,236.59868,39.187634,0.026533829,228.95876,15.690466,0.048780035
445,83.59767,167.26224,0.31797242,82.62813,152.01302,0.16126586,80.27819,154.7027,0.25064912,95.27165,131.80836,0.031590488,89.54902,130.19806,0.07213341,236.47354,39.479797,0.019060567,228.48808,16.096928,0.037114177
446,137.47652,8.43015,0.13537706,136.20044,13.950475,0.14164086,140.82393,13.573697,0.06425733,223.3446,140.03294,0.062502965,220.39293,141.62436,0.08147426,241.10362,16.497124,0.033589497,228.4935,16.56054,0.11913914
447,206.65216,101.87665,0.064641915,216.454,136.38753,0.026711723,232.40102,14.504024,0.019263562,223.68994,139.9626,0.07170527,220.35187,141.5242,0.09861246,241.21568,16.322649,0.034807023,228.63472,16.849466,0.099366814
448,205.92046,100.86991,0.046823807,133.04488,153.43045,0.036157966,232.15805,14.658816,0.019732138,224.13054,139.94762,0.059125323,220.656,141.10568,0.08486828,241.1021,16.31724,0.03596488,228.44211,17.051191,0.093831204
449,110.193115,35.335373,0.060738783,104.95831,155.11449,0.05958086,151.83397,107.44195,0.020928642,224.0371,140.21474,0.045504224,220.81842,140.88907,0.067251675,109.37085,127.77619,0.04728771,228.40607,16.826124,0.09091618
450,114.97476,37.87246,0.05652221,105.27974,155.08218,0.041611493,152.20152,106.96619,0.018612325,139.68477,32.885696,0.043950997,221.08458,140.77913,0.050646093,240.9536,16.401604,0.031626314,228.45348,16.550125,0.10015698
451,117.34749,37.97417,0.08420027,125.217636,35.53274,0.04597112,116.878334,27.067245,0.06860214,140.7287,31.720377,0.0859334,138.0487,33.227947,0.07063868,142.1751,28.944263,0.051136017,228.52061,16.58112,0.1014821
452,121.895355,37.228577,0.037198186,132.35439,31.62247,0.052172847,114.49024,30.263535,0.05785873,143.65019,29.106907,0.06114378,140.719,30.510317,0.038954504,144.50761,27.165825,0.039103724,228.74919,16.493347,0.09570377
453,203.54965,90.077065,0.020333242,104.78336,154.6737,0.04535632,152.262,98.69067,0.018249452,146.981,127.11605,0.03630626,221.41107,140.4334,0.028652163,241.25941,16.141405,0.029838633,228.86488,16.473312,0.09969617
454,133.73962,34.079536,0.024134286,138.07703,31.10337,0.071295895,78.116936,13.373487,0.018522002,149.90819,31.070963,0.043647233,151.99413,35.9031,0.030350262,149.40771,22.251934,0.030760488,228.91417,16.513216,0.09361609
455,135.28474,29.085278,0.10075605,137.98325,31.08452,0.15433769,139.5523,28.566952,0.08568104,149.90723,32.51976,0.054158654,151.2867,36.655544,0.03514505,149.85056,22.87361,0.04577273,228.92958,16.55862,0.09375247
456,203.48436,90.35877,0.025141234,104.87371,154.573,0.042741403,140.72372,28.365427,0.019294856,227.5893,139.33981,0.03520779,221.16838,140.6919,0.04379153,241.26443,16.333637,0.032076377,228.82686,16.854982,0.10357175
457,203.5572,90.81795,0.030035794,104.976685,154.51408,0.04055892,232.39325,14.683996,0.019233545,227.51079,139.17493,0.039674643,221.02501,140.7712,0.05609661,241.21606,16.405193,0.03498951,228.64156,17.059433,0.106042325
458,203.6237,90.90887,0.03551164,105.02049,154.49583,0.04081593,232.42636,14.676952,0.018973073,235.20132,123.988,0.04195715,221.11276,140.78055,0.059561532,241.29965,16.448837,0.034725726,228.63324,17.08852,0.10408809
459,121.58326,65.59726,0.38270304,121.375336,76.28349,0.21103835,128.48555,71.52277,0.27166298,131.2548,89.41931,0.1993405,126.9478,88.74281,0.12322007,137.24727,86.22316,0.16856968,228.21996,16.487488,0.05824255
460,122.172676,84.157,0.32102883,126.15606,82.98491,0.19543919,125.277695,77.59142,0.21484756,132.4993,89.50459,0.076588295,128.18434,87.342125,0.06548915,135.745,90.030655,0.066998795,229.04707,15.38937,0.04234891
461,125.277756,78.563225,0.057767898,71.62376,10.814771,0.021015767,129.47545,84.4637,0.01994254,239.18109,24.81553,0.046469014,236.25093,24.378752,0.029330451,243.89458,19.163069,0.02623865,228.9352,16.547083,0.08071632
462,69.21976,17.36326,0.06207772,75.40728,13.986849,0.032165907,73.06228,14.777804,0.039215483,238.83272,24.621435,0.039809804,220.83087,141.14778,0.04277962,239.78946,24.34861,0.023828255,228.99203,16.212626,0.07141488
463,136.71762,7.269508,0.3139508,134.59013,14.966421,0.25015432,142.24054,13.622871,0.13521445,133.69766,90.808975,0.048378535,128.27225,92.11,0.03502715,236.56647,38.55103,0.02986645,123.5228,67.75677,0.16275202
464,121.3275,94.70858,0.11918468,126.29827,90.80679,0.11041213,129.50648,89.680305,0.119134724,81.38542,16.483711,0.030287972,134.90703,87.507515,0.022906536,236.39632,38.697598,0.025043845,228.99957,16.084911,0.05018444
465,137.8688,9.75826,0.29075408,136.14693,18.491941,0.17163612,143.69736,16.519798,0.12066187,79.33741,28.523954,0.057414416,107.95874,139.29741,0.055731848,147.3644,40.7679,0.03459628,228.65408,16.776089,0.066216
466,73.73833,41.27146,0.11135388,80.21895,40.90726,0.13454233,74.557045,39.835247,0.12084146,90.74232,30.774603,0.11941914,107.73756,133.86461,0.0829984,82.40673,25.698254,0.045163337,228.73831,16.735447,0.053316962
467,80.48761,40.453766,0.035717327,80.32869,39.092842,0.10460848,75.91912,38.971825,0.09067336,98.2967,139.08275,0.06909049,107.72505,133.30789,0.14758755,236.72171,38.952824,0.027594639,110.378685,123.48456,0.11914944
468,138.15298,162.05255,0.12094318,78.64979,44.17357,0.08041039,74.08629,39.63571,0.065306224,98.36823,139.14445,0.06789316,108.00328,132.80342,0.16087998,236.73763,38.909256,0.026990741,111.6005,123.58363,0.08316758
469,133.44916,168.09587,0.17815118,112.594986,158.48286,0.078425154,119.952774,164.98222,0.10731864,100.58992,133.19113,0.07979871,108.55923,132.36852,0.20262428,103.36543,163.17767,0.03845087,111.620476,128.46924,0.048286207
470,138.97202,161.96146,0.22098206,108.452774,155.24094,0.06477263,120.52442,165.82663,0.051384974,99.95097,133.27873,0.07144577,107.183914,133.42503,0.16401492,104.74695,163.78773,0.035596207,228.43573,17.326694,0.03922772
471,137.4682,165.48932,0.10514972,146.00452,165.75705,0.099989586,133.232,160.45074,0.07652299,91.57754,32.398846,0.06909527,109.50056,133.88469,0.07592992,91.41103,28.738405,0.05037599,228.39554,17.212852,0.03474786
472,69.22942,39.684,0.114960656,74.083984,38.674458,0.14582591,69.08939,33.13919,0.09842436,91.82244,33.514874,0.15678485,89.74157,37.95873,0.11549181,91.63924,28.186907,0.11726003,228.26419,17.508736,0.05269765
473,69.65645,34.718433,0.08741607,74.20456,37.125137,0.122708574,70.736115,31.240055,0.04192601,91.2943,34.174885,0.09487123,88.78035,38.531796,0.083163165,92.54446,30.569193,0.05046385,228.13335,17.638851,0.06339222
474,66.1131,33.594154,0.11929391,71.84901,32.70176,0.13496189,67.95393,25.799368,0.1044474,89.65438,30.302883,0.117311336,87.49699,32.789783,0.107541874,90.72368,21.411491,0.068676166,123.21767,97.89301,0.14472222
475,68.354774,25.738663,0.14349839,77.07363,33.12276,0.060269486,71.07643,18.937263,0.115981966,91.61611,18.652185,0.08315044,90.71004,25.343618,0.072860286,91.862526,13.803135,0.072276406,228.33746,17.186977,0.07353623
476,70.77016,23.084236,0.24257241,76.55176,23.119278,0.1794541,74.46194,19.311268,0.23612773,93.33746,24.291979,0.07335305,91.59474,25.65349,0.07180976,93.2386,14.489771,0.06623883,228.42839,17.259768,0.065477304
477,72.88777,21.259325,0.20219246,79.222984,21.549196,0.13569564,76.634445,18.02117,0.19699146,239.48048,25.594189,0.07034771,232.76434,25.58085,0.04789074,244.11359,19.755733,0.038857754,228.54256,17.398882,0.047074974
478,76.0419,20.750965,0.1805567,79.34919,22.242304,0.1146218,80.268555,18.60632,0.16258709,239.41444,25.732372,0.06491916,89.0475,23.36661,0.044237085,96.96719,15.336936,0.03881179,228.05919,17.830729,0.039584365
479,72.69743,19.50251,0.07333289,79.74361,22.762535,0.07215409,83.46005,17.804182,0.08057505,239.33899,25.7688,0.060440183,232.92162,25.704813,0.04051425,96.467995,14.637013,0.03481462,228.08115,17.704496,0.03872128
480,72.37333,20.184904,0.080196105,79.744194,22.8019,0.07771131,83.074165,17.814997,0.097751446,239.36491,25.787937,0.06257456,94.04634,23.979527,0.04616814,96.34779,14.2214155,0.03794516,228.11888,17.76672,0.038265828
481,72.88833,21.569283,0.10060994,79.95384,22.802464,0.10433469,74.72085,18.875303,0.12580712,239.45612,25.751677,0.07115842,235.68254,26.120155,0.048182048,244.56529,26.109413,0.038974084,228.6359,17.23842,0.039311387
482,74.69767,32.16881,0.09476929,77.23607,19.80513,0.09880444,71.224365,17.965004,0.13167378,239.43349,25.65098,0.06453397,107.24474,138.38908,0.05009573,244.52892,26.110838,0.0362523,228.4999,17.130018,0.040780965
483,74.29723,32.838913,0.12824944,79.19384,25.134869,0.11731664,73.985794,24.686338,0.12977453,239.4598,25.443657,0.06451034,107.02666,139.25981,0.06075345,244.55016,26.00445,0.036815435,228.48993,17.04464,0.03884899
484,75.25483,34.74316,0.10920156,79.11026,32.309498,0.08793682,73.81457,26.39952,0.10467059,239.73077,25.483171,0.06393574,236.07211,25.45634,0.04479008,244.70636,25.990946,0.036962524,228.52335,17.267399,0.042521946
485,139.28096,9.583491,0.048358474,137.45668,13.945824,0.038927168,127.46051,87.77772,0.026870808,239.5715,25.208593,0.075861864,232.66571,25.332056,0.050204653,244.63547,25.756985,0.040797427,121.29861,74.827034,0.17910865
486,137.16086,131.82094,0.093953,124.52514,99.2826,0.028857134,145.58774,155.85669,0.07678931,146.29672,154.08704,0.15124309,154.31427,157.79855,0.095280394,137.9651,154.25423,0.11394705,135.89084,125.6434,0.14618468
487,139.03493,10.446632,0.19485357,137.2244,17.515177,0.1181141,145.07816,16.060745,0.071638346,90.276276,31.752766,0.07034251,232.55998,25.119339,0.043968942,244.49153,25.74596,0.03576854,138.58698,125.89677,0.053437155
488,134.26869,126.93603,0.22225438,136.51674,21.06506,0.066481024,144.95674,15.757946,0.051436774,239.40805,25.132942,0.07746449,232.55621,25.405624,0.05220358,244.05467,19.411448,0.040062997,136.99622,125.35628,0.23968613
489,134.27649,127.29249,0.36519775,135.79842,141.22784,0.09374908,147.66393,131.71902,0.076891005,239.20224,25.015266,0.07263209,139.03287,157.4146,0.07233647,158.50607,153.05995,0.05180184,135.83073,126.794426,0.26114607
490,138.9947,10.779001,0.16054349,137.3929,17.107782,0.088666506,145.01227,152.7006,0.0585169,239.2414,25.057775,0.07653324,232.39014,25.405725,0.05126767,236.75577,39.385353,0.040060718,136.83139,130.4577,0.24284463
491,116.588776,92.25475,0.03851153,126.93305,114.00232,0.07762455,130.75569,112.40905,0.08427202,148.28917,150.31104,0.22641759,158.0576,151.05904,0.21212727,138.39224,151.91606,0.16110532,133.69385,115.920334,0.236691
492,139.22166,11.267733,0.20404513,137.23436,18.122723,0.107660756,145.18242,16.317617,0.071369745,239.47525,25.557308,0.09278064,154.69415,140.88023,0.10181021,244.6599,25.825407,0.047515206,127.683105,105.05785,0.27074495
493,139.08585,11.372665,0.24500497,137.0524,18.837059,0.12244652,145.63283,16.751562,0.08410095,239.58264,25.611118,0.07847272,232.73972,25.778587,0.05237011,244.65419,25.981064,0.042663902,228.49355,17.359632,0.044911686
494,139.08057,11.475995,0.1408438,178.19653,172.22408,0.078780174,173.17107,169.53831,0.09179681,239.24838,25.242842,0.049276326,232.5444,25.112679,0.034272455,236.67334,38.950954,0.03912972,228.67543,16.655909,0.04094758
495,138.47949,11.215313,0.2702584,136.76077,19.854181,0.12003203,145.60251,16.981392,0.08675396,239.63416,25.179983,0.061013862,105.17124,133.38002,0.057952147,236.69745,38.721035,0.03973942,228.33385,16.925516,0.043209832
496,138.45563,11.072724,0.29019567,136.81952,20.013351,0.14814079,145.56065,16.970396,0.101482175,239.7187,25.223383,0.06028432,104.74655,139.865,0.05787669,236.72093,38.898006,0.03446437,228.32971,17.204206,0.049309395
497,142.92805,169.1404,0.24968101,140.15,172.48178,0.17578936,142.47336,174.4252,0.101710744,98.3805,146.76012,0.034709454,105.30228,145.46577,0.08267033,236.80066,39.206367,0.036211945,228.64485,16.395002,0.052200384
498,138.77797,11.450229,0.37193003,137.17558,20.992447,0.19401403,145.9999,17.557493,0.1764246,239.62029,25.35966,0.040771615,232.98698,24.970907,0.02833057,236.96938,38.81073,0.03269535,228.51367,17.043713,0.053663407
499,139.13054,12.107164,0.36620045,137.59187,21.408243,0.17999268,146.08447,17.887249,0.17304285,239.49904,25.393177,0.029042173,94.113945,82.1971,0.028193593,237.22261,38.932125,0.028403329,228.6878,16.937819,0.05617163
500,139.03186,11.922192,0.33234438,137.54214,20.474247,0.18751726,145.84917,17.36737,0.16686934,239.50694,25.38082,0.03816958,233.01315,25.223356,0.028053906,240.48792,25.039295,0.026712552,228.62274,17.029074,0.035315137
501,139.44844,12.011542,0.23826294,137.77875,19.571648,0.12271965,145.78224,16.889917,0.12334429,239.40108,25.349134,0.03951742,232.95137,25.29573,0.029266909,126.36148,104.46603,0.042356923,228.56483,16.698215,0.029485157
502,119.318886,80.489494,0.37395203,118.10175,86.23898,0.3378255,122.69949,85.773865,0.27228317,125.21388,92.7259,0.14826873,117.51438,92.04869,0.086499706,133.2656,93.98255,0.17441003,115.32248,76.28351,0.15687597
503,118.7952,80.620705,0.3966451,117.92788,86.34155,0.37470752,122.78126,85.57824,0.31281102,124.9869,92.762054,0.17840284,117.79156,92.41999,0.11280845,133.07333,93.85218,0.20370984,114.51851,75.95529,0.19835718
504,118.763016,80.700676,0.38856673,117.889824,85.997574,0.33140412,122.7912,85.486465,0.28135353,125.53118,93.00261,0.1593916,123.20099,93.86594,0.09939355,133.61601,94.057526,0.18863444,114.61544,75.81825,0.19328798
505,118.706795,80.2901,0.40673193,117.59989,85.39899,0.32408544,123.26864,84.94029,0.2658702,126.77227,93.70239,0.1408904,124.058105,94.68232,0.106055535,134.58318,94.62169,0.13013312,114.71783,75.71604,0.17420325
506,119.18464,80.5272,0.39034846,117.45134,85.50353,0.31095108,123.14825,85.60639,0.27648595,127.87057,93.98145,0.14536054,123.776085,94.17326,0.10186358,134.2792,94.58344,0.16323075,114.72525,75.62559,0.18775573
507,118.502075,80.521065,0.40924954,117.58907,86.010895,0.36292323,123.08404,85.46667,0.30900925,125.888054,93.48766,0.17401594,123.20099,94.34699,0.1187547,134.02472,94.58069,0.19312161,114.520935,75.61166,0.20154063
508,119.24435,80.42789,0.43738905,116.2504,86.24718,0.4757222,123.67141,85.243965,0.40400964,125.57747,95.30091,0.20191962,117.657776,95.406975,0.1455372,131.0994,95.9721,0.20349093,114.81385,75.8906,0.17305022
509,118.0531,80.15505,0.40614095,116.86444,86.93641,0.4324962,123.87688,85.325226,0.36986384,126.52347,95.56005,0.20301712,126.90183,118.64024,0.14256161,132.02785,95.87802,0.19986567,115.76583,76.22773,0.14806944
510,118.40405,79.16161,0.32466856,116.99645,86.532745,0.34192282,125.07918,84.538994,0.3058888,125.769035,99.70674,0.11575746,125.54346,119.60185,0.12438319,132.04443,97.71879,0.11443854,116.77886,77.61751,0.061591554
511,139.79291,10.556185,0.26076695,137.43608,18.060307,0.16660765,144.77032,16.663555,0.09473761,239.64368,25.711023,0.04113129,233.16815,25.799511,0.030022558,237.93408,38.872845,0.026037991,119.25845,76.9986,0.060126487
512,140.01884,10.551918,0.26763663,137.56934,18.106546,0.16443063,144.8867,16.666801,0.09536263,239.64067,25.654867,0.049277753,233.13765,25.946066,0.03619772,237.81175,38.97984,0.028936986,119.14465,75.963295,0.20065139
513,139.85454,10.673252,0.30761856,137.39696,18.406641,0.18939628,144.755,16.897282,0.10907457,239.56401,25.512989,0.049509544,232.99518,25.481922,0.036531117,240.70035,25.016657,0.031370282,118.63374,74.41575,0.2113747
514,139.342,11.212477,0.2871638,137.22473,18.996975,0.18018374,144.47864,17.344852,0.1027045,239.57962,25.513771,0.041093804,106.29301,139.9205,0.029423624,237.05597,38.66475,0.029563373,228.55121,17.468338,0.051098235
515,138.90652,10.54213,0.324096,136.5516,19.217447,0.19723676,144.77686,17.02922,0.11803149,239.42944,25.269678,0.04537148,105.713684,133.09662,0.053492565,236.74364,38.726364,0.031312875,228.51631,17.28529,0.048816554
516,138.94092,10.38717,0.23178741,136.92975,17.875965,0.14620696,144.75745,16.12313,0.08850337,73.97556,30.2562,0.076099336,75.582886,31.910917,0.059072345,236.53284,38.545647,0.033231508,228.43925,17.125992,0.050882883
517,138.50853,10.207525,0.25138423,136.70544,18.11196,0.15697543,144.43172,15.99907,0.10649633,74.21786,30.869085,0.07913678,75.747025,32.460762,0.073995925,236.55899,38.630505,0.031601656,228.59496,17.022469,0.049325086
518,138.04994,10.397899,0.27022082,135.37274,22.127281,0.16826877,144.64235,16.384848,0.10183179,239.08734,25.030367,0.05577094,132.81157,130.28012,0.04676279,152.90863,133.50082,0.051010873,228.70007,16.820541,0.048540063
519,138.58463,9.775129,0.1734872,137.14923,16.239857,0.09889111,68.95337,19.31247,0.10270446,134.1842,126.42438,0.083911434,127.9861,128.82115,0.060211025,143.98425,128.19254,0.05735875,228.85359,16.259342,0.051601317
520,117.12458,120.50128,0.2809842,119.91249,118.46832,0.1733817,117.49,113.51674,0.15312502,125.27406,105.97212,0.09288983,126.22417,105.68667,0.08069605,116.15068,89.957245,0.060353193,228.8823,15.872967,0.05329168
521,114.51568,115.102516,0.27936473,119.40552,118.075,0.2659256,117.295616,114.24187,0.14145179,123.269356,100.32297,0.106371626,124.62954,101.33729,0.09365737,118.72466,93.53559,0.075838946,118.672516,86.62759,0.060729362
522,116.40555,84.75378,0.6663913,115.48965,97.740036,0.45877847,127.33383,94.46619,0.44577456,125.896736,109.19653,0.38944632,119.07087,114.84061,0.30982497,135.29095,107.220406,0.3973858,118.73027,92.76291,0.117971614
523,119.48907,105.81813,0.4109058,122.43491,102.1229,0.2808933,118.8193,99.13252,0.26643828,126.09014,89.71902,0.05965978,128.03664,102.71984,0.06971896,236.43675,38.894783,0.020993544,228.91153,15.93369,0.033828814
524,118.81253,87.259224,0.15838462,118.50478,102.41297,0.13758375,118.42706,99.97932,0.10293667,122.932945,97.956245,0.06449655,122.41561,97.57395,0.04969607,129.6593,112.83922,0.04072043,117.566895,89.12389,0.07727813
525,116.63283,82.7601,0.38744786,116.678566,96.939705,0.21532324,122.060196,93.561676,0.2940833,121.51787,99.81424,0.17396079,120.56195,100.07305,0.16122769,125.17193,104.4222,0.09208512,117.23413,80.91726,0.26961038
526,117.78278,82.39837,0.2689141,117.19272,95.871475,0.19086131,123.62193,91.65722,0.348586,122.56718,101.167656,0.14431724,121.590775,101.31331,0.108964525,124.04942,100.58391,0.04650432,118.153694,80.275635,0.31041577
527,118.33594,80.75419,0.27532357,117.54912,96.35039,0.17722313,123.551216,92.1788,0.2936664,122.62738,102.24451,0.11262579,122.97459,102.405495,0.083628595,128.87444,107.00097,0.029501501,118.55809,80.902084,0.35626256
528,118.77975,81.06347,0.3015927,117.26034,96.98372,0.1936781,123.33248,93.439064,0.31024364,122.565994,103.5443,0.0990164,122.88202,103.84387,0.071852304,123.10262,102.67472,0.031118147,118.42547,81.9125,0.35287628
529,117.34619,90.50816,0.26205596,118.12096,100.06425,0.21752535,122.992874,97.52074,0.23322581,122.95234,104.34226,0.13045733,124.21749,104.61431,0.11976312,121.80315,102.95835,0.05363308,117.2884,85.007774,0.3557175
530,117.210915,93.13148,0.19213685,121.58298,113.161934,0.19907373,122.71329,100.01032,0.14997368,122.58295,104.29859,0.1148389,124.22791,104.4622,0.10845247,129.93361,114.3848,0.04460789,117.08532,87.40292,0.2791519
531,117.939735,115.85192,0.2573512,122.11028,114.4081,0.22220041,122.02964,107.63071,0.13465714,121.673294,104.511055,0.098188385,125.07627,104.559204,0.09813268,125.85532,116.33749,0.043560818,116.59318,89.095146,0.27385774
532,117.69344,118.074936,0.2779274,122.38128,115.981476,0.25458074,120.27401,114.45103,0.18139999,122.18309,104.193855,0.075592935,125.28402,104.13326,0.07115529,117.59964,101.393585,0.03281572,117.5365,90.97604,0.3032123
533,118.64743,101.631744,0.2573272,119.17893,112.28464,0.25487685,122.41548,106.95068,0.27803847,122.80086,114.55769,0.104963906,124.22815,114.92189,0.06851564,124.159775,117.886475,0.063276544,118.37411,94.1742,0.24840456
534,119.38686,97.02278,0.2706769,118.24929,112.46245,0.2515409,122.33549,108.51048,0.29890856,122.57442,116.933136,0.130608,124.090675,117.15467,0.09406347,125.31125,120.46519,0.13786156,120.970604,95.68922,0.1886751
535,117.398094,128.70914,0.39594135,123.014114,121.59579,0.40688658,118.66711,118.94854,0.33540025,122.663925,117.720055,0.21727364,125.148224,118.02126,0.2149797,121.88451,116.40219,0.17904785,121.56543,96.77967,0.2213335
536,118.14774,130.95078,0.41429985,123.12184,127.78379,0.49698415,119.55866,121.316765,0.35610497,123.99519,119.140144,0.22595027,126.09078,119.68727,0.2285004,123.88418,118.28935,0.20355162,121.73783,99.53711,0.15180847
537,118.1983,135.90836,0.3227606,120.72458,127.74998,0.35949916,122.081024,120.38113,0.29381335,123.69399,123.40377,0.2862253,120.82341,123.48825,0.1651188,127.818436,123.07369,0.29978165,120.34408,102.725876,0.097415365
538,118.44053,110.628044,0.2917319,117.15861,123.0246,0.2579868,122.78617,122.16287,0.40259174,122.42304,129.49634,0.24501215,121.08029,129.97177,0.18837862,124.65931,129.31804,0.18446967,118.98796,108.9434,0.15737227
539,118.20383,113.767365,0.2837785,118.17311,131.0374,0.3053278,120.60284,127.6528,0.36772126,121.11723,131.3649,0.2757744,122.1222,132.03783,0.26621723,122.14992,132.93451,0.20597766,118.82839,112.9676,0.25234824
540,117.77612,148.89853,0.26216114,121.326294,145.74535,0.24138592,121.4606,128.97198,0.23284619,121.835045,133.18852,0.18547465,123.34461,134.18556,0.17708422,120.63233,132.04948,0.113139175,119.70181,113.81289,0.21285136
541,118.87981,152.11476,0.21681395,120.804955,145.12758,0.25622037,119.837585,139.99011,0.2442453,122.18467,135.6027,0.14845826,125.201454,137.06178,0.13785857,121.780136,136.06737,0.10477788,120.214226,121.84258,0.34394693
542,117.99819,142.0741,0.21601257,120.67598,147.12047,0.30761003,118.864006,143.08699,0.31110817,123.992516,141.95522,0.2901976,126.29438,143.20695,0.23860992,121.13634,139.39165,0.20975648,121.32072,124.49096,0.34823018
543,118.51288,161.66493,0.31620178,119.825645,148.60791,0.2331971,115.11662,151.58821,0.23648125,121.44632,145.64552,0.28599232,124.13495,146.48514,0.26338395,118.62967,143.64421,0.17040436,119.65965,128.80093,0.30903837
544,117.012794,161.71869,0.40776324,122.27318,158.50143,0.22615443,116.07783,152.5957,0.28066084,119.85094,146.86798,0.28611872,123.4355,147.88222,0.28993592,116.38366,144.4788,0.15023468,118.59922,130.38411,0.35770172
545,116.29729,162.83179,0.4606518,121.85693,158.28865,0.3039747,115.63766,153.65085,0.327601,118.5788,147.79366,0.31176874,122.663,148.99915,0.3264931,112.62495,144.72705,0.19093448,118.028694,132.00786,0.41002157
546,115.219666,163.96947,0.51175076,121.41904,159.29054,0.44084266,114.38693,154.4762,0.44810963,117.36836,149.01157,0.2978384,124.0543,150.25108,0.34500352,111.507545,143.87865,0.31332964,117.484604,133.47398,0.41628742
547,114.35949,164.15108,0.49180287,120.34284,159.99371,0.42998093,114.915054,154.35043,0.3854732,120.33668,151.3253,0.23010203,123.62833,152.57222,0.28108233,112.125435,144.29639,0.28786996,116.72679,137.12321,0.38475892
548,113.44103,164.73685,0.47055593,120.16528,160.53125,0.42081347,115.475136,154.46051,0.31893906,121.00104,152.1862,0.22069766,123.62532,153.44286,0.25195155,112.71431,144.44766,0.32526758,117.556145,137.92342,0.33992398
549,112.88233,165.01335,0.50700897,121.04038,160.45187,0.55894643,114.918144,154.83391,0.4548957,125.94785,151.53389,0.3116791,127.77932,155.51387,0.28420624,114.37273,143.84589,0.41237092,118.75122,139.76436,0.32702675
550,112.90467,164.91846,0.5258633,121.62327,160.34923,0.589906,114.90974,154.74925,0.48984635,126.23927,151.1784,0.33044472,128.57304,155.32474,0.30593976,115.37882,143.53941,0.41094336,119.1881,140.29402,0.32341367
551,113.151115,165.03662,0.5317651,121.76587,160.35316,0.5890418,114.909996,154.97446,0.48511544,125.9451,151.16232,0.3294714,128.62376,155.18669,0.30570152,115.336266,143.50604,0.39937773,119.16279,140.41673,0.3283188
552,113.43447,165.14516,0.54649174,121.85641,160.35698,0.5642406,115.08168,154.98294,0.45305097,126.14773,151.17934,0.29639125,128.65771,155.01361,0.27935472,115.23201,143.27364,0.38934222,119.237114,140.63239,0.31345627
553,113.52329,165.49721,0.5505994,121.70415,160.59088,0.56923705,114.92001,155.35886,0.4404825,126.139435,151.29694,0.29564932,125.62616,153.70316,0.2718161,115.19614,143.41956,0.38314494,119.217354,140.68784,0.32283247
554,113.81214,165.61385,0.5563459,121.67064,160.59306,0.5428108,115.153015,155.36667,0.40483826,126.33331,151.6057,0.26768896,125.443054,153.74904,0.24943341,115.120895,143.27533,0.36309835,119.16256,140.78326,0.32796633
555,114.20605,166.10425,0.5555246,121.496704,160.94012,0.53663176,115.16546,155.89519,0.3962767,126.1739,151.96152,0.25830594,125.223785,154.01945,0.2390166,114.97634,143.54588,0.34266365,119.20279,140.8459,0.33659154
556,115.10891,165.77669,0.5517212,121.40841,160.63081,0.4885506,115.725685,155.71521,0.36419278,125.995125,152.59038,0.21649984,124.3565,153.95197,0.21766908,114.43379,143.39084,0.3149226,118.7427,140.84473,0.34784725
557,116.44578,165.72554,0.5255925,120.75542,160.0205,0.3423121,116.38935,157.68619,0.26152667,119.10729,151.63928,0.1541341,122.51849,153.46718,0.17872542,112.94728,143.80896,0.24535906,117.7353,140.82155,0.33645296
558,118.097565,165.12453,0.44848803,122.05124,160.88988,0.30744064,115.28578,160.46957,0.2539734,118.562935,151.85785,0.15800962,121.90423,152.93721,0.18709224,111.59229,144.7586,0.19060391,117.261345,140.00394,0.39037377
559,119.68333,164.6612,0.34887666,122.340385,160.79947,0.24864075,121.162865,154.21713,0.20869644,119.074486,151.81003,0.13890179,122.30788,152.689,0.16605473,112.48345,147.31102,0.11672626,117.24954,139.8076,0.3473057
560,119.854515,164.30803,0.32780316,122.33389,160.68826,0.24345273,121.41971,153.85002,0.21967234,119.17416,151.77565,0.14169978,122.36892,152.5975,0.16786039,112.74282,147.41165,0.11114873,117.26634,139.75136,0.34047848
561,120.01562,163.9304,0.329302,122.460075,160.76547,0.24639624,121.30428,154.0233,0.20932241,119.06941,151.73546,0.1443935,122.32598,152.5968,0.171611,112.61148,147.3378,0.11776868,117.225876,139.73737,0.3461676
562,120.23561,163.97916,0.30942392,122.47756,160.74629,0.23546574,121.30796,154.13356,0.19496036,119.165886,151.7896,0.14046758,122.491714,152.6303,0.1675813,112.799576,147.3958,0.11080391,117.31128,139.71565,0.34505096
563,120.1753,164.51558,0.37406412,122.60335,160.9933,0.29049775,116.22622,160.9643,0.2380734,119.041115,151.79222,0.15716815,122.501854,152.67667,0.18645455,112.73084,147.5934,0.1357267,117.18999,139.8319,0.36792573
564,120.4504,165.06158,0.38218632,122.73262,161.23889,0.2958337,116.27785,161.28127,0.2495041,119.06003,151.7867,0.15479454,122.60909,152.59619,0.18457706,111.911896,145.34511,0.14564428,117.26007,139.97232,0.36683753
565,120.84795,165.25896,0.35977829,122.978905,161.39597,0.2832135,116.495705,161.52829,0.23845781,119.39272,151.63087,0.1480462,122.9118,152.38387,0.17622621,113.067825,147.43304,0.12791996,117.19863,140.10832,0.34971985
566,121.165245,165.07129,0.36276218,123.15822,161.24919,0.2816517,116.75238,161.56773,0.23600659,119.87442,151.41931,0.14854331,123.27409,152.05566,0.17607668,113.6431,147.1603,0.12102125,117.1214,140.4464,0.34909022
567,121.93107,165.51149,0.42148092,123.421326,161.09558,0.30430028,119.421875,162.1673,0.29038212,119.692665,151.28104,0.16063324,123.14001,151.73294,0.19208357,113.70416,147.48422,0.12450043,117.07104,140.78157,0.3608893
568,122.8056,165.8778,0.41128156,123.456314,161.15674,0.28697848,119.63788,162.85406,0.30146116,119.75023,151.38626,0.14736952,123.166725,151.62111,0.18052667,114.05772,147.84357,0.10298296,117.215576,141.3231,0.34554842
569,123.18483,166.41374,0.46602857,123.87276,161.29953,0.34901637,119.6097,163.11275,0.3893808,120.002914,151.43808,0.16480924,123.51326,151.60567,0.19910736,113.834305,148.1476,0.12351909,117.38313,141.56471,0.36020154
570,123.47216,166.74738,0.46954846,124.11988,161.68742,0.38972363,119.6597,163.41588,0.44744208,120.345505,151.60188,0.16908628,123.86258,151.65761,0.20763387,114.15855,148.66588,0.12172237,117.557594,141.84805,0.38949177
571,123.67514,167.26001,0.39911017,124.34871,162.16579,0.34398636,119.93497,163.78098,0.38814256,121.128136,151.2978,0.13460441,124.2823,151.24327,0.16264935,114.57555,148.2629,0.07669282,118.570786,142.29866,0.3401448
572,123.82734,167.71846,0.38699958,124.26282,162.41644,0.33537668,119.76679,164.18446,0.38407877,120.771416,151.5374,0.14168459,124.066315,151.48386,0.1749363,111.40267,153.98038,0.09653517,118.67797,142.19742,0.3619404
573,123.70113,168.14896,0.39981872,124.165085,162.5928,0.3525593,119.53476,164.38394,0.40511933,120.654144,151.88274,0.14222984,124.02177,151.86743,0.17871568,111.39527,153.911,0.1022537,118.39318,142.33553,0.37832224
574,123.819756,168.3931,0.35654175,124.1564,162.77472,0.3123231,119.65454,164.5143,0.34927785,120.83704,151.97842,0.12150369,124.0892,151.9762,0.15602647,111.5897,154.24799,0.07544728,118.44271,142.34303,0.35580137
575,123.9307,168.0924,0.36113393,124.08568,162.69003,0.31163114,119.86549,164.42845,0.34766737,120.82798,151.8859,0.11960897,124.02325,151.88217,0.15362749,114.57265,149.04825,0.06453586,118.36429,142.3453,0.34976214
576,124.9688,168.01407,0.28339878,124.2099,162.68378,0.2675964,118.44095,164.07242,0.28796464,120.93657,151.75957,0.09556356,123.87423,151.8064,0.12376564,114.746925,148.90442,0.03754841,118.422585,142.28802,0.31469944
577,125.2998,168.03091,0.26219964,124.42112,162.77585,0.25264105,118.75174,164.2388,0.27835935,121.04392,151.53645,0.091232754,123.881996,151.56935,0.116449125,114.71075,148.68373,0.028920911,118.60721,142.35281,0.30016923
578,125.63466,167.93758,0.24012445,124.58316,162.87297,0.23857173,119.14786,164.39687,0.26731184,121.11518,151.43512,0.08509228,123.90176,151.44858,0.108301915,114.763824,148.59012,0.019883666,118.64799,142.33081,0.2902005
579,125.923134,168.2296,0.26121247,124.71943,162.92355,0.27606422,119.13752,164.55978,0.29312173,120.93525,151.48048,0.09634457,123.77611,151.54416,0.122786075,114.68119,148.85368,0.03294126,118.56616,142.42523,0.30703866
580,125.77609,168.0167,0.2898365,124.57706,162.70474,0.3002742,120.99847,164.85066,0.32383102,120.79247,151.59393,0.1074928,123.72346,151.6341,0.13694201,114.66986,149.01381,0.04625341,118.40231,142.49419,0.31999868
581,125.043564,167.9177,0.3229274,124.30252,162.46,0.32555616,120.5002,164.43164,0.36101574,120.77866,151.98132,0.11758747,123.912865,151.96005,0.15030563,114.709015,149.30345,0.06295702,118.08652,142.42592,0.33232704
582,124.22902,168.73637,0.34113762,124.601425,162.86758,0.34281468,120.130974,164.51279,0.37915292,121.014206,152.29282,0.12777743,124.33387,152.3107,0.16089329,112.016136,154.51155,0.08128091,117.994545,142.30768,0.34904942
583,123.45016,168.82771,0.30506557,124.42373,162.9151,0.29110324,119.98985,164.19722,0.3072865,121.290825,152.57756,0.10956353,124.51458,152.53659,0.13928682,115.147224,149.7043,0.06403072,117.90114,142.14694,0.33135295
584,123.23215,168.91507,0.2930436,124.42644,162.97989,0.2731979,117.72639,161.49576,0.29337135,121.3932,152.47305,0.10666821,124.55422,152.41649,0.13488354,115.19335,149.56226,0.060667973,118.04567,142.1815,0.3222213
585,123.44012,168.88591,0.23610657,124.3966,163.03786,0.23635378,117.900604,163.97205,0.27446684,121.61038,152.20323,0.093721345,124.5963,152.14441,0.11713629,115.30643,149.34204,0.045499366,118.41514,142.1871,0.3021368
586,123.58468,168.84952,0.20206365,120.814575,160.16318,0.21649143,117.9032,164.10303,0.26460633,121.66228,152.15065,0.08704359,124.54729,152.1039,0.1080805,115.31872,149.31718,0.03772074,118.531425,142.18628,0.29446402
587,123.65291,168.70123,0.19044718,120.833954,160.03177,0.21218011,117.96954,164.14946,0.25812146,121.71822,152.0657,0.08563525,124.58675,151.99086,0.10538107,115.317215,149.21022,0.03432593,118.61346,142.17924,0.290504
588,122.05755,170.09872,0.1543017,120.85851,159.77748,0.18973404,118.039444,164.26312,0.23857203,121.79243,151.90811,0.07948561,124.590645,151.75931,0.09673104,115.33,149.02531,0.024972195,118.7628,142.17189,0.27545363
589,122.01825,170.1608,0.15630782,120.83836,159.84502,0.1917089,118.028946,164.31357,0.24130982,121.76727,151.90253,0.08156901,124.54709,151.77698,0.098490946,115.33916,149.0538,0.028187117,118.78919,142.17339,0.2782395
590,121.96231,170.13153,0.14557967,120.76173,159.74814,0.18367955,118.038704,164.39307,0.23518188,121.71047,151.88797,0.08065101,124.45706,151.77109,0.09703303,115.34335,149.07806,0.026742985,118.80819,142.13255,0.27713814
591,123.595055,168.63748,0.1937314,120.8848,160.10817,0.21217984,117.96116,164.19618,0.25875247,121.680084,152.01804,0.089359544,124.51026,151.93066,0.10814475,115.32201,149.22066,0.03764204,118.69556,142.18164,0.29233807
592,123.52189,168.68443,0.22642003,124.411255,163.06075,0.23159166,117.95441,164.04099,0.27175176,121.63643,152.07831,0.094070405,124.519844,151.99982,0.11489165,115.324745,149.28143,0.04437204,118.63263,142.23972,0.30225304
593,123.4916,168.72948,0.25285676,124.42012,162.99751,0.25067466,117.93751,163.92505,0.2816736,121.59705,152.12279,0.09774461,124.536,152.068,0.12045016,115.32892,149.29245,0.050920904,118.53488,142.3116,0.30905813
594,123.52583,168.64572,0.25412437,124.36459,162.94345,0.25078604,117.93355,163.88718,0.28035006,121.53393,152.14241,0.09717514,124.47061,152.09277,0.12035802,115.28186,149.30319,0.050491504,118.515526,142.29977,0.30760708
595,123.71832,168.51178,0.2770358,124.41561,162.86748,0.26868516,118.006546,163.82808,0.28928107,121.423615,151.94704,0.102285534,124.32794,151.90921,0.12593223,115.16142,149.11848,0.054404326,118.60623,142.41592,0.30974948
596,124.16128,167.90573,0.2795484,124.33732,162.64798,0.2626536,118.44636,163.7812,0.2779642,121.23314,151.48721,0.09851804,123.98208,151.48224,0.12153543,115.04809,148.5908,0.046690557,118.77687,142.57623,0.29334763
597,124.97385,167.63116,0.29672325,124.514244,162.50748,0.2816122,120.91309,164.38184,0.30525795,121.088776,151.2462,0.1072254,123.816536,151.24611,0.13340819,114.95269,148.50624,0.050538354,118.78217,142.74706,0.29476717
598,125.34782,167.49478,0.31850964,124.66224,162.45546,0.3013618,121.07295,164.44815,0.33504775,121.058716,151.09595,0.116380334,123.78909,151.06612,0.14514138,114.93076,148.49492,0.055955704,118.77426,142.91609,0.30183458
599,125.74739,167.5453,0.33477578,124.83317,162.4603,0.3186603,121.17098,164.57466,0.36409438,121.04029,150.98361,0.12402586,123.778145,150.91124,0.154598,114.866516,148.51384,0.060414806,118.81801,143.1176,0.31162477
600,126.02283,167.48813,0.33550844,124.88725,162.41676,0.32295117,121.29727,164.63486,0.37298244,121.00726,150.94109,0.12493008,123.6909,150.82967,0.1563091,112.13164,154.73022,0.060898837,118.8422,143.26826,0.31155437
601,126.026886,167.45969,0.32722846,124.88357,162.43484,0.3159596,121.33706,164.65851,0.36344188,120.96902,150.8637,0.12429309,123.63739,150.7697,0.15571372,114.85709,148.47595,0.058249004,118.83047,143.22511,0.3093104
602,126.042984,167.46524,0.3261995,124.87028,162.41754,0.31459573,121.308266,164.66458,0.3620136,120.92614,150.901,0.12459878,123.61782,150.80208,0.15650932,114.81848,148.48923,0.05818729,118.770905,143.19159,0.31032118
603,125.867294,167.42116,0.32303163,124.78537,162.39478,0.3084221,121.23564,164.60057,0.35342067,120.94173,150.90738,0.12218663,123.6164,150.812,0.15351753,114.79182,148.43991,0.056969475,118.78958,143.16121,0.3061829
604,125.878525,167.43886,0.32248217,124.78871,162.41225,0.30776912,121.23901,164.62096,0.3526071,120.933464,150.9019,0.12222873,123.60922,150.80826,0.1536097,114.78951,148.42448,0.057029277,118.767235,143.15771,0.30611634
605,126.05593,167.4679,0.31961134,124.83697,162.43251,0.30848894,121.32721,164.70041,0.3546563,120.960625,150.88051,0.12209659,123.60028,150.7817,0.15341856,114.81066,148.45068,0.05604142,118.810646,143.21933,0.30676213
606,126.06844,167.44154,0.31667054,124.840904,162.43178,0.30543056,121.36357,164.69598,0.35046315,120.996086,150.85614,0.119930714,123.614235,150.75208,0.15090926,114.853195,148.42612,0.053645834,118.85572,143.24026,0.3029738
607,126.064186,167.43112,0.313445,124.81978,162.40993,0.30308077,121.354675,164.68007,0.3470667,121.00918,150.89528,0.11852786,123.62073,150.78645,0.149319,114.85461,148.44466,0.052896824,118.84125,143.23718,0.3015233
608,126.067955,167.39558,0.30869317,124.782646,162.3783,0.29849166,121.354004,164.6689,0.34156808,121.025116,150.90454,0.116288014,123.60409,150.7827,0.1469531,114.85667,148.44179,0.051163573,118.86783,143.26598,0.2981242
609,125.83959,167.41394,0.31191632,124.7054,162.3952,0.29995742,121.227295,164.61215,0.34198397,121.01072,150.96153,0.11670335,123.61498,150.85573,0.14707884,114.8208,148.45894,0.053219903,118.833595,143.20566,0.29923812
610,126.17079,167.59785,0.31889006,124.82746,162.47453,0.31267524,121.254524,164.83247,0.36250293,120.874306,150.9555,0.12448255,123.54174,150.84938,0.15666504,114.69383,148.55118,0.05798985,118.79384,143.22707,0.31298384
611,125.99513,167.40771,0.36458206,124.8151,162.36858,0.33037952,121.18865,164.6906,0.39507076,120.76677,150.83545,0.13077594,123.45422,150.64612,0.16440007,111.7571,154.38332,0.08146171,118.75778,143.42989,0.3200268
612,126.45704,167.47511,0.3772994,124.95795,162.40608,0.33678785,121.35835,164.84282,0.41261107,120.627266,150.726,0.13088399,123.286415,150.47331,0.16552927,111.671776,154.36002,0.08839832,118.8376,143.58269,0.32094324
613,127.40858,167.50461,0.402613,125.22794,162.33269,0.38090655,121.57211,165.07924,0.47322243,120.468864,150.78844,0.1387545,123.26661,150.44444,0.1775932,111.41582,154.63625,0.11523764,118.80502,143.68362,0.33870995
614,127.484436,167.43243,0.39613053,125.201035,162.32448,0.37884906,121.663826,165.09782,0.47072744,120.51217,150.7821,0.13501121,123.24869,150.41762,0.17326656,111.43131,154.8101,0.11290005,118.86055,143.80142,0.33336744
615,127.50552,167.30444,0.39832222,125.15121,162.19945,0.3818652,121.657135,165.01666,0.47665903,120.45687,150.87108,0.13571821,123.23274,150.47868,0.17448059,111.43845,154.98427,0.115126096,118.794334,143.79688,0.33565432
616,127.480896,167.29634,0.40224674,125.166176,162.1802,0.38473254,121.63806,164.98248,0.48028725,120.47025,150.92201,0.13619697,123.26942,150.51784,0.174974,111.448555,155.00139,0.11722827,118.77707,143.80898,0.33766785
617,127.58673,167.21767,0.41271803,125.126595,162.07031,0.39823368,121.58235,164.9482,0.4989465,120.36838,151.0027,0.13958576,123.242676,150.57071,0.17974687,111.35536,155.02075,0.12754087,118.70384,143.78891,0.34596953
618,127.64954,167.13434,0.41582206,125.09768,162.02292,0.40386,121.61673,164.9204,0.5065171,120.36215,150.98051,0.1386633,123.21877,150.5245,0.17885633,111.32757,155.0249,0.13299333,118.72089,143.86919,0.34432453
619,127.49126,167.09872,0.41162026,125.04431,162.01604,0.39740095,121.56342,164.87547,0.49873292,120.38581,150.94566,0.13648735,123.19559,150.48727,0.17632435,111.28533,155.00862,0.13307555,118.77728,143.91992,0.3414332
620,127.6297,167.07806,0.41195807,125.05227,162.01633,0.40140334,121.630295,164.92218,0.5035741,120.364044,150.95242,0.13558713,123.16214,150.47482,0.17591265,111.2502,155.07576,0.13361463,118.77767,143.96036,0.33998254
621,127.59455,167.02867,0.41115394,124.95326,161.97292,0.4035527,121.554695,164.89487,0.50641,120.32955,151.02296,0.13401425,123.110916,150.5284,0.17492244,111.22131,155.10686,0.13548812,118.752754,144.00516,0.34015647
622,127.72806,166.94122,0.4169972,124.94127,161.91809,0.41133887,121.5993,164.85979,0.515883,120.25751,151.10286,0.13502766,123.08119,150.58627,0.17779994,111.24237,155.19353,0.1387233,118.66385,143.97789,0.34347442
623,127.944084,166.87764,0.42482656,124.9548,161.81857,0.4233878,121.61221,164.83064,0.5316145,120.13667,151.18536,0.13683979,123.02623,150.6387,0.18149905,111.238205,155.30112,0.14593698,118.588036,143.96371,0.3489584
624,128.55759,166.91989,0.43675247,125.15405,161.6866,0.44032302,121.76277,165.01349,0.55320597,119.95641,151.20683,0.13768813,122.90387,150.59969,0.18481071,111.17627,155.35786,0.15568829,118.618546,143.97102,0.35286176
625,128.44177,166.78497,0.43084732,125.02726,161.62666,0.4373734,121.73013,164.93343,0.5504393,119.980865,151.21484,0.13671076,122.643326,152.64247,0.18331826,111.192154,155.47278,0.15634964,118.577896,144.0141,0.35092536
626,128.18668,166.62671,0.43090445,124.89224,161.556,0.43287057,121.66425,164.77867,0.5456864,115.30447,153.81427,0.13692798,122.63122,152.70908,0.18284303,111.202675,155.56992,0.15798494,118.463425,144.01808,0.35096613
627,125.782036,166.42015,0.40940538,124.55631,161.82729,0.36794865,121.206436,164.06767,0.45629928,120.60489,151.17044,0.13633902,123.36025,150.72115,0.17578213,111.24427,154.86813,0.14273272,118.45207,143.9083,0.33478805
628,125.50074,166.68271,0.39085278,124.774345,162.02344,0.35681936,121.21549,164.0577,0.43051895,120.970604,151.01735,0.1329175,123.67154,150.6615,0.16939703,111.30375,154.63571,0.13830435,118.67892,143.86687,0.32325482
629,124.93463,166.99706,0.40088147,124.74576,162.22873,0.3614779,120.94603,164.05647,0.4368869,120.94993,151.27583,0.13905987,123.792885,150.9861,0.17667587,111.12834,154.2756,0.15964514,118.54261,143.68385,0.33689108
630,124.60755,167.3155,0.39300805,124.67466,162.42792,0.36419323,120.75894,164.1342,0.4361885,116.10577,153.56586,0.14381054,123.87772,151.30536,0.17457941,111.090965,154.26286,0.16535272,118.53831,143.56781,0.34066024
631,124.30122,167.79425,0.38449886,124.72022,162.68285,0.36685872,120.57404,164.2844,0.43099242,116.34598,153.68091,0.14479803,124.00055,151.56088,0.1699669,111.15518,154.2233,0.1626888,118.56126,143.45885,0.3394004
632,124.15833,168.21512,0.36013228,124.69532,162.83733,0.3540017,120.41713,164.40388,0.40827137,116.50233,153.96732,0.13243757,124.03454,151.75511,0.1596819,111.29265,154.40599,0.14127034,118.56657,143.3208,0.33170843
633,123.895256,169.08337,0.33743656,124.933876,163.21175,0.34374794,120.24243,164.6392,0.383931,116.64777,153.87138,0.12379681,124.366,151.93756,0.14492199,111.28679,154.19043,0.13024846,118.80514,143.29402,0.31910414
634,123.63613,169.16907,0.2786897,121.485596,161.49467,0.2925371,117.64404,162.1147,0.3250122,116.72951,154.33253,0.10206434,124.73161,152.26021,0.11981288,111.97684,154.51933,0.085542664,118.69618,143.05785,0.30581757
635,123.42628,169.45818,0.25756314,121.31165,161.52995,0.27903688,117.54932,162.20708,0.32210585,116.73061,154.34613,0.100296855,122.74535,155.12654,0.113462746,112.13721,154.50821,0.07791215,118.66115,142.98996,0.30308098
636,123.27489,169.43834,0.22485246,121.00448,161.18315,0.2555391,117.60507,162.0437,0.30335873,116.678276,154.4492,0.091219775,125.0894,152.42337,0.10036458,112.40852,154.6466,0.059131674,118.650856,142.92499,0.29499668
637,123.19334,169.29887,0.2361518,121.08215,161.11179,0.256767,117.70663,161.9607,0.30489525,116.77757,154.41354,0.09193056,125.15626,152.36606,0.10189898,112.498604,154.59068,0.06152026,118.671165,142.9482,0.29441163
638,123.12221,169.1447,0.24067223,121.11847,160.97685,0.25277722,117.79409,161.8494,0.3017843,116.85365,154.31915,0.08995984,125.210884,152.25356,0.0999454,123.813354,161.94139,0.061491404,118.7349,142.97961,0.28831086
639,123.097496,169.18785,0.24626094,121.131165,161.04755,0.25665867,117.79048,161.903,0.30636507,116.852066,154.36935,0.09172591,125.20757,152.3145,0.102074355,112.56971,154.53333,0.06288032,118.72316,142.97816,0.29104
640,123.06336,169.208,0.25495878,121.14218,161.10063,0.26165476,117.806015,161.93126,0.31226245,116.87252,154.41321,0.09457152,125.22672,152.41635,0.104779534,112.56005,154.55632,0.06692381,118.687126,142.9696,0.29528415
641,123.237656,169.25351,0.2576029,121.25187,161.22229,0.26974154,117.73773,162.01321,0.31390524,116.84387,154.3843,0.09615795,125.127426,152.38304,0.11004204,112.40224,154.54254,0.07109126,118.70932,142.97507,0.3006971
642,123.40778,169.15863,0.24502306,121.19338,161.05678,0.2662522,117.73772,161.94388,0.30527222,116.80598,154.4116,0.091807626,125.06275,152.34036,0.10797635,112.404854,154.6172,0.065417804,118.73388,142.97041,0.2996921
643,123.55061,168.84729,0.25283906,124.59362,163.04915,0.26651776,117.876114,161.69049,0.29527682,122.13595,152.36485,0.08825319,124.88728,152.18878,0.10864268,112.45625,154.67235,0.06087259,118.75655,142.9896,0.294932
644,123.59322,168.82915,0.258481,124.62766,163.07127,0.272391,117.85578,161.7228,0.2991309,122.11536,152.35677,0.09027326,124.907036,152.18234,0.11132873,112.38179,154.67067,0.06603375,118.75392,142.96844,0.29994297
645,123.6313,168.85167,0.25135282,124.65217,163.08951,0.268493,117.835434,161.74648,0.2953748,122.14501,152.27927,0.08985553,124.89759,152.11592,0.10990832,112.35372,154.60963,0.06305081,118.82162,143.01366,0.29575998
646,123.64137,168.83784,0.25395012,124.63977,163.07274,0.27012286,117.849304,161.75328,0.29631156,122.109535,152.2888,0.0904086,124.86243,152.13103,0.111001596,112.35401,154.63089,0.063473396,118.81505,143.02136,0.29630113
647,123.66214,168.84122,0.25110108,124.64688,163.08032,0.26885536,117.839966,161.75919,0.29595628,122.10921,152.26767,0.090885624,124.853485,152.10986,0.11127547,112.31509,154.61218,0.06346983,118.85126,143.02214,0.29593647
648,123.68354,168.81985,0.25063282,124.650764,163.0833,0.26883128,117.83823,161.75273,0.29468304,122.08855,152.24207,0.091773584,124.83605,152.0892,0.11236108,112.29202,154.60158,0.063153185,118.83859,143.0058,0.29713237
649,123.69387,168.85753,0.2604724,124.67368,163.10724,0.27909258,117.8519,161.81718,0.30295905,122.02157,152.31688,0.095562935,124.80239,152.1779,0.11739532,112.22903,154.66782,0.070779935,118.80618,143.0127,0.30458423
650,123.70481,168.85564,0.25969017,124.67476,163.09834,0.2784676,117.87148,161.78726,0.30255365,122.04504,152.30934,0.094802454,124.818535,152.16878,0.11633862,112.27206,154.69441,0.07082368,118.83757,143.01869,0.30355254
651,123.70168,168.85289,0.26182926,124.66211,163.09535,0.27952948,117.865715,161.7994,0.30365604,122.02561,152.32158,0.09502214,124.79983,152.17874,0.11686824,112.23765,154.70674,0.070700176,118.80305,143.02022,0.30399
652,123.70621,168.86673,0.26115066,124.668304,163.09286,0.27907306,117.8609,161.79391,0.30345744,122.01854,152.30171,0.09513145,124.793915,152.15866,0.11688985,112.22524,154.70341,0.07060061,118.80829,143.01807,0.30409586
653,123.737076,168.94237,0.2757269,124.72745,163.13582,0.2930832,120.407555,164.39803,0.31421193,121.965645,152.33412,0.09940537,124.76322,152.21245,0.12180479,112.09407,154.70154,0.080539994,118.83452,143.0657,0.30914328
654,123.77706,169.00044,0.28242624,121.63376,161.37582,0.30148,120.37863,164.45259,0.32212466,121.910446,152.32385,0.10215366,124.70775,152.21489,0.12502989,111.93147,154.66145,0.08778842,118.873825,143.1165,0.3122195
655,124.11607,169.08968,0.29595047,121.95566,161.66135,0.32366648,120.31738,164.63443,0.349155,121.70178,152.23615,0.11121721,124.55063,152.1582,0.13552648,111.68005,154.7437,0.10316553,118.939575,143.17677,0.3224671
656,124.50402,168.3387,0.24418029,124.56559,162.79991,0.277384,118.476295,163.89392,0.29863662,121.872284,152.05997,0.0905129,124.46423,151.93257,0.111482546,112.321724,155.3369,0.05265223,119.0256,143.20465,0.2930242
657,125.02373,168.13863,0.22811261,124.593346,162.68394,0.2704511,118.74032,163.9912,0.29232788,121.871376,151.89548,0.084770255,122.555405,154.49661,0.10659764,112.31617,155.4472,0.044918492,119.14494,143.38095,0.28221408
658,125.52911,168.12505,0.23957294,124.72917,162.64638,0.2878947,121.082344,164.5553,0.311087,121.82825,151.79738,0.0890488,122.7065,154.34958,0.11408,112.16323,155.5371,0.054249257,119.246254,143.61491,0.28525203
659,125.84177,168.1233,0.24937257,124.87269,162.63696,0.298502,121.17993,164.65433,0.3294906,121.74118,151.6695,0.09456618,122.849785,154.18639,0.12010043,112.07832,155.5373,0.060714535,119.291695,143.6986,0.28824043
660,126.11323,167.99988,0.25548142,125.01941,162.60593,0.30001903,121.41454,164.6619,0.33431107,121.87561,151.40402,0.08978899,123.04858,153.93115,0.11473611,112.09663,155.53966,0.059704076,119.45302,143.94882,0.2740121
661,126.09088,167.94824,0.2601629,125.004486,162.57109,0.30429056,121.388565,164.63687,0.34068596,121.842186,151.44104,0.09310094,123.0606,153.92734,0.117664106,112.04803,155.53247,0.06445296,119.398384,143.9441,0.27803364
662,126.07995,167.86967,0.264048,124.97831,162.5328,0.30745026,121.3908,164.6,0.34507293,121.82648,151.45789,0.09417572,123.055855,153.9086,0.11845653,112.07486,155.59749,0.06488495,119.35029,143.94925,0.27905166
663,126.059906,167.8195,0.26584178,124.93822,162.49155,0.30848658,121.36871,164.577,0.34741464,121.8113,151.46863,0.09448892,123.02497,153.93005,0.1190429,112.04134,155.5938,0.067154154,119.33233,143.96277,0.27943838
664,126.051605,167.72037,0.26419398,124.93852,162.4637,0.30428508,121.431625,164.53214,0.34207016,121.845634,151.39745,0.09320461,123.02968,153.88329,0.11704893,112.08695,155.59052,0.064172186,119.35098,143.98186,0.27499098
665,126.105576,167.80048,0.26435417,125.00151,162.49168,0.30549726,121.435005,164.57613,0.34406924,121.82602,151.3843,0.09413243,123.06954,153.85115,0.11850856,112.06339,155.59645,0.0659731,119.363335,144.00412,0.27620402
666,126.09995,167.8035,0.2635967,125.00524,162.49318,0.30393827,121.434746,164.57669,0.34223017,121.84189,151.3373,0.09320266,123.0729,153.83,0.11714455,112.04851,155.54405,0.06539085,119.401726,144.0256,0.27359578
667,126.13713,167.80235,0.26742998,125.01096,162.49348,0.30893204,121.44698,164.57169,0.3482129,121.84071,151.39313,0.09442597,123.095406,153.84955,0.11862684,112.09666,155.6047,0.06576335,119.35304,144.01282,0.27669236
668,126.14293,167.84853,0.26573285,125.03146,162.51279,0.30747047,121.4363,164.59848,0.34681845,121.83163,151.36983,0.09492285,123.10321,153.84384,0.11925097,112.05869,155.57526,0.06566989,119.37419,144.0172,0.2769048
669,126.2399,167.96716,0.26958114,125.115074,162.56053,0.31369457,121.42574,164.68729,0.35634124,121.786835,151.3489,0.097550206,123.14931,153.81862,0.12182872,111.943726,155.5219,0.07305596,119.40891,144.03267,0.28066805
670,126.32529,168.07323,0.27409437,125.18173,162.60187,0.31985474,121.4021,164.7763,0.3658377,121.722374,151.30313,0.10048082,123.15926,153.7907,0.12554513,111.802826,155.45103,0.08165952,119.420746,144.06357,0.28507838
671,126.372025,167.9298,0.27376813,125.17364,162.56346,0.31466874,121.51318,164.74553,0.35986584,121.74613,151.20303,0.097784795,123.17598,153.67735,0.12132464,111.89471,155.485,0.07593762,119.4533,144.11238,0.27752787
672,126.40513,167.69974,0.28196982,125.10661,162.49318,0.31706288,121.61262,164.67465,0.36336175,121.78042,151.18614,0.09664937,124.05879,150.99008,0.12035096,112.048225,155.57574,0.071301825,119.41967,144.12074,0.27554783
673,126.39602,167.69374,0.2816193,125.108665,162.4651,0.31583333,121.57556,164.67184,0.36339444,121.74418,151.17073,0.09755323,124.02115,150.9666,0.1217116,111.996704,155.56519,0.07281792,119.42555,144.12979,0.2766887
674,126.36964,167.86536,0.29067117,125.11744,162.49028,0.33328798,121.40725,164.74336,0.3872809,121.660324,151.29001,0.105194986,123.19327,153.7191,0.13152175,111.757515,155.54385,0.093577005,119.36833,144.11447,0.2910524
675,126.26856,167.87682,0.2860135,125.0642,162.49493,0.3300129,121.36411,164.70506,0.3812655,121.678795,151.36298,0.104120255,123.14528,153.80267,0.13059805,111.81268,155.57986,0.09016686,119.34457,144.0702,0.28988305
676,126.15314,167.80853,0.27900225,124.996605,162.4822,0.32277387,121.37232,164.62404,0.36933956,121.72185,151.44049,0.10125167,123.10802,153.87135,0.12671119,111.94147,155.64183,0.07971095,119.31309,144.01035,0.2867471
677,126.20276,167.81941,0.27430505,125.039345,162.48436,0.31718865,121.42162,164.61345,0.36101162,121.751915,151.3895,0.098246835,123.092545,153.8405,0.12329249,112.00642,155.6373,0.07315534,119.341705,144.02023,0.28134426
678,126.18408,167.82603,0.27580035,125.02191,162.48068,0.31888038,121.39949,164.61382,0.36317274,121.77463,151.36763,0.09786645,123.09461,153.85023,0.12322876,111.95053,155.58943,0.07673782,119.35636,144.0441,0.28042886
679,126.195045,167.83469,0.27467713,125.04846,162.49294,0.31734362,121.421,164.61966,0.3609173,121.79392,151.33015,0.09686849,123.11802,153.80963,0.12190728,111.9566,155.57446,0.075852975,119.38593,144.05327,0.2777462
680,126.221855,167.82617,0.27707413,125.03793,162.48007,0.31981066,121.4086,164.62608,0.3647302,121.78631,151.31567,0.09691539,123.10285,153.80934,0.12214912,111.89231,155.54723,0.07904948,119.39818,144.05214,0.27824014
681,126.201935,167.7725,0.2724983,125.0547,162.4763,0.31259584,121.47512,164.59587,0.35504213,121.79919,151.28735,0.095385775,123.112305,153.7563,0.119468875,112.0166,155.57646,0.07141825,119.3958,144.05945,0.27452785
682,126.20645,167.70486,0.27103773,125.04378,162.47348,0.30907255,121.53598,164.5771,0.34994423,121.815926,151.27388,0.09371963,123.11378,153.75082,0.11778699,112.05856,155.59726,0.066784464,119.38346,144.05928,0.27264154
683,126.289665,167.72745,0.2779596,125.096924,162.48294,0.3169064,121.54818,164.61766,0.36135256,121.77216,151.2775,0.0973904,124.091286,151.09593,0.12138254,112.01368,155.59541,0.074436925,119.35457,144.07533,0.27782574
684,126.373886,167.75568,0.28273174,125.15673,162.4967,0.3223375,121.57272,164.67099,0.3697595,121.75789,151.2258,0.099207036,123.213005,153.66673,0.12371417,111.927185,155.55652,0.082054436,119.39063,144.12262,0.279387
685,126.32769,167.76895,0.29775247,125.15078,162.47995,0.33378252,121.47172,164.68025,0.38841048,121.67477,151.217,0.10641725,123.297386,153.59291,0.13202186,111.767845,155.44267,0.09699983,119.37055,144.14632,0.28976977
686,126.82339,168.00334,0.3164016,125.39094,162.58165,0.36714545,121.503815,165.02461,0.43739557,119.71038,155.70567,0.11735956,123.426926,153.63628,0.1533623,111.502266,155.5984,0.13254291,119.29476,144.26505,0.3146287
687,126.78088,167.93655,0.32322556,125.36384,162.57262,0.3714697,121.48638,165.004,0.4439105,119.699135,155.73209,0.12240961,123.4521,153.62831,0.1576263,111.49238,155.60861,0.13791761,119.25964,144.27615,0.3190224
688,126.725624,167.83714,0.32432446,125.330154,162.56688,0.36935893,121.51559,164.97455,0.44282323,119.661285,155.76425,0.121892706,123.45081,153.64047,0.1573794,111.46,155.59274,0.13770638,119.2735,144.33257,0.3193859
689,126.414856,167.8673,0.32512146,125.21063,162.5842,0.36558974,121.38026,164.88928,0.43682507,119.67097,155.84381,0.1213266,123.4074,153.76083,0.15564243,111.46418,155.5167,0.13828021,119.30121,144.3395,0.3165643
690,126.19899,167.96703,0.31798136,125.1382,162.62732,0.3589795,121.27461,164.85905,0.42642668,119.646286,155.91661,0.11900492,123.35244,153.90659,0.15337665,111.45017,155.47272,0.13402179,119.33716,144.3217,0.314567
691,125.917,167.99332,0.320984,125.10144,162.6696,0.3560724,121.19992,164.77026,0.41973898,116.60742,154.38406,0.11646838,123.3774,153.91475,0.15160567,111.46899,155.38936,0.13381402,119.31762,144.25587,0.31340098
692,124.842064,167.67308,0.34067538,124.831535,162.61598,0.353931,121.03217,164.28314,0.4103797,116.76596,154.32182,0.12219685,124.3017,151.5044,0.14470139,111.612076,154.97838,0.14028299,119.17294,144.11745,0.31289625
693,123.52965,168.3949,0.40797207,125.15188,162.93135,0.3803204,120.570885,164.08253,0.42674214,116.942276,153.92967,0.14704266,124.5255,152.12405,0.15613398,111.473015,154.17151,0.1695448,118.87468,143.73842,0.3291819
694,123.14699,168.37965,0.40242165,125.17757,162.94424,0.36948764,120.64252,163.88219,0.39777136,116.914055,153.89456,0.12943795,124.65082,152.21297,0.14305876,111.73174,153.99075,0.1415877,118.89295,143.57576,0.31392106
695,122.81809,168.36258,0.40978116,125.31823,163.0927,0.37186426,120.79769,163.73685,0.38968349,117.05815,153.87721,0.12859899,124.9238,152.40956,0.13762078,112.000534,153.81723,0.13932915,118.88195,143.50874,0.30970058
696,122.43478,168.31488,0.4082689,125.32663,163.09814,0.36510193,120.81427,163.49098,0.3702167,117.14374,153.72041,0.117291756,125.1688,152.43074,0.12806226,112.307915,153.58647,0.12188445,118.87062,143.43376,0.29980758
697,122.25197,168.45245,0.40418017,125.332245,163.15767,0.35946813,120.763,163.46165,0.35967878,117.19583,153.57425,0.11466553,125.27456,152.46512,0.12565263,112.39108,153.39171,0.116429694,118.860825,143.3397,0.2997847
698,122.11998,168.4414,0.3788119,125.18494,163.18958,0.33880207,117.89244,160.9444,0.33696634,117.09675,153.86586,0.10708723,125.21377,152.68169,0.12052166,113.46606,152.15628,0.100150846,118.736465,143.08199,0.30463868
699,122.28661,168.42923,0.3855555,125.219894,163.191,0.34659827,120.78875,163.51488,0.34737095,117.13205,153.91908,0.109953776,125.213326,152.56058,0.118780695,112.48041,153.74066,0.10346649,118.85855,143.31099,0.29874703
700,122.44486,168.37825,0.3895139,125.19441,163.13577,0.3486593,120.78049,163.55516,0.35380143,117.15798,153.92897,0.108633004,125.15741,152.48766,0.12122725,112.46811,153.79564,0.10368098,118.88147,143.3253,0.29786187
701,122.63649,168.43384,0.39646336,125.226,163.13603,0.3572182,120.75644,163.68823,0.36909074,117.13262,153.9718,0.116145805,125.04741,152.46881,0.12844016,112.25685,153.85559,0.11680581,118.903336,143.37628,0.30199227
702,122.80634,168.42302,0.40574268,125.20098,163.08464,0.3661742,120.71206,163.75511,0.3842382,117.08283,153.98546,0.12154212,124.92518,152.44585,0.1342214,112.08004,153.92746,0.12602691,118.88831,143.43138,0.30769196
703,123.03523,168.37872,0.40542528,125.11374,162.9557,0.36915684,120.62664,163.82617,0.3934784,116.99091,154.00868,0.12067632,124.770294,152.31639,0.13845123,111.92697,154.04013,0.12665384,118.909294,143.48705,0.30999264
704,123.23319,168.20163,0.4032669,124.99071,162.81145,0.3702426,120.58951,163.83821,0.40131518,116.9689,154.06213,0.120663784,124.60718,152.1908,0.14104961,111.88105,154.21812,0.1286621,118.89743,143.53499,0.30991966
705,123.48292,167.93588,0.41163412,125.00824,162.68748,0.382428,120.653114,163.83304,0.42412812,117.03058,153.94524,0.13449869,124.55249,152.10922,0.15232523,111.72876,154.24411,0.1527813,118.88599,143.598,0.32189274
706,123.917435,167.32352,0.40370396,124.87737,162.40173,0.3749412,120.87249,163.66331,0.42193916,117.10051,154.03624,0.12481452,124.50312,151.80443,0.15017405,111.989265,154.44278,0.14353098,118.97388,143.68611,0.31258857
707,124.34971,167.37979,0.4007414,124.95199,162.38416,0.37926072,120.95936,163.78271,0.43387583,117.176895,154.10828,0.13317347,124.521194,151.77261,0.15640123,111.97449,154.66176,0.15706713,118.99819,143.72966,0.32038385
708,124.39421,167.28058,0.39827222,124.98063,162.36269,0.37784958,121.032616,163.75606,0.43183747,117.14101,154.07678,0.13479728,124.52188,151.69296,0.15528068,111.93283,154.67952,0.16104704,119.054214,143.81024,0.3160135
709,124.345116,167.40141,0.39523816,124.95132,162.41911,0.37789086,120.978165,163.80493,0.43190777,117.16585,154.20287,0.13397771,124.51561,151.81516,0.1550856,111.93508,154.75285,0.15774754,119.0237,143.79196,0.31971103
710,124.32262,167.51576,0.38523927,124.91886,162.4807,0.3720988,120.94445,163.87712,0.42362192,117.10197,154.2565,0.1303668,124.51259,151.86183,0.15162463,111.87241,154.75496,0.15168871,119.05193,143.78062,0.31752148
711,124.266075,167.48344,0.3781117,124.90065,162.49342,0.36715028,120.97364,163.85991,0.41464797,117.12805,154.30855,0.12457473,124.4999,151.82433,0.14764416,111.97276,154.7664,0.14279741,119.07954,143.7917,0.31181213
712,124.25639,167.49945,0.37666738,124.8947,162.50636,0.36618692,120.96663,163.87161,0.41380957,117.10899,154.30237,0.12566133,124.480255,151.83984,0.14807025,111.94404,154.75589,0.14397058,119.06184,143.78622,0.31317273
713,124.31322,167.44518,0.36586928,124.85219,162.49565,0.35969958,121.01423,163.8849,0.40580845,117.12244,154.4428,0.12157778,124.4761,151.83537,0.14470671,112.017746,154.88847,0.13749984,119.08187,143.80888,0.31013307
714,124.356865,167.40631,0.3627288,124.826706,162.47812,0.35939753,121.033,163.87799,0.4050934,117.17193,154.52603,0.11964883,124.464554,151.86873,0.14496754,112.0971,154.98283,0.13444532,119.03016,143.79144,0.31111035
715,124.331726,167.4031,0.36390758,124.8452,162.50124,0.35958612,121.0554,163.87102,0.40551236,117.15156,154.50185,0.1193042,124.4924,151.84422,0.14388236,112.074646,154.94708,0.13426639,119.0753,143.8214,0.30970317
716,124.31934,167.40904,0.36719155,124.87253,162.52759,0.36228696,121.07404,163.87338,0.40927395,117.15215,154.45294,0.12192936,124.51137,151.79755,0.14416702,112.03112,154.90044,0.13758153,119.11238,143.8487,0.30959088
717,124.404045,167.38478,0.36136168,124.81818,162.4779,0.35851443,121.06756,163.8756,0.40497595,117.17244,154.54779,0.11685476,124.476326,151.83415,0.14292002,112.11257,155.01959,0.1312499,119.08081,143.82806,0.3083082
718,124.45143,167.3834,0.35966656,124.80204,162.4597,0.3578735,121.06805,163.88376,0.40426332,117.18905,154.59572,0.11515917,124.47542,151.84186,0.14223948,112.151146,155.0761,0.12923847,119.069466,143.83878,0.30741465
719,124.493355,167.37726,0.35752597,124.79158,162.44756,0.35706422,121.075005,163.88885,0.4034696,117.19997,154.64165,0.11395727,124.465904,151.85037,0.14160734,112.17618,155.13174,0.12750265,119.071495,143.8291,0.3069274
720,124.527374,167.38228,0.35333782,124.78377,162.43317,0.35453787,121.07585,163.89696,0.3998444,121.82914,152.04633,0.113002166,124.44519,151.8169,0.14072718,112.18825,155.15982,0.12523459,119.06906,143.82019,0.30500415
721,124.51886,167.40826,0.35374546,124.79047,162.43636,0.3545756,121.05934,163.90791,0.399812,121.82025,152.03409,0.11358496,124.43573,151.81,0.14110018,112.16263,155.11755,0.12563552,119.08789,143.82123,0.30485705
722,124.49024,167.42587,0.35855743,124.80515,162.45493,0.35772434,121.0512,163.90219,0.40444183,121.79764,152.0746,0.11512464,124.443184,151.85184,0.14317071,112.11849,155.09952,0.12909268,119.05346,143.8127,0.30826357
723,124.498985,167.4562,0.3566486,124.81326,162.46153,0.35707828,121.03995,163.92728,0.4035273,121.812874,152.02463,0.114862464,124.43769,151.80412,0.14245991,112.0768,155.06659,0.12933461,119.09552,143.83247,0.3063722
724,124.49105,167.4406,0.36014003,124.81249,162.46469,0.35990673,121.0484,163.90598,0.40754554,117.18042,154.6193,0.11695117,124.46,151.86284,0.14315866,112.0969,155.10658,0.13124235,119.043434,143.81859,0.30864185
725,124.48795,167.48015,0.35952628,124.83338,162.46979,0.35942763,121.02847,163.9264,0.4066243,117.1626,154.52982,0.11740029,124.447716,151.84486,0.14443679,112.07886,155.02478,0.13220207,119.053856,143.82144,0.3097459
726,124.476555,167.46431,0.3616577,124.82504,162.4687,0.36077586,121.02636,163.91905,0.4088403,117.17225,154.5375,0.1191573,124.43607,151.86075,0.14575365,112.08369,155.03041,0.13418934,119.0248,143.81151,0.31154454
727,124.46747,167.4739,0.3627313,124.828995,162.46698,0.36132982,121.01014,163.9281,0.40991455,117.1435,154.52269,0.12027563,124.42403,151.84535,0.14623001,112.04053,155.00818,0.13592497,119.02616,143.82584,0.3121476
728,124.446815,167.46208,0.3666219,124.825554,162.47314,0.36432573,121.00868,163.91553,0.4136606,117.163895,154.519,0.12274486,124.436455,151.90048,0.14776334,112.02996,155.01376,0.13954283,118.98735,143.81186,0.31529486
729,124.46133,167.47713,0.36423105,124.821144,162.46089,0.3621099,120.99551,163.92712,0.41081354,117.13659,154.50093,0.11995138,124.4227,151.88124,0.14721876,112.02484,154.99936,0.13616426,118.97866,143.82571,0.3139911
730,124.47308,167.48207,0.36169636,124.81211,162.45782,0.3604412,120.98798,163.93983,0.40862817,117.10763,154.49261,0.11854743,124.40521,151.87035,0.14676924,112.009,154.98915,0.13418199,118.98176,143.81554,0.31324777
731,124.478836,167.5392,0.36043736,124.815155,162.48067,0.3601036,120.969406,163.97098,0.40907267,117.081474,154.50038,0.118832454,124.38817,151.85966,0.14668977,111.95582,154.99236,0.13402908,118.9956,143.8256,0.31424493
732,124.481285,167.59023,0.3611946,124.80678,162.499,0.36123237,120.94372,163.99011,0.41113147,117.10324,154.53917,0.11957017,124.396935,151.90262,0.1468673,111.94636,155.03307,0.13425045,118.96565,143.81447,0.31581792
733,124.4766,167.58925,0.36160165,124.81725,162.50006,0.36151075,120.951096,163.9823,0.4114356,117.11861,154.52556,0.12035939,124.4045,151.90007,0.1472258,111.95018,155.03108,0.13568579,118.984215,143.81496,0.31560972
734,124.475685,167.59273,0.3575049,124.81005,162.49548,0.35857457,120.94893,163.98892,0.4071974,117.10576,154.52849,0.11924316,124.39677,151.8639,0.14519773,111.95347,155.03238,0.13439189,119.03127,143.83893,0.3124146
735,124.47501,167.57649,0.35956958,124.815506,162.4935,0.3598398,120.96452,163.97162,0.40857401,117.138664,154.5492,0.11874413,124.411354,151.87932,0.14535776,111.996254,155.05376,0.13334039,119.01492,143.83777,0.31280848
736,124.47301,167.56905,0.35998896,124.811485,162.4839,0.35996845,120.964714,163.96082,0.40858814,117.15201,154.56902,0.11935641,124.41389,151.88214,0.14468051,112.02365,155.07187,0.13371678,119.00962,143.85272,0.3116952
737,124.44756,167.5853,0.35933533,124.82761,162.5026,0.35864642,120.959915,163.97778,0.4069586,117.07391,154.46523,0.11914639,124.400505,151.8245,0.14464986,111.93228,154.95981,0.1343034,119.05101,143.86182,0.31079757
738,124.41502,167.57411,0.3605892,124.83045,162.50725,0.35898954,120.9599,163.9719,0.40733624,117.04939,154.39867,0.119632795,124.39356,151.8023,0.1447697,111.894264,154.89056,0.13573472,119.06584,143.87213,0.30988157
739,124.41225,167.5735,0.36242536,124.83233,162.50183,0.3604661,120.960495,163.95642,0.40882114,117.108086,154.49629,0.11952563,124.411385,151.84445,0.14511131,111.971634,154.98314,0.13438395,119.032326,143.84897,0.3114621
740,124.35006,167.56725,0.36728838,124.82866,162.50294,0.3628547,120.93029,163.94543,0.41222122,117.08734,154.45987,0.12153215,124.38565,151.85382,0.14660457,111.93965,154.93176,0.13675018,118.98834,143.8524,0.31378773
741,124.463554,167.49063,0.3608226,124.797356,162.44783,0.35854387,120.97589,163.93245,0.40667194,117.10407,154.5135,0.11585978,124.38284,151.82133,0.14470166,112.018364,155.01248,0.13008997,119.005585,143.85133,0.31037363
742,124.5674,167.41293,0.35527802,124.763756,162.38269,0.35483158,121.00767,163.90802,0.4021514,121.73224,152.03143,0.11423578,124.36683,151.80167,0.14329429,112.11812,155.1491,0.12412963,118.99628,143.84776,0.3078956
743,124.57383,167.38696,0.3551335,124.75758,162.36903,0.35422662,121.02355,163.88855,0.40162563,121.77479,152.03217,0.11311348,124.39057,151.7965,0.14177431,112.155365,155.19498,0.12306372,119.015686,143.85507,0.30588835
744,124.643684,167.60225,0.33774763,124.72885,162.42857,0.34586588,120.97327,163.98445,0.38993976,121.84467,152.08238,0.10756352,124.41138,151.86942,0.13472621,112.12466,155.32904,0.11560399,119.09506,143.8441,0.30016255
745,124.645805,167.62524,0.3350285,124.74108,162.44421,0.3443601,120.97476,163.99979,0.38713026,121.85115,152.06618,0.107949644,124.42348,151.85478,0.13496214,112.119606,155.29742,0.11345433,119.08597,143.83588,0.30007735
746,124.653305,167.64053,0.33255005,124.74593,162.44727,0.34322417,120.97229,164.01398,0.38505507,121.86291,152.04712,0.10810717,124.423676,151.83424,0.13474227,112.1318,155.28621,0.11249568,119.101875,143.84233,0.29977912
747,124.545555,167.64186,0.34068072,124.76747,162.46576,0.34893847,120.950165,163.9887,0.3914202,121.83307,152.1091,0.10960984,124.42434,151.8983,0.1368919,112.09762,155.25429,0.12093353,119.06839,143.84602,0.3028194
748,124.43028,167.65923,0.3480874,124.813416,162.49614,0.3520329,120.936935,163.9644,0.39375722,117.154396,154.59187,0.11345771,124.450935,151.86406,0.13843814,112.04969,155.06819,0.12633887,119.05535,143.82408,0.3033526
749,124.00961,168.01189,0.38933235,125.06774,162.68993,0.37663764,120.75159,164.00037,0.42580763,117.07933,154.1536,0.13726403,124.53373,151.97021,0.1521024,111.70605,154.56517,0.15755847,119.007355,143.79173,0.32113963
750,123.24726,168.3242,0.4334849,125.421814,162.77751,0.3924774,120.719475,163.68466,0.423612,117.20826,153.90378,0.13782565,124.99175,152.21188,0.14632517,111.90165,154.06068,0.15921831,118.858086,143.68321,0.31498307
751,122.42938,167.57568,0.44910842,125.45243,162.68909,0.39428097,121.01866,162.95766,0.3917938,117.40205,153.25314,0.118113995,125.36318,151.95679,0.12761569,112.58398,153.27643,0.13611564,118.772575,143.69368,0.2768341
752,121.319145,167.01488,0.4042007,125.188545,162.62286,0.34970614,118.61361,156.07497,0.36316094,132.18764,157.7943,0.0888737,125.74146,151.88765,0.10637439,113.98988,151.06163,0.09444745,118.61879,143.42874,0.25512853
753,120.56258,166.22247,0.4066066,124.59801,162.31792,0.34611043,118.00621,155.44633,0.3543733,122.265015,152.02199,0.10106194,125.109276,151.71681,0.1230973,114.519966,146.43762,0.12032521,117.73642,142.92836,0.26427153
754,119.636024,165.15141,0.3915745,123.90401,161.90433,0.32945883,117.56781,154.76695,0.33552662,119.74107,150.30518,0.10745532,124.36575,151.56174,0.12945297,113.938774,145.70018,0.15040793,117.096405,142.56181,0.25563756
755,118.301796,165.53346,0.38708478,123.472664,161.73032,0.3174799,117.669945,154.60718,0.36524844,119.403114,150.69566,0.11995826,123.88776,152.08087,0.13008179,113.65852,145.50195,0.18864876,116.65414,142.29292,0.25352657
756,117.47733,165.26453,0.41952884,123.242386,161.64796,0.32954362,117.42923,154.68715,0.4007876,119.212,150.6896,0.13816375,123.48471,152.16429,0.14262274,113.675705,145.30107,0.21595243,116.51411,142.29594,0.25398323
757,116.90824,164.99893,0.43018383,122.94952,161.55719,0.32855043,117.29265,154.70859,0.41241157,119.0316,150.77748,0.14608376,123.17405,152.33844,0.14695175,113.65399,145.2819,0.22873823,116.517105,142.17293,0.26001137
758,116.32568,164.95636,0.4601629,122.589745,161.40915,0.3353249,116.66461,154.88144,0.4174643,118.76152,150.52841,0.15610684,122.70955,152.18767,0.15519422,113.53072,145.10161,0.24593884,116.39702,142.19682,0.25939566
759,116.22791,165.06131,0.45965824,118.75709,154.41978,0.32323444,116.563866,154.74753,0.4054048,118.50063,150.5326,0.15858312,122.52646,152.25339,0.15611085,113.26124,145.02194,0.25100935,116.1122,141.28336,0.26558965
760,116.50541,165.09148,0.455752,118.741,154.18431,0.31979036,116.60713,154.67995,0.3928595,118.44686,150.44716,0.15358669,122.538185,152.12737,0.15517442,113.14515,144.93472,0.24335524,115.99926,141.2209,0.26600298
761,117.249435,165.27278,0.440791,122.65063,161.27939,0.3146973,116.68896,154.56218,0.36126006,118.31324,150.3734,0.1417771,122.635376,152.00932,0.15324351,112.84187,144.8417,0.22492926,115.79536,141.08295,0.26983318
762,117.96703,165.30981,0.42197734,122.74539,161.2792,0.31190094,116.78621,154.48868,0.33416092,118.30445,150.2515,0.1291145,122.81487,151.8579,0.14944749,112.61563,144.81917,0.20229079,115.73589,141.05833,0.26860267
763,118.61979,164.94069,0.3981059,122.84691,161.04398,0.29708743,117.254364,154.2532,0.32202843,118.11191,150.22545,0.12196847,122.81094,151.75514,0.14879337,112.31336,144.87523,0.18415841,115.66433,141.01265,0.26439598
764,119.152115,164.36414,0.40769887,123.009056,161.01825,0.30294374,117.13606,154.44763,0.31840548,120.05373,151.38225,0.124401085,122.85148,151.46927,0.15405889,112.08556,144.89404,0.17704172,115.893394,141.68394,0.2656302
765,119.50835,164.49388,0.39748237,123.02411,161.09644,0.29752913,117.0452,154.53098,0.30082238,120.00872,151.36417,0.12066211,122.90259,151.40067,0.15074536,112.062225,144.97102,0.16090134,115.83079,141.62057,0.26582417
766,119.85865,164.55202,0.38365534,123.02236,161.05997,0.28497565,117.075676,154.46806,0.28663427,119.93455,151.40482,0.117740124,122.895485,151.4312,0.14787008,112.004425,145.03653,0.14457585,115.77364,141.55322,0.26811463
767,120.146324,164.74112,0.38337672,123.03043,161.12909,0.28309768,117.06161,154.5989,0.28672132,119.84708,151.46487,0.11582371,122.847626,151.45543,0.14654398,111.93396,145.15802,0.13728434,115.76147,141.57732,0.2717436
768,120.47949,164.86853,0.35407338,122.92227,161.14575,0.26031256,117.196365,154.44508,0.26900533,119.694756,151.63583,0.10467007,122.719635,151.59814,0.13549009,111.94115,145.31674,0.11741308,115.77761,141.59349,0.2694606
769,120.909775,165.0635,0.33853495,122.875854,161.14006,0.24522091,117.40466,154.44482,0.2672167,119.552025,151.74753,0.09839336,122.558395,151.68849,0.13000372,111.914055,145.54518,0.1026987,115.82449,141.61296,0.2665211
770,121.40719,165.18906,0.3121356,122.79277,161.10634,0.2158018,117.521866,154.29253,0.24467441,119.42799,151.75159,0.08839044,122.404175,151.67354,0.12023489,111.8833,145.6036,0.082498856,115.908424,141.60574,0.25844082
771,121.6602,165.42766,0.276701,117.64695,151.33575,0.19954006,117.669945,153.9422,0.2163592,119.31582,151.91878,0.07938865,122.28841,151.87381,0.11205405,113.587425,147.68004,0.06255708,115.89397,141.4814,0.25339454
772,121.60642,165.4182,0.2764752,117.55024,151.3749,0.20444514,117.72646,154.00984,0.21900262,119.17573,152.04945,0.07796972,122.1629,152.00201,0.11176877,113.506996,147.8159,0.06315316,115.82213,141.46175,0.25462872
773,121.622154,165.39009,0.27346027,117.53745,151.39766,0.19705907,117.68695,154.0057,0.21415773,119.17585,152.00635,0.077109344,122.118805,151.94962,0.110475525,113.5082,147.7684,0.06057311,115.85627,141.51779,0.2512207
774,121.51784,165.87851,0.297941,122.62279,161.41045,0.19674101,116.88013,158.71146,0.2126013,119.11235,151.98239,0.080267414,122.10609,151.95792,0.11416442,111.79615,146.05249,0.06640658,115.99944,141.56561,0.25889128
775,121.143814,166.74753,0.3312315,122.58651,161.89777,0.21924244,116.181145,159.50015,0.23307659,119.05616,152.05498,0.08225654,122.104294,152.07057,0.11610748,111.626785,146.39346,0.085067384,116.25089,141.73828,0.27009493
776,119.85609,167.82776,0.31075743,118.162346,158.86647,0.20642671,116.007195,159.64833,0.22028546,114.67763,152.76744,0.06573858,122.0439,152.30708,0.09081035,111.78528,146.49376,0.074150905,116.73657,142.0211,0.24624045
777,119.22339,168.3658,0.33236316,120.29444,162.04678,0.22652641,114.13199,162.86133,0.24625409,114.08757,152.8449,0.07091393,121.2466,152.67949,0.09246828,111.19881,146.55865,0.06955061,116.61654,142.22417,0.25436798
778,119.14684,168.03215,0.32012853,117.51906,159.17793,0.2271165,114.368645,162.85057,0.24008428,114.169,153.37816,0.0674793,121.29681,152.70886,0.07590395,123.306526,162.70752,0.04554491,117.01912,142.7556,0.23641266
779,119.156975,167.32248,0.26228476,117.550125,158.68904,0.20915864,122.39136,155.05092,0.27930358,114.58295,154.76572,0.055486035,118.27162,153.85641,0.059806656,124.32164,163.30559,0.05107153,118.11172,143.22919,0.20577571
780,119.585495,166.94028,0.23661423,117.90293,158.44371,0.20745528,123.05442,154.53027,0.30529457,115.080734,158.4593,0.047900714,118.50566,154.32158,0.05869205,127.79469,160.24821,0.05730884,118.77321,143.25575,0.2089728
781,117.38847,147.59892,0.22039482,117.802986,158.21344,0.19445027,123.22966,154.21902,0.30367813,115.22281,158.89293,0.045710713,118.327705,154.76845,0.053740144,127.72034,160.69481,0.059273336,118.95493,143.3617,0.19834012
782,117.2101,146.76353,0.23768023,117.6695,157.89386,0.18145785,123.40588,153.98325,0.30756694,122.99202,160.90775,0.049660284,118.16089,155.41212,0.051269956,127.66959,161.13521,0.06371113,119.08016,143.5011,0.1917231
783,117.31603,146.86354,0.23382941,117.77763,157.97368,0.18132389,123.35874,154.262,0.29304913,122.79193,160.67603,0.046049457,118.14872,155.23233,0.049122717,127.44865,160.7485,0.059593905,119.074814,143.63844,0.1881992
784,117.41597,146.58527,0.22310628,117.87781,158.03471,0.16902551,123.40689,154.37173,0.27343684,122.63098,160.48639,0.041244984,118.13791,155.14622,0.04361834,124.99412,163.32033,0.06345357,119.215996,143.7577,0.17934743
785,117.56602,146.7239,0.20992135,118.073265,158.28784,0.17390431,123.40741,154.66444,0.2618236,123.28728,161.64464,0.040044967,118.260544,154.87257,0.040919352,124.890236,163.21252,0.06312358,119.31034,143.8507,0.18075205
786,117.75879,146.78842,0.19969758,118.23655,158.43367,0.17589417,123.448746,154.86755,0.2511734,123.381065,161.60948,0.039709333,118.36102,154.68552,0.038900666,124.904755,163.19144,0.06190585,119.44544,143.97592,0.17823644
787,119.22391,149.78136,0.20310831,118.5075,158.80817,0.20805404,123.47259,155.59518,0.24403055,123.27588,161.46944,0.04567337,120.377464,156.01564,0.040070236,124.78752,163.0778,0.07480928,119.433014,144.31177,0.1800029
788,119.577446,150.3581,0.19886266,118.9036,159.17972,0.2242949,120.43885,159.47205,0.23758388,123.40938,161.37291,0.044695858,118.76376,154.202,0.042681575,124.68609,163.00528,0.074063145,119.609474,144.56094,0.18286514
789,119.60155,150.4286,0.19587007,118.96593,159.37764,0.22739288,120.34737,159.69635,0.24002844,123.34803,161.26373,0.04310616,120.69769,155.6896,0.044934724,124.58711,162.9114,0.07393062,119.64304,144.56189,0.19377035
790,119.297325,150.03317,0.20978905,118.38766,159.15956,0.21702844,123.38139,155.97342,0.24502037,123.07744,161.72699,0.05039062,118.33444,154.66629,0.03693521,124.83808,163.34094,0.08624827,119.49004,144.79123,0.17044051
791,117.5522,148.00175,0.21978197,118.12189,159.31656,0.21991065,122.80336,156.366,0.23409547,122.6252,161.64923,0.049859628,119.928986,156.35284,0.036576863,124.66096,163.34505,0.09835176,118.97198,144.926,0.15024658
792,117.459785,147.95389,0.22055234,118.04137,159.26256,0.207999,122.788635,156.30045,0.24035129,123.0441,162.12021,0.049869545,118.00617,154.52036,0.03212237,124.981735,163.74657,0.09556882,119.092674,145.1061,0.14156653
793,117.11628,147.76555,0.25361818,117.72813,158.92238,0.20071386,122.75198,155.90584,0.27391884,123.76217,163.04631,0.07405325,118.08333,155.21428,0.0354827,125.692566,164.25594,0.1021917,119.032005,144.94469,0.1256578
794,117.05605,147.82428,0.26327005,117.640724,158.7789,0.20312037,122.69087,155.73047,0.28239122,123.957886,163.30338,0.08096794,118.09782,155.25911,0.039723746,125.86782,164.32988,0.10106897,118.95702,144.87312,0.11806133
795,116.944916,148.04814,0.26372015,117.61655,158.858,0.21135584,122.589264,155.83376,0.28590626,123.84566,163.31136,0.07610718,118.03657,155.08766,0.040921997,125.67447,164.32655,0.09802227,118.787926,144.87589,0.12063175
796,116.81063,148.09479,0.26232725,117.5217,158.8408,0.2093736,122.5178,155.76569,0.2846308,123.73134,163.31816,0.07345147,117.95644,155.03052,0.0423607,125.59312,164.34198,0.09616432,118.670334,144.82175,0.12141309
797,116.829735,148.10085,0.2541197,117.50581,159.02365,0.21678,122.5441,155.90608,0.28549832,123.42559,163.06348,0.06344934,117.914604,155.03226,0.041996997,125.31593,164.22054,0.09456229,118.65961,144.79926,0.1291467
798,116.78926,148.0008,0.24946593,117.47043,159.17502,0.22301123,122.560936,155.98724,0.28840524,114.85924,155.54857,0.060049776,115.09063,158.7033,0.042389695,125.03575,164.06807,0.09323222,118.65647,144.7142,0.13952847
799,116.782585,147.93987,0.25043848,117.4362,159.23337,0.22434072,122.56367,155.96529,0.29147196,114.84974,155.57275,0.06254176,115.139114,158.73878,0.04392634,125.000374,164.06908,0.09332316,118.68202,144.66905,0.14281046
800,116.8002,147.98088,0.2525353,117.43248,159.2221,0.22438414,122.56001,155.96747,0.29183868,114.83015,155.53842,0.061344735,115.12528,158.71713,0.04361221,124.999374,164.07983,0.093741216,118.68242,144.70963,0.1384781
801,116.796906,147.99721,0.24978946,117.46188,159.22539,0.221522,122.537056,155.96307,0.28958052,114.81898,155.42964,0.06042285,115.16372,158.65479,0.042317823,124.96762,164.04845,0.0906716,118.67775,144.68289,0.13700001
802,116.772675,148.0967,0.25223574,117.49465,159.21399,0.22376105,122.50926,155.97746,0.287882,114.80842,155.35777,0.0591478,118.00066,155.04082,0.042471852,124.984375,164.04346,0.09174716,118.640884,144.7186,0.13514526
803,116.73666,148.24881,0.25101575,117.57117,159.28989,0.22720039,122.46631,156.07365,0.285507,114.77476,155.15881,0.06060386,118.079414,154.86275,0.04259109,124.90971,164.0189,0.0899664,118.574814,144.69913,0.14160708
804,116.65155,148.35847,0.2539003,117.59078,159.30118,0.23176934,122.425026,156.10117,0.28657344,114.75765,155.0572,0.062673576,118.11505,154.79802,0.04335916,124.85077,164.01462,0.08996584,118.49103,144.69305,0.14580053
805,116.46803,148.59282,0.26746324,117.6965,159.38667,0.24686117,122.412964,156.28828,0.29553005,114.78526,154.80458,0.070187494,118.265686,154.67805,0.04688781,124.72624,164.01775,0.09195357,118.26462,144.68279,0.16578132
806,116.359695,148.73337,0.29097632,117.61929,159.24843,0.253082,122.40369,156.2104,0.31019264,114.71966,154.57326,0.077205904,118.32105,154.74239,0.05035808,124.910446,164.21136,0.09583997,118.15499,144.76495,0.16786088
807,116.2523,149.20279,0.30037996,117.92085,159.87552,0.29458103,116.024826,160.37456,0.30761835,114.944244,153.9689,0.09972576,118.970604,154.58423,0.06399895,124.38412,163.58434,0.09125058,117.85325,144.66733,0.21911879
808,118.26145,169.88362,0.3125006,118.135735,160.40024,0.30898783,115.908615,160.65196,0.33275583,115.14576,153.58592,0.111327395,119.43871,154.54353,0.067262985,124.11721,162.99774,0.09002744,117.91076,144.60843,0.22928487
809,117.99708,170.05342,0.3224197,118.1375,160.59679,0.31259772,115.83089,160.72945,0.3392382,115.17512,153.49855,0.114144884,117.27936,158.33226,0.06942683,114.31626,147.91873,0.08699028,117.88305,144.47604,0.23704612
810,117.57929,169.80136,0.33260494,118.099525,160.46597,0.3187224,116.093925,160.34032,0.3410131,115.319626,153.91817,0.1084589,117.1893,158.69896,0.07455803,114.55958,148.12619,0.098631725,117.90382,144.57779,0.23264249
811,116.51993,169.2555,0.36459512,118.30561,160.6016,0.34221438,116.36439,159.75912,0.36932978,124.90505,160.90984,0.11863646,125.40309,161.5721,0.12343774,114.95778,148.19974,0.13068804,118.14341,144.53151,0.21954198
812,115.85276,168.64937,0.3794624,118.30732,160.53033,0.3437572,116.78095,157.15839,0.3736503,125.55211,161.30345,0.14081958,125.50517,162.03261,0.14928408,115.28026,148.02205,0.13554114,118.42736,144.5304,0.19942406
813,115.46323,168.46431,0.38892287,118.13907,160.52936,0.34234574,116.836365,157.0001,0.36323726,125.7017,161.61488,0.1503874,125.384384,162.33049,0.15891355,126.54616,160.4914,0.14243706,118.52143,144.57382,0.1769537
814,115.124886,168.26704,0.39438194,117.9319,160.41011,0.33325574,119.185646,156.59387,0.35758674,125.83842,161.7261,0.15436107,125.25775,162.50566,0.16240267,126.8002,160.57846,0.1454431,118.64462,144.64877,0.1551136
815,114.90829,168.16217,0.39861876,117.82205,160.35413,0.33671638,119.17571,156.52939,0.36257714,125.789696,161.79733,0.16034727,125.15901,162.56662,0.16814488,126.78285,160.63367,0.15067583,118.62585,144.63785,0.15138468
816,114.70186,168.03043,0.39984727,117.63347,160.2257,0.33572268,119.231735,156.38994,0.36161184,125.687454,161.91153,0.16279699,124.97664,162.67137,0.16800609,126.823135,160.81352,0.152426,118.64283,144.62712,0.14360544
817,114.45816,167.96321,0.40337104,117.48899,160.182,0.33664986,119.19916,156.3506,0.36138836,125.60679,161.98503,0.16405542,124.862816,162.74261,0.1691477,127.7735,159.98657,0.15205246,118.632454,144.62653,0.13981824
818,114.21156,167.90848,0.40365353,117.31321,160.17792,0.33506736,119.160194,156.3026,0.35599747,125.507866,162.0302,0.16287714,124.7498,162.79817,0.1680275,127.74459,160.1181,0.15005377,118.62715,144.6042,0.1370807
819,114.29076,167.97504,0.40280002,117.24702,160.08798,0.33540478,119.12065,156.32887,0.35721454,125.292,161.98688,0.16439873,124.62096,162.72798,0.1655804,127.670746,160.1791,0.15198684,118.54034,144.51146,0.14023314
820,114.35399,168.08401,0.40389535,117.26627,160.13023,0.33653823,119.06381,156.40558,0.35581708,125.24758,161.90254,0.16427712,124.637825,162.64241,0.16518503,127.631584,160.11232,0.1525868,118.524284,144.48334,0.14397028
821,114.52217,168.27583,0.4017863,117.32661,160.27231,0.3383507,118.98673,156.57076,0.3531258,125.19647,161.82138,0.16426797,124.689415,162.55714,0.1648388,127.565094,160.07132,0.15371019,118.456665,144.4269,0.15184882
822,114.8418,168.4267,0.4016694,117.56529,160.36574,0.35008323,118.936264,156.82164,0.3620386,125.17033,161.66249,0.16864508,124.753784,162.38113,0.16329087,127.46023,159.80527,0.15978438,118.38309,144.41298,0.1683953
823,115.49051,168.40819,0.3841331,117.741135,160.11163,0.35418198,119.11272,156.84872,0.36944273,124.841675,161.56737,0.15955532,124.6803,162.1348,0.1489408,126.096146,160.7794,0.15262817,118.31621,144.37558,0.19027093
824,115.93735,149.1419,0.35875848,117.694954,159.55965,0.3310437,119.50461,156.51384,0.35666293,124.398476,161.21391,0.12332152,124.45013,161.7414,0.10754258,114.88805,147.94012,0.13308568,118.15251,144.35847,0.21293612
825,116.00821,149.2075,0.3481268,117.61222,159.37402,0.29968718,122.10047,156.63362,0.32299134,115.112885,154.78735,0.08983055,118.9194,154.9773,0.07693403,114.58371,147.46248,0.11375193,117.81009,144.27211,0.2273139
826,116.13388,148.9818,0.34029478,117.373856,158.93271,0.26211902,122.358955,156.05356,0.3239408,124.063896,163.24927,0.079649754,118.417435,154.98972,0.06406922,125.40665,163.88771,0.09650309,117.92206,144.38324,0.19776446
827,116.2169,148.88524,0.32226187,117.41047,158.78914,0.24409448,122.32136,155.85289,0.3121164,124.16593,163.3773,0.07602553,118.29797,154.79207,0.05884235,125.581726,164.03548,0.09143493,118.034706,144.43988,0.17562938
828,116.41452,148.72743,0.2833723,117.541306,158.7982,0.22254117,122.22875,155.7293,0.28612843,114.676125,154.88531,0.059017435,118.219604,154.37308,0.05280938,125.28534,164.00356,0.080307186,118.16133,144.42787,0.16020386
829,116.76493,148.37491,0.27807733,117.59058,158.49454,0.19640118,122.226616,155.54771,0.25723788,123.702446,163.04648,0.06625641,117.89806,154.27203,0.0463396,125.370636,164.24431,0.087491795,118.28979,144.8817,0.123026915
830,116.92813,148.1726,0.2495558,117.58084,158.53633,0.1777114,122.216194,155.52292,0.24174167,123.20756,162.79459,0.057884164,117.74427,154.04356,0.036981195,125.12167,164.23715,0.08819684,118.34654,144.99283,0.108929895
831,117.12833,148.34286,0.2368219,117.77501,158.85307,0.184636,122.3031,155.92963,0.23093182,122.98456,162.59805,0.051035203,117.81421,153.85544,0.03435943,124.888405,164.1578,0.0888988,118.492004,145.24098,0.10854111
832,117.36075,148.28558,0.22219585,117.93775,159.14233,0.19053116,122.48507,156.26764,0.22104193,122.70029,162.27356,0.04690275,117.82174,153.85289,0.03363873,124.673164,163.9097,0.09289643,118.64196,145.37347,0.11411032
833,117.79675,148.53532,0.18826406,118.48226,159.69997,0.1814493,117.505486,160.92253,0.19833326,122.891014,162.24416,0.04194542,115.31787,140.06898,0.028728493,124.71414,163.88043,0.084580064,119.15926,145.77492,0.10351827
834,117.904076,148.58496,0.18508221,118.61626,159.90816,0.18632032,117.52916,161.21576,0.21190272,122.77882,161.96506,0.040385015,118.12358,153.23778,0.029439408,124.6089,163.64983,0.084801994,119.17573,145.85112,0.11275019
835,117.77527,148.46765,0.18839262,118.57605,159.84995,0.18620326,117.47748,161.1463,0.20786905,122.94603,161.98341,0.03737668,115.44324,140.07869,0.028377533,124.746826,163.60788,0.08199122,119.220055,145.69087,0.11391849
836,117.657166,148.22037,0.1982823,118.4075,159.67418,0.18943095,117.58189,161.02751,0.20867774,122.99552,161.9818,0.036386568,118.22201,153.8083,0.028320277,124.921005,163.57039,0.08329955,119.19629,145.54248,0.11290164
837,117.69155,148.25972,0.1956685,118.48414,159.74625,0.19062757,117.48847,161.059,0.21066755,123.09637,162.02396,0.034339983,118.36669,153.67603,0.029158657,124.90749,163.59204,0.079885006,119.21775,145.47528,0.11925133
838,117.656715,148.34195,0.19392517,118.61955,159.84753,0.1915028,117.4202,161.0992,0.21162109,123.240204,162.03015,0.033083525,118.52844,153.56714,0.028586775,124.94385,163.5735,0.07782923,119.20988,145.48695,0.12062885
839,117.64532,148.30426,0.19253218,118.60266,159.84846,0.18928313,117.35878,161.13048,0.20889623,123.24668,162.00563,0.031335115,118.511986,153.55847,0.028148932,124.95106,163.55885,0.075735815,119.22261,145.45087,0.121443056
840,117.58785,148.26884,0.19565566,118.56828,159.84804,0.19332096,117.39747,161.12325,0.21308123,123.23239,162.00624,0.032437798,118.50714,153.67587,0.028547695,124.961044,163.53886,0.07771858,119.188156,145.4264,0.1248443
841,117.57507,148.12029,0.19807823,118.4163,159.76091,0.19190931,122.75458,156.71625,0.21693046,123.07993,161.97218,0.033130992,118.37608,153.8595,0.028699702,124.95887,163.51123,0.080075845,119.196434,145.37172,0.12294891
842,117.59042,148.13422,0.19769426,118.42368,159.77206,0.19290201,122.760506,156.7477,0.21670473,123.08035,161.97115,0.032711573,118.37397,153.84113,0.029145626,124.943245,163.51031,0.07946154,119.19812,145.38487,0.12389892
843,117.60366,148.15515,0.19699958,118.46443,159.76186,0.19191821,122.7639,156.70404,0.21361417,123.10308,161.98892,0.033609085,118.39751,153.79713,0.029142957,124.92259,163.52078,0.07950833,119.19272,145.39125,0.12474866
844,117.603165,148.17493,0.19895189,118.42762,159.70387,0.19137661,122.758896,156.70064,0.21322471,123.056145,161.99118,0.03443243,118.332344,153.78183,0.0295462,124.88918,163.53606,0.080006935,119.17078,145.40904,0.124350205
845,117.62581,148.29338,0.19462456,118.54111,159.75801,0.19133976,117.41761,161.095,0.21132015,123.07269,161.95714,0.03469812,118.38266,153.57344,0.02958883,124.82857,163.52196,0.07865292,119.13848,145.45885,0.12841651
846,117.698044,148.2393,0.190967,118.56907,159.70596,0.1865876,117.479095,161.05109,0.20672007,123.084984,161.93535,0.035721593,118.30125,153.54233,0.029310677,124.837326,163.52052,0.07846235,119.179054,145.5031,0.124246605
847,117.81994,148.38191,0.18633251,118.731476,159.83832,0.18570744,117.51347,161.13054,0.20904137,123.1251,161.95543,0.036212064,118.34137,153.28918,0.030005705,124.776794,163.58322,0.07681672,119.21406,145.63075,0.12193273
848,117.977104,148.43153,0.18440153,118.805786,159.85306,0.18532662,117.59922,161.20503,0.2137304,123.07504,161.89899,0.036451258,118.293495,153.16074,0.031941395,124.71759,163.5778,0.075669095,119.23957,145.71596,0.11922865
849,118.16055,148.84627,0.17598726,119.225204,160.09756,0.18333365,117.60818,161.3691,0.21587318,126.878334,163.57495,0.034772243,118.54328,152.61198,0.032842852,124.64266,163.65034,0.06682237,119.33042,145.95306,0.11145749
850,123.63483,166.87166,0.17668973,123.230934,162.38678,0.18852149,117.755585,161.7026,0.23171158,127.05646,163.63005,0.037789214,118.67724,152.23718,0.03384025,124.33678,163.58592,0.06077702,119.39394,146.22452,0.11184698
851,123.860344,166.85971,0.22575322,123.316154,162.3132,0.22143395,117.923615,161.9275,0.26079324,127.09238,163.59431,0.039997775,118.79109,151.8445,0.038524896,123.85556,163.40173,0.062134214,119.28612,146.42867,0.11650663
852,124.17233,166.50237,0.24640071,123.29161,162.16118,0.23350033,118.76112,163.65463,0.27253968,115.11106,154.06757,0.045708537,118.753235,151.71448,0.044624057,123.6867,163.49083,0.0669742,119.262955,146.58514,0.12059348
853,125.02697,166.52074,0.2663374,123.5306,162.17058,0.25067148,121.42464,164.21878,0.30229917,114.96735,154.09262,0.05205668,118.80931,151.61134,0.05130048,123.45316,163.52849,0.07173038,119.348946,146.7221,0.13222328
854,125.05278,166.37024,0.25402963,123.57589,162.15494,0.24262562,121.582924,164.1744,0.2911725,122.88418,161.71329,0.04969472,118.79275,151.6554,0.04837526,123.61651,163.69218,0.069079526,119.40589,146.81352,0.11930202
855,124.9479,166.37527,0.24962385,123.534065,162.1468,0.24007112,121.52162,164.1233,0.28713003,122.875534,161.67609,0.049232297,118.795586,151.72514,0.048062716,123.63619,163.64293,0.06928777,119.34682,146.73242,0.1223348
856,124.92048,166.47827,0.24227439,123.521164,162.17545,0.23388399,119.104324,163.82271,0.28078106,122.866035,161.65128,0.046851095,118.76036,151.67654,0.045972705,123.66404,163.64156,0.06769165,119.35123,146.69543,0.118057236
857,124.12228,166.24089,0.21971242,123.25317,162.084,0.21056212,118.29423,161.55965,0.2553848,126.98215,163.72282,0.041621424,118.64252,151.97812,0.039509583,123.938934,163.71352,0.06444119,119.29309,146.55075,0.10632387
858,123.23853,165.95131,0.1859008,123.11538,162.09303,0.18343492,118.1763,160.95944,0.22604689,126.99426,163.82251,0.040313575,118.64,152.38823,0.035057865,124.50884,163.9249,0.061919563,119.24004,146.393,0.09128131
859,117.94375,148.86006,0.18733644,119.08956,159.56718,0.1796218,117.95229,160.60147,0.20764305,123.479454,162.15268,0.038504403,118.65676,152.69847,0.031896606,124.6933,163.85414,0.06780039,119.13557,145.89386,0.09896642
860,117.537506,148.32765,0.21238805,118.640114,159.05452,0.16620049,122.43487,156.10318,0.19128655,124.01495,162.65767,0.049528595,118.6161,153.3161,0.027633995,125.360016,164.04764,0.07622871,119.016045,145.43925,0.093545206
861,116.721344,147.83052,0.26774165,118.20604,158.1844,0.15826307,120.58657,154.46022,0.23848443,125.00122,163.39713,0.08879766,122.97578,163.35555,0.0448414,126.40817,164.099,0.08481996,118.590385,144.72739,0.09483607
862,116.77584,148.24432,0.27267313,118.32907,158.15567,0.16191831,120.49758,154.5121,0.23990689,125.29263,163.51115,0.089186125,123.26491,163.53008,0.04678993,126.472626,164.03036,0.08265698,118.55292,144.6846,0.09953009
863,116.620605,148.60611,0.2817766,117.46849,153.53072,0.17812544,120.28142,154.62744,0.24970603,125.31606,163.51825,0.085724294,118.975685,153.22726,0.04896264,126.34094,163.95692,0.0802857,118.21867,144.5494,0.114060126
864,116.52554,148.89427,0.28463253,117.53588,153.56654,0.18661804,120.08549,154.6845,0.2517022,125.32823,163.554,0.083678365,118.994865,152.97981,0.050803658,126.28777,163.94034,0.07889682,118.029274,144.46906,0.118769266
865,116.54271,149.08,0.29036838,117.55072,153.70903,0.19586903,120.12697,154.63437,0.26032764,125.60414,163.72462,0.09321072,119.06456,152.92084,0.051774234,126.55137,163.93869,0.0834148,117.98225,144.60493,0.113871515
866,116.58726,149.25562,0.2961665,117.5202,153.84624,0.2067721,120.14475,154.61275,0.27165702,125.752144,163.80573,0.09884972,123.79767,164.01198,0.054136015,126.68523,163.91676,0.08662694,117.956406,144.71529,0.110871606
867,116.603134,149.44478,0.29712346,117.52581,153.88287,0.21198696,120.04981,154.63336,0.27439076,125.835976,163.86086,0.09877188,119.08847,152.63242,0.055060245,126.743866,163.92725,0.08562837,117.864265,144.74075,0.10723001
868,116.55409,149.5553,0.29497826,117.60188,153.87747,0.21334274,119.94928,154.67868,0.27381232,125.83328,163.84273,0.09722976,119.13588,152.48303,0.05506614,126.702835,163.90195,0.08474252,117.76592,144.68942,0.10959468
869,116.54586,149.74318,0.2904055,117.701065,153.8855,0.21275136,117.74256,154.61285,0.2744806,125.892975,163.86633,0.09437293,119.227905,152.25806,0.05562868,126.70344,163.9083,0.08282471,117.69134,144.67007,0.113252036
870,116.53562,149.76471,0.29033852,117.70648,153.88548,0.21311077,117.72153,154.63148,0.27538818,125.8828,163.83118,0.093051136,119.22477,152.22836,0.056009322,126.67295,163.89157,0.08193858,117.679665,144.68306,0.11296848
871,116.48845,149.77066,0.29062942,117.73236,153.84988,0.21345977,117.69797,154.60399,0.2751586,125.87471,163.7989,0.092401825,119.2729,152.17029,0.056594722,126.64514,163.86084,0.08174923,117.61917,144.59435,0.117174126
872,116.493095,149.77411,0.28974178,117.704056,153.86053,0.21538389,117.80387,154.61554,0.2783758,125.79808,163.73378,0.09150129,119.216606,152.15736,0.05635136,126.5571,163.83879,0.081733815,117.580574,144.56699,0.118054405
873,116.526665,149.85957,0.2859261,117.69707,153.85898,0.21681222,117.83044,154.64894,0.2837026,125.71294,163.63547,0.08848868,119.20908,151.98454,0.055913534,126.42595,163.80518,0.080611244,117.52632,144.5723,0.11663622
874,116.5192,149.85844,0.28537118,117.69828,153.84724,0.21834522,117.821075,154.67973,0.28491747,125.69503,163.60898,0.08712671,119.19764,151.95688,0.057014,126.39088,163.79097,0.079806976,117.46833,144.51724,0.121849164
875,116.41368,150.00961,0.29166916,117.71326,153.83495,0.22415641,117.71225,154.64519,0.2872778,125.739555,163.61836,0.08594708,119.2127,151.86119,0.06321142,126.3713,163.7677,0.07873659,117.21454,144.42174,0.13929656
876,116.44077,150.05719,0.2916807,117.6845,153.80261,0.22432049,117.57661,154.65648,0.28553277,125.71744,163.69382,0.0855542,119.12743,151.79404,0.06292838,126.406586,163.84718,0.07777776,117.25546,144.4438,0.13091496
877,118.933174,164.14255,0.28609768,117.75777,153.75504,0.21754675,117.50394,154.63058,0.28124163,125.77495,163.6797,0.08242727,119.24303,151.62714,0.06100982,126.40725,163.83722,0.07513079,117.293816,144.39578,0.12896697
878,119.21485,163.99141,0.27910236,117.79048,153.7614,0.21250154,117.673,154.61246,0.2814352,125.8165,163.61986,0.0836568,119.361885,151.58163,0.05860833,126.38704,163.771,0.07645456,117.374794,144.41704,0.127909
879,116.477745,149.95152,0.28072047,117.788055,153.74376,0.21290115,117.60887,154.56033,0.27747652,125.84328,163.64388,0.08397972,119.36037,151.6719,0.05908974,126.43654,163.77339,0.07614224,117.335365,144.35876,0.1287918
880,116.424545,149.94043,0.28492045,117.75238,153.74048,0.21480095,117.54265,154.54848,0.27668858,125.842636,163.67303,0.08392843,119.31133,151.70065,0.060147226,126.46559,163.79233,0.07571433,117.30921,144.35423,0.12767445
881,116.397675,149.9724,0.2842441,117.75848,153.74908,0.21407054,117.48673,154.59113,0.27538618,125.82139,163.66011,0.08165285,119.30101,151.65791,0.06020859,126.42407,163.80092,0.074215926,117.27554,144.33769,0.12997562
882,116.404915,149.97615,0.28348,117.76581,153.76413,0.21422954,117.45499,154.58267,0.276048,125.835175,163.68394,0.082160875,119.317924,151.63675,0.060162023,126.44637,163.81381,0.07449796,117.28321,144.35858,0.12725647
883,118.97767,164.19414,0.28270784,117.810486,153.78741,0.21286851,117.51427,154.62064,0.27901357,125.83064,163.61424,0.08062783,119.38064,151.60295,0.05989087,126.37893,163.76595,0.07399978,117.24543,144.34064,0.13417193
884,119.12604,164.18881,0.28235087,122.66946,161.4274,0.21095867,117.56393,154.64958,0.27886376,125.81564,163.55075,0.078517996,119.41269,151.47627,0.05911896,126.30789,163.74104,0.07316104,117.25331,144.33595,0.13538314
885,119.165184,164.23117,0.28275803,122.7111,161.42676,0.20956866,117.53563,154.68256,0.27713194,125.80464,163.52495,0.07610081,119.4246,151.35081,0.057535753,126.27865,163.75224,0.07144989,117.31002,144.38348,0.13003822
886,119.21912,164.27037,0.28705776,122.78513,161.40176,0.21409738,117.559814,154.73474,0.28347948,125.80764,163.43976,0.07463561,119.51485,151.27791,0.05671186,126.22921,163.69386,0.07076806,117.37584,144.4703,0.12848306
887,119.1421,164.23843,0.28507212,122.69622,161.41064,0.2103323,117.54827,154.68286,0.27785024,125.79791,163.49922,0.07693324,119.42709,151.443,0.057158012,126.28347,163.71985,0.07212862,117.320786,144.39806,0.1319197
888,119.0619,164.18794,0.28788516,117.82346,153.80621,0.21413413,117.55475,154.67998,0.28121904,125.773056,163.575,0.08032917,119.33028,151.58846,0.060239073,126.31169,163.7576,0.07483759,117.24147,144.37332,0.13900487
889,118.95773,164.24193,0.28861082,117.828606,153.80518,0.21314916,117.450264,154.69325,0.2795946,125.775,163.60307,0.078403346,119.30951,151.52698,0.060092214,126.328186,163.79768,0.07299258,117.236946,144.38095,0.13495658
890,118.88512,164.2087,0.2925782,117.81087,153.80826,0.21854527,117.43616,154.6682,0.2820277,125.75157,163.6403,0.08076966,119.25249,151.62715,0.06189209,126.34099,163.8052,0.074984305,117.20045,144.37714,0.13772306
891,116.44121,150.00098,0.28899276,117.72705,153.79735,0.21889457,117.615585,154.60405,0.27916214,125.82638,163.72906,0.08737234,119.23659,151.78792,0.061786756,126.48173,163.82559,0.07839801,117.29868,144.39183,0.13181034
892,116.438354,150.00581,0.2917586,117.74554,153.81978,0.2217869,117.655014,154.55751,0.28337854,125.87481,163.73079,0.08903722,119.31809,151.80133,0.062503,126.52035,163.80223,0.07950779,117.32279,144.42096,0.13068639
893,116.47145,150.01099,0.28196317,117.80256,153.77539,0.21438998,117.588295,154.66232,0.27972502,125.79011,163.64732,0.08220475,119.327286,151.68251,0.060081728,126.38018,163.81288,0.0753656,117.29819,144.38481,0.13460587
894,119.117966,164.38715,0.2788312,117.819214,153.70973,0.20752177,117.49328,154.76132,0.2731536,125.66761,163.56496,0.07599544,119.27121,151.65488,0.058068473,126.22997,163.8318,0.07219654,117.279144,144.36623,0.13767944
895,119.10179,164.24168,0.28485233,117.815315,153.7956,0.21410474,117.540245,154.74817,0.28099984,125.689224,163.57422,0.077754125,119.25884,151.62769,0.060794264,126.23578,163.80478,0.07352381,117.18974,144.36171,0.14287557
896,119.110405,164.20154,0.28679147,117.80365,153.78876,0.21389224,117.52344,154.74309,0.28070942,125.71507,163.5785,0.077964105,119.25711,151.61359,0.060765255,126.2546,163.79749,0.073591195,117.18624,144.37807,0.14227237
897,119.110695,164.0452,0.2901244,117.79359,153.83525,0.22085385,117.61363,154.69518,0.28837413,125.75802,163.6063,0.08201263,119.263306,151.6489,0.063249834,126.30461,163.76434,0.07649646,117.151115,144.38141,0.1446233
898,119.11467,163.92386,0.29437807,117.780815,153.89597,0.22902629,117.69862,154.71619,0.29658243,125.77434,163.60318,0.08473384,119.24887,151.6922,0.06587124,126.32416,163.72314,0.078388944,117.114746,144.39305,0.14780681
899,119.09145,163.9325,0.29349923,117.7939,153.86194,0.22531135,117.67589,154.66153,0.29193014,125.80367,163.60884,0.08406901,119.28909,151.64912,0.065361224,126.34936,163.7244,0.077657506,117.13749,144.3585,0.1462729
900,119.12053,164.1069,0.2934785,117.83841,153.88644,0.22391374,117.69714,154.75792,0.2934716,125.798546,163.59787,0.081398904,119.34278,151.61182,0.06564145,126.27672,163.74129,0.07600415,117.15364,144.38033,0.15056372
901,119.12722,164.11778,0.29424563,117.853836,153.85037,0.22267115,117.66301,154.74068,0.2924015,125.792076,163.57823,0.08050054,119.348724,151.5489,0.065177545,126.25715,163.718,0.07530515,117.1246,144.34007,0.15092824
902,119.13319,164.05467,0.29175708,117.83428,153.84317,0.22396721,117.67787,154.64229,0.29425958,125.76744,163.58047,0.084720865,119.38895,151.63364,0.061820924,126.33561,163.72072,0.077855885,117.240974,144.40085,0.13534135
903,116.430176,150.00815,0.28529468,117.78533,153.78874,0.21944244,117.59877,154.6122,0.28386843,125.77286,163.65622,0.08497722,119.30007,151.72955,0.059853252,126.41277,163.7946,0.07738641,117.313255,144.39862,0.1284302
904,116.387825,149.95529,0.2898969,117.739296,153.80779,0.22225048,117.641495,154.60847,0.285014,125.74416,163.7197,0.08808484,119.21147,151.87251,0.059890043,126.4604,163.84355,0.07939761,117.316185,144.41368,0.12512107
905,116.33224,150.01216,0.3021689,117.807365,153.92412,0.23429611,117.73698,154.53989,0.2969691,125.88191,163.76111,0.09264576,119.34905,151.94641,0.06581355,126.548904,163.77783,0.08212683,117.29042,144.41753,0.13572668
906,115.52675,149.08801,0.31339476,117.8173,154.01712,0.2433101,117.81915,154.51328,0.30365708,125.97649,163.78735,0.09505354,119.422714,152.08705,0.07077936,126.611084,163.73476,0.08374266,117.26958,144.40112,0.14619982
907,115.438965,149.27702,0.33068356,117.8094,154.22614,0.2582905,119.65515,154.67451,0.31735912,126.03952,163.93588,0.100089826,119.39703,152.47408,0.07743228,126.71798,163.79799,0.08701308,117.30863,144.45248,0.15261759
908,116.107086,150.12103,0.3536637,117.80003,154.58871,0.28408897,119.72028,154.65388,0.35227618,126.30707,164.20096,0.116404824,119.336136,153.01382,0.084404625,126.996216,163.8384,0.09779132,117.51095,144.60068,0.14909828
909,118.093796,159.06401,0.35766327,117.879196,154.75243,0.29832554,119.58261,154.6777,0.3637423,126.48438,164.13705,0.11507512,119.51027,152.86476,0.092835315,114.53497,146.18042,0.096245244,117.48977,144.51166,0.15809178
910,118.02972,159.41557,0.36314693,118.00849,154.8594,0.29333255,117.750984,154.52405,0.36158088,126.47901,164.00801,0.11186568,119.69668,152.78008,0.09302263,114.573105,146.18394,0.10810427,117.410255,144.41566,0.17025049
911,118.05437,159.67268,0.3630065,118.01926,154.93779,0.2880517,117.77431,154.69685,0.36406898,126.34788,163.8606,0.10869382,119.77464,152.82536,0.09214466,114.59926,146.29588,0.11505177,117.41033,144.38867,0.18015708
912,115.75192,150.10184,0.37083817,117.8714,155.07881,0.30944812,119.6478,154.76585,0.3851588,126.59359,164.06741,0.12248865,128.85027,159.55054,0.096921004,114.82859,146.48257,0.1147382,117.66821,144.492,0.16537113
913,117.40888,159.3393,0.38619086,117.832825,155.54857,0.3109257,119.64506,154.94016,0.40459105,126.786705,163.9416,0.13995123,125.26314,162.08539,0.11817927,115.25368,146.74902,0.14144903,117.86905,144.3099,0.16988973
914,116.72218,159.82074,0.40442875,118.31252,159.1105,0.31162235,119.41982,155.23141,0.40860656,127.008446,163.83907,0.15565082,125.50869,162.2395,0.15579568,115.58862,146.83287,0.17013367,118.13032,144.28235,0.15290052
915,116.09916,160.90154,0.4127993,117.8294,159.42331,0.34896162,119.04584,155.22005,0.43836886,126.67024,161.18102,0.19184317,125.33703,162.37015,0.20861553,127.64125,158.14622,0.20202675,118.26346,144.09116,0.12953268
916,114.88003,161.27524,0.4223581,117.34935,159.8429,0.37838042,118.29364,155.44286,0.44657552,125.947945,159.39404,0.21921118,125.38519,162.45686,0.23263152,127.210655,157.84084,0.23535159,117.62349,144.42796,0.107326485
917,111.53972,166.61578,0.43997988,117.13357,160.0992,0.38592058,118.034546,155.81581,0.42388487,125.812904,159.49792,0.21319243,125.270294,162.51851,0.23138234,127.08457,158.03635,0.22964105,117.82246,144.75322,0.10334433
918,111.29027,166.97675,0.44781825,116.91286,160.39752,0.3823187,117.99055,156.06917,0.39153498,125.73064,159.87416,0.19947259,125.226875,162.74419,0.22331765,127.14718,158.59732,0.21449855,118.84857,144.62633,0.10758851
919,110.88473,167.30609,0.45377782,118.399284,163.50456,0.39400408,117.53444,156.34805,0.36849234,125.63944,159.87915,0.191646,125.29538,162.72491,0.22190887,115.87481,147.18222,0.21036138,118.83646,144.59085,0.11245404
920,110.51607,167.56326,0.4480973,118.099464,163.73192,0.40372947,114.99562,158.01773,0.3607978,125.499176,159.9436,0.18164209,125.23012,162.72652,0.21627131,115.85781,147.2944,0.20681094,118.79536,144.48729,0.118724026
921,110.21783,167.6566,0.44255477,117.88645,163.82602,0.40891886,114.738106,158.10213,0.35374796,125.284676,159.9926,0.16996305,125.175766,162.74748,0.21170007,115.82775,147.35057,0.20360073,118.793236,144.45036,0.120939955
922,109.97288,168.00896,0.44084173,117.695366,164.08588,0.4222503,114.328026,158.42418,0.3558909,125.30049,161.35455,0.15829544,125.18919,162.75826,0.20618686,115.719444,147.47382,0.20045309,118.75691,144.34532,0.13288143
923,110.38174,168.18242,0.43673414,117.78788,164.01784,0.4119889,114.49672,158.56902,0.3559255,124.97435,161.44127,0.15559104,124.939926,162.72435,0.20058881,115.46817,147.55573,0.19449008,118.74911,144.30263,0.13667999
924,111.48076,168.49138,0.43306902,116.18908,161.16656,0.3973689,114.79025,158.90738,0.36413634,124.12138,160.73148,0.1836493,124.34111,162.56049,0.19307692,115.034096,147.93625,0.18277958,118.52086,143.98213,0.16110699
925,113.49988,168.84616,0.42708758,116.68683,160.31288,0.38709605,120.00223,157.55878,0.37989652,123.8992,160.9294,0.21446991,123.86386,162.14632,0.1800107,126.41389,159.82697,0.2144742,118.369736,143.67587,0.1898567
926,115.47637,168.82083,0.3939442,116.98347,159.60269,0.37859467,121.42556,157.11754,0.40820417,123.235016,160.82204,0.19238953,123.11144,160.23436,0.1356482,126.95764,160.23668,0.19402735,118.193726,143.57869,0.22911003
927,117.135315,169.60406,0.36970174,117.22259,159.82101,0.3569012,121.45175,157.51276,0.35276094,122.81499,159.98395,0.12397981,118.96724,157.97626,0.10185472,113.79029,147.65625,0.1400572,117.659996,143.67114,0.2658639
928,118.21582,169.37996,0.3303674,117.101364,159.28432,0.30080745,121.98627,156.62895,0.33837986,114.114914,154.27487,0.08636067,118.171005,154.52023,0.08456392,113.5171,147.18245,0.096634306,117.520615,143.91666,0.24997923
929,118.7218,169.68372,0.31121525,117.33056,159.54645,0.29019535,122.06004,156.69884,0.3151265,114.23661,154.02052,0.090391226,118.38699,154.29066,0.080166765,113.41882,147.2545,0.08387434,117.585686,144.01845,0.25222167
930,116.68947,148.88675,0.29608163,117.1821,159.19493,0.2706478,122.22311,156.04305,0.31523094,114.29022,154.36127,0.080794625,118.141235,154.53809,0.07143407,124.15937,163.47516,0.08070837,117.66688,144.02715,0.23119916
931,118.05471,168.2144,0.30148157,117.50036,159.59792,0.28039938,122.04856,156.63274,0.3000057,114.31341,153.87909,0.09345273,118.498535,154.10497,0.075810194,113.34863,147.30339,0.07332771,117.5401,143.99625,0.25163457
932,118.2154,168.39009,0.31044957,117.652885,159.78972,0.28745863,115.53043,160.8145,0.298709,114.33207,153.80258,0.10026768,118.6174,153.93222,0.07862187,113.24921,147.3304,0.07542908,117.47643,144.00557,0.25910535
933,118.32266,168.54036,0.30738312,117.74588,159.89128,0.28466636,115.49974,160.93034,0.30174324,114.38407,153.71146,0.101859555,118.70137,153.81683,0.07777177,113.21557,147.35255,0.07213887,117.48805,143.9956,0.25985548
934,118.46014,168.48376,0.2920638,117.675545,159.76788,0.27677897,115.59135,160.9036,0.29031536,114.3478,153.90572,0.09616077,118.5571,153.93294,0.07357627,123.826004,163.22249,0.06500223,117.549,143.98277,0.2517364
935,118.54919,168.50615,0.28615946,117.65976,159.68721,0.2742815,115.632195,160.88487,0.28821903,114.34873,153.89795,0.09435976,118.54097,153.90742,0.072593905,123.8296,163.19873,0.0648974,117.475784,143.90994,0.24969263
936,118.57569,168.55278,0.283154,117.63288,159.64929,0.2731217,115.617256,160.88667,0.288635,114.30054,153.84177,0.09454283,118.49919,153.86934,0.07321056,123.77915,163.16757,0.06339769,117.40739,143.87729,0.25103682
937,118.60476,168.5201,0.27684572,117.61033,159.60925,0.2713686,122.077385,156.56564,0.28836116,114.33171,153.94528,0.09339204,118.48212,153.97359,0.07197087,123.81977,163.18867,0.0644298,117.435486,143.85968,0.24794792
938,118.64458,168.47214,0.27226323,117.59348,159.54274,0.26857814,122.1238,156.45564,0.28980544,114.326126,153.9681,0.09080822,118.44722,153.98642,0.07034348,123.871544,163.23499,0.06561438,117.478615,143.85852,0.24252088
939,118.75236,168.67854,0.28205785,117.82753,159.7818,0.26824495,115.60666,160.97714,0.2906763,114.41399,153.69218,0.09458283,118.667305,153.64728,0.070550546,123.79124,163.13124,0.059257172,117.486725,143.86517,0.24303648
940,118.8829,168.6312,0.27922672,117.92171,159.75073,0.26008138,115.62259,160.96184,0.28329077,114.44181,153.5615,0.088680185,118.69284,153.43982,0.06616486,123.86531,163.17683,0.058507007,117.59943,143.89551,0.23132685
941,118.94556,168.46101,0.26986706,117.92334,159.60362,0.25154576,115.713455,160.81818,0.2720012,114.461075,153.56923,0.082016855,118.66433,153.40065,0.06208265,124.00556,163.243,0.06028114,117.714645,143.88199,0.21956924
942,118.83404,168.51299,0.26776612,117.89647,159.61375,0.25713456,115.706764,160.85637,0.27748644,114.47157,153.59093,0.08547836,118.67995,153.53755,0.06411147,123.9967,163.24417,0.061006278,117.67092,143.88252,0.22582804
943,119.83334,169.87086,0.26134515,117.69629,159.47644,0.26160988,122.18272,156.3057,0.2857095,114.424995,153.88432,0.09010524,118.57118,153.88403,0.06641407,123.99613,163.28973,0.066332236,117.59337,143.83945,0.23147371
944,119.7538,170.02557,0.26431593,117.701614,159.55626,0.26308414,122.117775,156.46384,0.2851249,114.37958,153.75787,0.09123666,118.58788,153.83678,0.06706085,123.91382,163.25404,0.06332779,117.588684,143.84332,0.2337521
945,119.78825,169.96034,0.26080588,117.684555,159.50764,0.2615823,122.14574,156.31697,0.28510016,114.436005,153.87354,0.090652846,118.595085,153.93713,0.06686349,123.96559,163.26436,0.06531014,117.602776,143.80447,0.23318587
946,118.6656,168.37648,0.26025575,117.706985,159.4556,0.26098785,122.1922,156.22038,0.2851748,114.45826,153.87126,0.089825325,118.592354,153.88342,0.06710829,124.02247,163.25803,0.06709384,117.59672,143.83151,0.23138948
947,119.85042,169.95319,0.2592549,117.72785,159.49185,0.25856543,122.164185,156.32796,0.2824333,114.423836,153.74544,0.08826952,118.59379,153.78865,0.06582933,123.95602,163.22177,0.06336798,117.61064,143.81784,0.22974695
948,118.54428,168.57455,0.27290154,117.83257,159.67657,0.26729277,115.65666,160.81723,0.2882099,114.46744,153.63612,0.09578198,118.755394,153.74554,0.07014274,123.90846,163.17029,0.06265066,117.527405,143.84647,0.2417447
949,118.494545,168.46881,0.27168086,117.78098,159.61876,0.2685738,115.72513,160.7322,0.28611282,114.498886,153.7488,0.09472438,118.734055,153.88364,0.07051492,123.936615,163.19653,0.06516625,117.48341,143.8213,0.24489251
950,119.61829,169.85352,0.2715282,117.746956,159.53076,0.26598972,122.146454,156.46304,0.2886488,114.48049,153.72331,0.0924604,118.68817,153.86191,0.06979052,123.985916,163.23503,0.06559352,117.51277,143.83058,0.2416992
951,118.35559,168.48482,0.29042864,118.00012,159.82864,0.26953897,115.6374,160.73444,0.29322392,114.62697,153.35634,0.09888391,119.01701,153.5371,0.07322631,113.422424,147.29675,0.07011751,117.49663,143.82576,0.25251886
952,118.256805,168.36461,0.30007157,118.1487,159.89397,0.26489326,115.58819,160.63521,0.29052705,114.72005,153.07292,0.09903829,119.16604,153.23534,0.07395904,113.47201,147.14246,0.07460725,117.55236,143.83725,0.25281167
953,118.425995,168.32567,0.29676422,118.246796,159.87573,0.26356965,115.73905,160.59758,0.28951496,114.82489,153.11847,0.09298839,119.200455,153.19327,0.069283456,113.56267,147.1814,0.07112637,117.65681,143.94743,0.24234943
954,118.65592,168.21484,0.28087834,118.28534,159.77512,0.25841498,115.940025,160.52493,0.28142136,114.908195,153.32472,0.08674797,119.16328,153.32167,0.06397513,124.284134,163.22615,0.06561951,117.79265,144.00871,0.22809659
955,118.802414,168.37932,0.28277668,118.35283,159.8995,0.25808,115.878975,160.67526,0.2825213,114.881096,153.2623,0.08601688,119.13296,153.14894,0.063635305,124.228294,163.25095,0.06228154,117.785904,144.02405,0.22711022
956,119.081,167.8088,0.26645395,118.33071,159.57803,0.23459828,116.181915,160.31703,0.25078085,114.85404,153.48055,0.06866215,118.96142,153.00113,0.055846125,124.6686,163.57988,0.061617684,117.86747,144.1095,0.19977407
957,117.05583,148.88008,0.21708383,118.42669,159.18196,0.1992933,122.14424,156.02785,0.22344775,114.88218,153.66605,0.047166992,118.819275,152.62535,0.046708692,125.03998,164.02007,0.054870337,118.151085,144.37057,0.15541512
958,122.01832,165.86528,0.23281235,122.75797,162.36061,0.20778385,117.12022,160.11623,0.21083651,115.10583,153.39076,0.041496027,122.22514,150.97388,0.046372477,124.45944,163.88904,0.054652397,118.21113,144.73763,0.15156792
959,122.946365,165.8384,0.30649623,123.04997,162.07211,0.2650515,120.81712,163.4197,0.29924315,115.14332,153.53656,0.061364148,122.27343,150.5932,0.06948288,123.64079,163.4781,0.06405646,118.10608,145.27448,0.17621744
960,123.8498,165.9631,0.30306935,123.24786,161.98344,0.27182677,120.98277,163.66484,0.32170776,115.02428,153.75034,0.07614254,122.35201,150.45206,0.071982175,110.954506,154.25287,0.067790136,118.21642,145.62094,0.18894115
961,124.5909,166.77109,0.25790542,123.64238,162.30972,0.26132536,121.125,164.14847,0.30083722,114.810844,153.73137,0.07019599,119.12281,151.44833,0.06437442,123.64144,163.1697,0.07062117,118.653854,145.91844,0.16337286
962,126.56111,168.02562,0.2422604,124.824265,163.30084,0.3175294,121.98952,165.39476,0.36534536,114.18444,154.25859,0.1078783,121.227325,154.75479,0.08793717,110.22724,155.12607,0.107545756,118.9976,146.4779,0.14471972
963,128.90523,169.30904,0.271223,124.3003,164.37894,0.4391496,123.50401,166.70113,0.4788332,113.756546,154.47137,0.18073381,122.106224,154.32784,0.1650701,109.71581,156.08095,0.18589489,118.4735,149.75032,0.13047569
964,131.69919,172.5972,0.2711049,125.96995,165.29787,0.43802917,125.84304,167.76843,0.43473178,114.07771,155.50784,0.2070558,123.14044,154.7452,0.20067225,122.428665,163.11163,0.21897161,117.79026,153.35959,0.18292621
965,133.43701,172.71962,0.30047187,129.76219,165.52467,0.4153022,128.05772,169.38168,0.40438658,120.65478,163.01694,0.22585636,123.16834,155.3285,0.21852084,122.59476,165.17493,0.21971744,118.29098,156.50005,0.13012846
966,135.07542,170.7199,0.36830717,130.31932,167.4797,0.39975128,130.9986,170.99117,0.40279907,121.306206,164.93121,0.22723536,123.10084,156.23212,0.22138573,118.28187,167.78572,0.1995099,119.896614,161.2705,0.12343676
967,138.38393,172.67464,0.4261439,133.14528,167.66098,0.43228695,134.80365,171.66333,0.38139352,125.02954,168.90129,0.2448304,126.04386,163.8603,0.2647863,123.55971,171.46587,0.18748143,120.28784,162.48575,0.16223477
968,143.12886,170.96884,0.48746473,134.64658,169.02122,0.4895258,137.9589,174.38608,0.45017087,129.3689,170.72336,0.2384631,128.98468,168.42078,0.28025416,128.14159,173.284,0.19257864,121.59665,164.21729,0.17006719
969,145.83466,170.90236,0.5450987,136.64641,170.355,0.54027396,141.1639,175.03743,0.5419471,131.70998,172.0364,0.33778068,131.06339,169.77774,0.35666728,131.30048,174.49573,0.2690848,120.72023,164.8683,0.12810448
970,148.96042,171.10684,0.55106294,138.05827,170.58978,0.41926244,144.01624,174.61511,0.38834372,135.43066,174.32024,0.3559366,134.83104,172.25575,0.32609963,136.28442,175.23631,0.3470587,136.44647,176.39095,0.16361994
971,151.55125,170.85359,0.58727914,142.66411,170.96944,0.42372024,147.91142,174.34567,0.36266,138.19482,174.7282,0.38371408,136.90474,172.23026,0.38578704,138.75821,176.06694,0.34453842,137.21327,176.57602,0.17576589
972,153.76897,170.2671,0.465439,144.87123,170.73334,0.39389378,149.89499,173.7429,0.345108,141.69101,174.21567,0.28662607,140.39789,170.65112,0.3002184,141.83904,176.87502,0.2450086,136.64682,176.01706,0.14549987
973,154.71861,170.33337,0.2922887,146.43243,170.5267,0.29947317,150.80064,172.79161,0.2884939,146.5494,174.14113,0.21305196,144.5465,172.74489,0.20882611,146.65524,175.90898,0.145489,136.47697,174.81157,0.10924236
974,159.28876,171.86351,0.2767343,149.00517,171.63353,0.29664603,152.28073,173.83937,0.29319328,147.05618,173.9185,0.20966528,145.15173,171.86238,0.21516296,146.70255,176.28212,0.13855927,136.51117,174.28845,0.14520192
975,160.43845,171.75601,0.3255827,150.68849,171.79498,0.33064738,153.98116,174.0134,0.3052224,147.97836,174.39674,0.22359747,145.79857,171.74005,0.23215349,150.61104,175.25078,0.1493619,148.03954,174.36787,0.14162093
976,164.10677,171.92288,0.31918374,150.79955,171.15941,0.29929063,157.46811,174.42204,0.22962849,150.80765,175.07115,0.19652371,148.15428,173.1942,0.20517448,154.02798,174.37515,0.13475208,151.25894,175.04752,0.13734484
977,165.61499,171.73001,0.35850266,150.85823,171.71645,0.28851476,160.57217,174.95209,0.23521376,155.62027,175.09341,0.18788184,150.43845,174.69711,0.18518582,156.88235,174.24086,0.14755234,153.63824,176.38435,0.13717519
978,166.44466,171.58356,0.36526045,151.28882,171.7862,0.30112517,161.08044,174.85149,0.249619,156.43736,175.37915,0.19691081,151.22536,174.80156,0.19058667,157.69554,174.52652,0.16371112,153.7974,176.78084,0.14078954
979,166.77817,171.24763,0.38725284,152.44193,171.42635,0.3130825,161.3473,174.40977,0.27640298,156.9232,175.60493,0.19561161,151.605,174.3816,0.1998902,158.1476,175.2267,0.17386855,153.1583,176.80696,0.13999724
980,167.85254,170.73216,0.4268181,154.10437,171.0044,0.35105586,162.05109,173.8428,0.32290775,157.61424,175.3115,0.22896186,153.06096,173.40538,0.22773688,157.965,175.62332,0.21047619,148.96861,177.45604,0.16286036
981,168.13878,170.71864,0.43611336,154.5495,170.97322,0.37155092,162.18237,173.68758,0.33381402,157.68721,175.2443,0.25266844,153.40591,173.46132,0.24089435,157.80066,175.43004,0.2315389,149.31049,177.42168,0.16846201
982,168.46445,170.76422,0.43750173,154.83,170.9826,0.37879255,162.37451,173.57106,0.33731484,157.84544,175.18167,0.268841,153.71722,173.53763,0.24523854,157.87968,175.25304,0.24647935,149.65054,177.41072,0.17679018
983,169.34665,170.65013,0.44326475,155.28235,170.916,0.39454204,163.65742,175.11078,0.35019362,157.88695,175.04367,0.31017935,154.32373,173.31236,0.26975766,157.73375,175.22366,0.2694389,150.05344,177.24762,0.19385737
984,169.35674,170.61916,0.45890838,158.73276,170.77422,0.3990287,163.75636,175.02637,0.36528367,157.93839,175.18816,0.30991244,155.69392,173.6516,0.26560873,157.90198,175.6755,0.26185554,150.1404,176.96622,0.1979521
985,168.63564,170.50319,0.4615278,158.38423,170.79102,0.39716023,163.48965,174.77779,0.3641246,158.08208,175.32664,0.28906894,155.6375,173.73186,0.2495951,158.17471,175.95242,0.24335477,150.17775,176.70554,0.18901713
986,167.91223,170.35146,0.46909082,158.30688,170.69844,0.40580902,162.1889,173.01906,0.36586037,158.02388,175.48495,0.27441975,153.91333,173.24779,0.24217622,158.27972,176.30518,0.2271826,150.38039,176.60855,0.1735137
987,167.09207,170.26146,0.414272,155.35498,170.98242,0.3948256,161.66849,172.64703,0.33722278,158.4183,175.61424,0.25846687,155.5024,174.10155,0.22442468,158.81349,176.09755,0.21393396,152.04057,176.58725,0.14169632
988,166.49901,170.216,0.37198225,154.85028,171.2006,0.39170602,161.21915,172.50616,0.31622076,158.62933,175.97688,0.25193593,155.32672,174.64032,0.21309368,159.35767,176.294,0.20725852,219.55078,26.023224,0.14558128
989,166.56665,170.1177,0.38176167,154.99236,171.0121,0.38770288,161.48895,172.74803,0.32902864,158.0603,176.18172,0.2476848,153.30328,174.28148,0.22029103,159.2096,177.08377,0.19956896,151.41447,176.85086,0.13836116
990,166.561,169.83955,0.3985628,155.22536,170.66661,0.37594032,161.9268,172.8929,0.35184172,157.54321,176.44405,0.2442532,152.53735,173.8461,0.24263977,159.30667,178.09195,0.18743217,221.2166,25.97791,0.14620867
991,166.03755,169.7534,0.37697476,155.14772,170.78156,0.38227805,161.66452,172.71669,0.34723243,157.56192,176.72954,0.2411323,152.43288,174.23328,0.23779266,159.60892,178.29245,0.1818498,221.12187,26.171492,0.18693776
992,165.32687,169.69522,0.32406226,154.89507,171.18759,0.38268474,161.3036,172.24979,0.31373742,158.28386,176.9005,0.22115684,152.84724,175.09818,0.19583589,160.36993,177.76065,0.16550496,216.2771,26.66164,0.18549976
993,164.74149,169.32123,0.3138537,154.90189,170.9724,0.38180044,161.30399,171.6305,0.30398422,158.79187,176.50087,0.18971106,153.20622,175.18326,0.16994086,160.7254,177.08955,0.15022331,152.17064,176.69354,0.1125304
994,165.13232,168.93953,0.37134686,155.07025,170.21002,0.41437498,161.49751,171.55302,0.36805335,157.99454,176.13307,0.2392894,152.86674,174.46854,0.23070076,159.79947,176.93378,0.19261467,151.57768,176.84996,0.13035066
995,164.73978,168.69914,0.37714162,155.05682,169.96387,0.415118,161.43507,171.49571,0.37841335,157.60469,176.01257,0.2409686,152.51907,174.16655,0.23779343,159.5309,177.11359,0.19085279,151.20923,176.69324,0.13084699
996,164.08261,168.55702,0.3464179,154.60535,169.93863,0.42536792,160.99855,171.50642,0.3780827,157.14021,176.10452,0.24728005,152.22066,174.19597,0.22216724,159.33623,177.30048,0.19325192,150.9619,176.37314,0.13324502
997,163.97562,168.4176,0.34559265,154.55118,169.79303,0.43544465,160.81696,171.4166,0.39309734,156.92271,176.00902,0.26825622,152.13869,174.14172,0.23170951,158.98528,177.12793,0.2145705,150.89333,176.29279,0.14027518
998,164.09256,167.38914,0.36929867,154.75694,169.51112,0.43649414,160.83992,171.35295,0.4140587,156.70108,175.82895,0.29531074,152.07231,173.86923,0.25264427,158.62108,177.05956,0.23820506,150.82115,176.3386,0.14906506
999,164.1319,167.03146,0.38610986,154.76988,169.27115,0.43693903,160.77158,171.18843,0.42352164,156.65852,175.49985,0.31536528,152.22931,173.57213,0.26218432,158.43718,176.71588,0.2574615,150.89346,176.25026,0.15905628
1000,163.92456,167.0973,0.35823452,154.81082,169.50908,0.43824205,160.79027,171.26225,0.41397953,156.64117,175.7788,0.3015926,152.06696,173.77821,0.24788156,158.63779,176.8954,0.24201307,151.09796,175.99323,0.15238573
1001,147.3706,171.49318,0.29523963,153.84381,170.98318,0.45317504,159.1722,171.37125,0.37105548,156.58994,176.92625,0.29451582,152.16653,175.31973,0.23214269,158.6601,177.14523,0.2387861,151.9196,175.63867,0.13985303
1002,163.46455,169.60283,0.19462647,154.22176,171.66997,0.28039256,160.44374,173.06625,0.26018453,154.59671,176.08015,0.17930764,151.34361,174.90717,0.16373688,153.5421,176.64175,0.1636389,150.32504,175.39342,0.16605566
1003,149.46092,171.68971,0.1294467,154.40395,171.75948,0.18906966,160.56975,173.16867,0.1630179,154.5191,175.67267,0.14842597,151.87679,173.93999,0.13710436,153.02512,176.78491,0.1502818,149.78615,175.2692,0.20359267
1004,149.87389,170.73338,0.11403804,154.32976,171.58353,0.15979685,160.68222,172.9867,0.14183569,154.40001,175.5896,0.13661525,151.81837,173.90584,0.12945983,153.02554,176.548,0.13698347,149.75027,175.47218,0.20280558
1005,148.83162,171.71156,0.15327767,154.42334,171.49765,0.20331514,160.67995,172.85841,0.1721088,154.44774,175.94301,0.16576739,151.6884,174.62671,0.15765782,153.18515,176.28113,0.15809453,150.14479,175.72229,0.17775851
1006,160.7622,168.22046,0.17021056,154.55724,171.24715,0.22442806,160.78072,172.87479,0.20342766,154.21446,176.24432,0.18135951,151.31485,174.7138,0.18120082,155.288,79.41187,0.23487514,150.0683,175.85887,0.16873868
1007,161.0852,167.87515,0.14164248,154.43413,171.00752,0.1771564,161.07054,172.97232,0.18463412,144.69324,83.53308,0.17012773,131.26915,80.84947,0.17726925,154.45462,79.821304,0.2064131,149.29582,175.89912,0.18614584
