scorer,Unnamed: 1_level_0,Unnamed: 2_level_0,Andrew,Andrew,Andrew,Andrew,Andrew,Andrew,Andrew,Andrew,Andrew,Andrew,Andrew,Andrew,Andrew,Andrew
bodyparts,Unnamed: 1_level_1,Unnamed: 2_level_1,Nose,Nose,Left_Ear,Left_Ear,Right_Ear,Right_Ear,Body_Center,Body_Center,Left_Body,Left_Body,Right_Body,Right_Body,Tail_Base,Tail_Base
coords,Unnamed: 1_level_2,Unnamed: 2_level_2,x,y,x,y,x,y,x,y,x,y,x,y,x,y
labeled-data,P20221101_Video,frame_00000.png,122.71547665474368,177.18092262926834,122.59752783238602,169.86809564309394,116.5821378921458,171.75527680081632,117.17188200393404,159.9603945650512,122.24368136531304,159.4885992756206,111.39238970840913,160.1962922097665,115.99239378035752,144.3911500138412
labeled-data,P20221101_Video,frame_00001.png,122.71547665474368,177.18092262926834,122.59752783238602,169.86809564309394,116.5821378921458,171.75527680081632,117.17188200393404,159.9603945650512,122.24368136531304,159.4885992756206,111.39238970840913,160.1962922097665,115.99239378035752,144.3911500138412
labeled-data,P20221101_Video,frame_00002.png,122.71547665474368,177.18092262926834,122.59752783238602,169.86809564309394,116.5821378921458,171.75527680081632,117.17188200393404,159.9603945650512,122.24368136531304,159.4885992756206,111.39238970840913,160.1962922097665,115.99239378035752,144.3911500138412
labeled-data,P20221101_Video,frame_00003.png,122.71547665474368,177.18092262926834,122.59752783238602,169.86809564309394,116.5821378921458,171.75527680081632,117.17188200393404,159.9603945650512,122.24368136531304,159.4885992756206,111.39238970840913,160.1962922097665,115.99239378035752,144.3911500138412
labeled-data,P20221101_Video,frame_00004.png,122.71547665474368,177.18092262926834,122.59752783238602,169.86809564309394,116.5821378921458,171.75527680081632,117.17188200393404,159.9603945650512,122.24368136531304,159.4885992756206,111.39238970840913,160.1962922097665,115.99239378035752,144.3911500138412
labeled-data,P20221101_Video,frame_00005.png,122.71547665474368,177.18092262926834,122.59752783238602,169.86809564309394,116.5821378921458,171.75527680081632,117.17188200393404,159.9603945650512,122.24368136531304,159.4885992756206,111.39238970840913,160.1962922097665,115.99239378035752,144.3911500138412
labeled-data,P20221101_Video,frame_00006.png,122.71547665474368,177.18092262926834,122.59752783238602,169.86809564309394,116.5821378921458,171.75527680081632,117.17188200393404,159.9603945650512,122.24368136531304,159.4885992756206,111.39238970840913,160.1962922097665,115.99239378035752,144.3911500138412
labeled-data,P20221101_Video,frame_00007.png,122.71547665474368,177.18092262926834,122.59752783238602,169.86809564309394,116.5821378921458,171.75527680081632,117.17188200393404,159.9603945650512,122.24368136531304,159.4885992756206,111.39238970840913,160.1962922097665,115.99239378035752,144.3911500138412
labeled-data,P20221101_Video,frame_00008.png,122.71547665474368,177.18092262926834,122.59752783238602,169.86809564309394,116.5821378921458,171.75527680081632,117.17188200393404,159.9603945650512,122.24368136531304,159.4885992756206,111.39238970840913,160.1962922097665,115.99239378035752,144.3911500138412
labeled-data,P20221101_Video,frame_00009.png,122.71547665474368,177.18092262926834,122.59752783238602,169.86809564309394,116.5821378921458,171.75527680081632,117.17188200393404,159.9603945650512,122.24368136531304,159.4885992756206,111.39238970840913,160.1962922097665,115.99239378035752,144.3911500138412
labeled-data,P20221101_Video,frame_00010.png,122.71547665474368,177.18092262926834,122.59752783238602,169.86809564309394,116.5821378921458,171.75527680081632,117.17188200393404,159.9603945650512,122.24368136531304,159.4885992756206,111.39238970840913,160.1962922097665,115.99239378035752,144.3911500138412
labeled-data,P20221101_Video,frame_00011.png,122.71547665474368,177.18092262926834,122.59752783238602,169.86809564309394,116.5821378921458,171.75527680081632,117.17188200393404,159.9603945650512,122.24368136531304,159.4885992756206,111.39238970840913,160.1962922097665,115.99239378035752,144.3911500138412
labeled-data,P20221101_Video,frame_00012.png,121.62163729700474,176.5833086428379,122.57310320587852,170.18219457617198,115.81290081693568,171.34679162136348,117.65827160060944,160.31486562096435,122.55753460105632,160.97177058936674,111.00683279845452,160.597411631853,114.9612276004376,144.42494724472525
labeled-data,P20221101_Video,frame_00013.png,121.4664145485207,176.5056972685959,122.57310320587852,169.79948486663432,115.81290081693568,171.15543676659468,117.91009800524594,159.8741694128505,123.03592173797836,160.30202859767587,111.10251022583893,159.92766964016215,114.9612276004376,144.42494724472525
labeled-data,P20221101_Video,frame_00014.png,121.4664145485207,175.8848062746598,122.57310320587852,169.79948486663432,116.38696538124212,170.96408191182584,117.91009800524594,159.8741694128505,123.03592173797836,160.30202859767587,111.10251022583893,159.92766964016215,115.1655035050698,144.42494724472525
labeled-data,P20221101_Video,frame_00015.png,121.4664145485207,175.8848062746598,122.57310320587852,168.74703316540584,114.66477168832276,169.52892050105973,117.65827160060944,159.18164680010017,122.94024431059395,159.91931888813826,110.14573595199484,159.83199221277772,115.31871043354391,144.42494724472525
labeled-data,P20221101_Video,frame_00016.png,121.4664145485207,175.80719490041778,122.57310320587852,169.79948486663432,115.90857824432008,170.67704962967264,117.65827160060944,157.73364497344036,122.94024431059395,158.57983490475655,111.19818765322331,160.11902449493095,115.31871043354391,144.42494724472525
labeled-data,P20221101_Video,frame_00017.png,121.31119180003668,175.80719490041778,122.57310320587852,169.4167751570967,115.90857824432008,170.67704962967264,117.65827160060944,158.61503738966806,122.94024431059395,159.3452543238318,111.19818765322331,159.73631478539332,115.31871043354391,144.42494724472525
labeled-data,P20221101_Video,frame_00018.png,122.24252829094084,176.35047452011187,122.57310320587852,169.79948486663432,116.48264280862654,171.05975933921025,117.65827160060944,158.61503738966806,123.03592173797836,159.153899469063,111.10251022583893,159.06657279370245,115.31871043354391,144.42494724472525
labeled-data,P20221101_Video,frame_00019.png,122.0873055424568,176.35047452011187,122.57310320587852,169.79948486663432,116.48264280862654,171.72950133090112,117.65827160060944,158.61503738966806,123.03592173797836,159.153899469063,111.10251022583893,159.06657279370245,115.31871043354391,144.42494724472525
labeled-data,P20221101_Video,frame_00020.png,122.0096941682148,176.42808589435387,123.24284519756937,169.99083972140315,117.05670737293298,171.05975933921025,117.65827160060944,158.61503738966806,123.03592173797836,159.153899469063,111.10251022583893,159.06657279370245,115.31871043354391,144.42494724472525
labeled-data,P20221101_Video,frame_00021.png,121.93208279397278,176.5056972685959,122.95581291541616,169.99083972140315,116.57832023601094,171.72950133090112,117.65827160060944,158.61503738966806,123.03592173797836,158.9625446142942,111.10251022583893,158.3968308020116,115.31871043354391,144.42494724472525
labeled-data,P20221101_Video,frame_00022.png,121.54402592276271,177.04897688829,123.33852262495378,169.99083972140315,116.57832023601094,171.34679162136348,117.65827160060944,158.61503738966806,123.03592173797836,158.9625446142942,110.43276823414806,158.3968308020116,115.31871043354391,144.42494724472525
labeled-data,P20221101_Video,frame_00023.png,120.84552355458462,177.04897688829,122.57310320587852,171.04329142263165,115.62154596216686,171.34679162136348,117.65827160060944,158.61503738966806,123.03592173797836,158.9625446142942,110.81547794368568,158.01412109247397,115.31871043354391,144.42494724472525
labeled-data,P20221101_Video,frame_00024.png,120.30224393489054,176.73853139132194,122.57310320587852,171.04329142263165,115.62154596216686,171.34679162136348,117.65827160060944,158.61503738966806,123.03592173797836,158.9625446142942,110.81547794368568,158.68386308416484,115.31871043354391,144.42494724472525
labeled-data,P20221101_Video,frame_00025.png,119.91418706368049,177.35942238525803,122.57310320587852,171.42600113216926,115.23883625262924,171.72950133090112,117.65827160060944,160.0630392163279,123.03592173797836,158.9625446142942,111.19818765322331,160.5017342044686,115.31871043354391,144.42494724472525
labeled-data,P20221101_Video,frame_00026.png,118.8276278242923,177.35942238525803,122.95581291541616,171.33032370478486,114.56909426093836,172.39924332259196,117.65827160060944,160.0630392163279,123.03592173797836,160.68473830721354,110.9111553710701,159.83199221277772,115.52298633817612,144.8334990539896
labeled-data,P20221101_Video,frame_00027.png,117.89629133338818,178.6012043731302,121.61632893203443,173.33954967985744,114.7604491157072,173.06898531428283,117.72122820176858,161.44808444182854,122.84456688320957,162.50260942751726,111.19818765322331,160.31037934969976,115.52298633817612,145.19098188709592
labeled-data,P20221101_Video,frame_00028.png,117.43062308793613,178.6012043731302,121.3292966498812,173.33954967985744,114.7604491157072,173.06898531428283,117.72122820176858,161.44808444182854,123.03592173797836,162.8853191370549,111.19818765322331,160.31037934969976,115.8804691712824,145.75274062483442
labeled-data,P20221101_Video,frame_00029.png,118.36195957884024,178.6012043731302,121.71200635941884,173.33954967985744,114.66477168832276,173.64304987858927,117.72122820176858,161.44808444182854,123.03592173797836,162.8853191370549,111.19818765322331,160.31037934969976,116.03367609975656,145.54846472020222
labeled-data,P20221101_Video,frame_00030.png,118.20673683035622,178.6012043731302,121.1379417951124,173.1481948250886,114.7604491157072,173.26034016905163,117.72122820176858,161.44808444182854,123.03592173797836,162.50260942751726,111.38954250799212,160.31037934969976,116.03367609975656,145.54846472020222
labeled-data,P20221101_Video,frame_00031.png,118.20673683035622,178.6012043731302,121.99903864157208,173.1481948250886,114.7604491157072,173.26034016905163,117.72122820176858,161.44808444182854,123.03592173797836,161.83286743582642,111.86792964491418,160.98012134139063,116.03367609975656,145.54846472020222
labeled-data,P20221101_Video,frame_00032.png,118.20673683035622,178.6012043731302,120.94658694034358,173.1481948250886,114.7604491157072,173.26034016905163,117.72122820176858,159.8741694128505,122.84456688320957,160.4933834524447,111.38954250799212,159.25792764847128,116.03367609975656,145.54846472020222
labeled-data,P20221101_Video,frame_00033.png,117.89629133338818,178.6012043731302,121.3292966498812,173.1481948250886,114.7604491157072,173.26034016905163,117.72122820176858,160.56669202560084,123.13159916536276,160.7804157345979,111.38954250799212,160.31037934969976,116.03367609975656,145.54846472020222
labeled-data,P20221101_Video,frame_00034.png,117.89629133338818,178.6012043731302,121.3292966498812,172.76548511555097,114.7604491157072,173.26034016905163,117.72122820176858,160.56669202560084,123.13159916536276,161.45015772628878,111.38954250799212,160.31037934969976,116.03367609975656,145.54846472020222
labeled-data,P20221101_Video,frame_00035.png,118.8276278242923,178.6012043731302,121.90336121418764,171.7130334143225,114.37773940616955,172.30356589520756,117.72122820176858,160.56669202560084,123.13159916536276,161.45015772628878,111.29386508060772,160.31037934969976,116.03367609975656,145.54846472020222
labeled-data,P20221101_Video,frame_00036.png,118.8276278242923,177.66986788222607,121.71200635941884,170.37354943094078,114.37773940616955,171.6338239035167,117.72122820176858,160.56669202560084,122.94024431059395,161.06744801675114,111.29386508060772,159.92766964016215,116.03367609975656,145.54846472020222
labeled-data,P20221101_Video,frame_00037.png,119.3709074439864,176.5833086428379,121.80768378680324,170.37354943094078,114.37773940616955,171.6338239035167,117.72122820176858,159.43347320473666,122.94024431059395,160.20635117029147,111.29386508060772,159.25792764847128,116.03367609975656,145.54846472020222
labeled-data,P20221101_Video,frame_00038.png,119.3709074439864,176.42808589435387,123.14716777018496,169.70380743924994,113.42096513232548,170.77272705705704,117.91009800524594,160.125995817487,122.94024431059395,160.20635117029147,111.29386508060772,159.25792764847128,115.82940019512438,145.54846472020222
labeled-data,P20221101_Video,frame_00039.png,120.45746668337456,176.04002902314383,122.28607092372528,169.70380743924994,113.89935226924752,170.77272705705704,117.65827160060944,159.5593864070549,122.27050231890313,159.72796403336943,111.38954250799212,159.92766964016215,115.82940019512438,145.19098188709592
labeled-data,P20221101_Video,frame_00040.png,120.84552355458462,176.04002902314383,122.47742577849412,169.32109772971228,114.951803970476,170.77272705705704,117.65827160060944,159.5593864070549,122.84456688320957,159.72796403336943,111.38954250799212,158.87521793893364,115.52298633817612,145.19098188709592
labeled-data,P20221101_Video,frame_00041.png,121.69924867124676,176.04002902314383,122.66878063326293,169.32109772971228,115.33451368001364,171.15543676659468,117.65827160060944,159.5593864070549,122.65321202844072,159.53660917860063,111.86792964491418,159.73631478539332,115.52298633817612,145.19098188709592
labeled-data,P20221101_Video,frame_00042.png,122.55297378790888,177.281811011016,122.66878063326293,169.32109772971228,116.48264280862654,171.82517875828552,117.91009800524594,159.68529960937315,123.13159916536276,160.11067374290707,111.48521993537656,160.02334706754655,115.52298633817612,145.19098188709592
labeled-data,P20221101_Video,frame_00043.png,123.01864203336096,176.04002902314383,123.33852262495378,169.6081300118655,117.2480622277018,172.20788846782315,118.3507942133598,160.25190901980525,122.94024431059395,160.97177058936674,111.77225221752975,160.4060567770842,115.6251242904922,145.19098188709592
labeled-data,P20221101_Video,frame_00044.png,124.10520127274911,175.10869253223967,123.625554907107,169.03406544755907,118.97025592062111,172.87763045951402,118.3507942133598,159.8741694128505,122.74888945582516,160.30202859767587,111.29386508060772,160.6930890592374,115.21657248122784,145.19098188709592
labeled-data,P20221101_Video,frame_00045.png,124.95892638941125,175.10869253223967,123.625554907107,168.3643234558682,119.92703019446522,172.87763045951402,118.3507942133598,159.8741694128505,122.74888945582516,159.63228660598503,112.059284499683,160.6930890592374,115.21657248122784,145.03777495862178
labeled-data,P20221101_Video,frame_00046.png,124.8037036409272,175.10869253223967,124.00826461664464,168.3643234558682,120.59677218615607,172.87763045951402,118.3507942133598,159.8741694128505,122.74888945582516,159.63228660598503,112.059284499683,163.27637959861642,114.39946886269912,145.293119839412
labeled-data,P20221101_Video,frame_00047.png,126.0454856287994,173.3236309246734,124.39097432618226,167.59890403679296,120.59677218615607,172.01653361305432,118.60262061799628,159.43347320473666,122.74888945582516,158.9625446142942,112.72902649137384,163.27637959861642,114.7058827196474,145.03777495862178
labeled-data,P20221101_Video,frame_00048.png,126.0454856287994,173.3236309246734,124.48665175356668,167.59890403679296,120.59677218615607,172.01653361305432,118.60262061799628,159.43347320473666,122.74888945582516,158.9625446142942,112.72902649137384,163.27637959861642,115.0633655527537,145.03777495862178
labeled-data,P20221101_Video,frame_00049.png,126.35593112576746,173.09079680194736,123.91258718926022,167.59890403679296,120.97948189569372,172.39924332259196,118.60262061799628,159.43347320473666,122.74888945582516,158.9625446142942,113.49444591044912,163.85044416292288,114.85908964812153,145.03777495862178
labeled-data,P20221101_Video,frame_00050.png,126.51115387425148,173.09079680194736,125.15639374525752,166.9291620451021,121.17083675046251,172.39924332259196,118.60262061799628,158.55208078850893,123.13159916536276,158.9625446142942,112.059284499683,160.21470192231536,114.29733091038304,145.03777495862178
labeled-data,P20221101_Video,frame_00051.png,125.65742875758934,173.09079680194736,124.6780066083355,166.9291620451021,120.40541733138726,172.39924332259196,118.60262061799628,158.55208078850893,123.13159916536276,158.9625446142942,112.059284499683,159.54495993062451,114.39946886269912,145.24205086325395
labeled-data,P20221101_Video,frame_00052.png,124.33803539547516,173.40124229891543,124.6780066083355,166.9291620451021,118.20483650154588,170.67704962967264,117.91009800524594,158.55208078850893,122.74888945582516,158.9625446142942,111.38954250799216,159.54495993062451,114.60374476733128,145.24205086325395
labeled-data,P20221101_Video,frame_00053.png,123.79475577578106,173.40124229891543,124.00826461664464,166.9291620451021,117.535094509855,170.67704962967264,117.65827160060944,158.55208078850893,122.84456688320957,158.9625446142942,111.48521993537656,159.54495993062451,114.60374476733128,145.24205086325395
labeled-data,P20221101_Video,frame_00054.png,123.79475577578106,173.40124229891543,124.00826461664464,166.9291620451021,116.86535251816416,170.00730763798177,117.65827160060944,158.55208078850893,122.84456688320957,158.9625446142942,110.71980051630128,158.2054759472428,114.60374476733128,145.24205086325395
labeled-data,P20221101_Video,frame_00055.png,123.87236715002308,174.4878015383036,123.72123233449142,166.9291620451021,116.86535251816416,170.00730763798177,117.65827160060944,158.55208078850893,122.84456688320957,158.9625446142942,111.29386508060772,159.54495993062451,114.60374476733128,145.24205086325395
labeled-data,P20221101_Video,frame_00056.png,123.25147615608698,174.4878015383036,123.72123233449142,167.59890403679296,116.86535251816416,170.1986624927506,117.65827160060944,158.55208078850893,122.84456688320957,158.9625446142942,111.29386508060772,158.68386308416484,114.60374476733128,145.24205086325395
labeled-data,P20221101_Video,frame_00057.png,122.63058516215088,173.09079680194736,123.72123233449142,167.59890403679296,116.86535251816416,170.1986624927506,117.65827160060944,158.55208078850893,122.84456688320957,158.9625446142942,111.29386508060772,158.3011533746272,114.60374476733128,145.24205086325395
labeled-data,P20221101_Video,frame_00058.png,121.62163729700474,173.09079680194736,123.33852262495378,167.59890403679296,115.33451368001364,170.1986624927506,117.65827160060944,158.55208078850893,122.84456688320957,158.9625446142942,110.71980051630128,157.53573395555193,114.60374476733128,145.24205086325395
labeled-data,P20221101_Video,frame_00059.png,121.15596905155266,173.09079680194736,123.33852262495378,167.59890403679296,115.33451368001364,170.1986624927506,117.65827160060944,158.55208078850893,122.84456688320957,158.9625446142942,111.48521993537656,158.58818565678044,114.60374476733128,145.24205086325395
labeled-data,P20221101_Video,frame_00060.png,121.15596905155266,173.09079680194736,123.05149034280056,166.54645233556445,114.28206197878517,168.47646879983125,117.65827160060944,158.55208078850893,122.84456688320957,158.9625446142942,111.48521993537656,158.58818565678044,114.60374476733128,145.24205086325395
labeled-data,P20221101_Video,frame_00061.png,122.63058516215088,173.40124229891543,123.5298774797226,166.54645233556445,115.0474813978604,168.47646879983125,117.65827160060944,158.55208078850893,122.84456688320957,158.9625446142942,111.48521993537656,158.58818565678044,114.60374476733128,145.24205086325395
labeled-data,P20221101_Video,frame_00062.png,123.17386478184496,172.0042375625592,123.5298774797226,166.54645233556445,115.33451368001364,168.47646879983125,117.65827160060944,158.55208078850893,122.84456688320957,158.9625446142942,111.10251022583893,159.25792764847128,114.60374476733128,145.24205086325395
labeled-data,P20221101_Video,frame_00063.png,123.17386478184496,172.0042375625592,123.91258718926022,165.7810329164892,115.81290081693568,168.85917850936886,117.65827160060944,158.55208078850893,122.84456688320957,158.9625446142942,111.10251022583893,158.87521793893364,114.60374476733128,145.24205086325395
labeled-data,P20221101_Video,frame_00064.png,123.17386478184496,172.31468305952723,123.33852262495378,165.7810329164892,115.81290081693568,168.85917850936886,117.65827160060944,158.55208078850893,122.84456688320957,158.9625446142942,111.10251022583893,158.87521793893364,114.60374476733128,145.24205086325395
labeled-data,P20221101_Video,frame_00065.png,122.7081965363929,173.09079680194736,123.5298774797226,165.7810329164892,115.81290081693568,168.85917850936886,117.65827160060944,158.55208078850893,122.84456688320957,158.9625446142942,111.10251022583893,158.87521793893364,114.60374476733128,145.24205086325395
labeled-data,P20221101_Video,frame_00066.png,122.1649169166988,173.40124229891543,123.5298774797226,165.7810329164892,115.81290081693568,168.85917850936886,117.65827160060944,158.55208078850893,122.84456688320957,158.9625446142942,111.10251022583893,158.87521793893364,114.60374476733128,145.24205086325395
labeled-data,P20221101_Video,frame_00067.png,122.1649169166988,173.40124229891543,123.05149034280056,167.50322660940856,116.57832023601094,170.00730763798177,117.65827160060944,158.55208078850893,122.84456688320957,158.9625446142942,111.10251022583893,158.87521793893364,114.60374476733128,145.24205086325395
labeled-data,P20221101_Video,frame_00068.png,121.93208279397278,174.6430242867876,123.24284519756937,167.50322660940856,116.57832023601094,170.00730763798177,117.65827160060944,158.55208078850893,122.84456688320957,158.9625446142942,111.10251022583893,158.2054759472428,114.60374476733128,145.24205086325395
labeled-data,P20221101_Video,frame_00069.png,121.93208279397278,174.6430242867876,123.24284519756937,167.50322660940856,116.57832023601094,170.00730763798177,117.65827160060944,158.55208078850893,122.84456688320957,158.9625446142942,111.10251022583893,158.2054759472428,114.60374476733128,145.24205086325395
labeled-data,P20221101_Video,frame_00070.png,122.32013966518284,175.72958352617576,123.24284519756937,168.84271059279024,116.57832023601094,170.00730763798177,117.65827160060944,158.55208078850893,122.84456688320957,158.9625446142942,111.10251022583893,158.2054759472428,114.60374476733128,145.24205086325395
labeled-data,P20221101_Video,frame_00071.png,122.32013966518284,175.72958352617576,123.24284519756937,168.84271059279024,117.3437396550862,171.72950133090112,117.65827160060944,158.55208078850893,122.84456688320957,158.9625446142942,111.10251022583893,158.2054759472428,114.60374476733128,145.24205086325395
labeled-data,P20221101_Video,frame_00072.png,122.32013966518284,174.09974466709355,123.24284519756937,168.46000088325263,117.3437396550862,171.72950133090112,117.65827160060944,158.55208078850893,122.84456688320957,158.9625446142942,111.10251022583893,158.2054759472428,114.60374476733128,145.24205086325395
labeled-data,P20221101_Video,frame_00073.png,122.32013966518284,174.95346978375565,123.24284519756937,168.46000088325263,117.3437396550862,170.86840448444144,117.65827160060944,158.55208078850893,122.84456688320957,158.9625446142942,111.10251022583893,158.2054759472428,114.60374476733128,145.24205086325395
labeled-data,P20221101_Video,frame_00074.png,122.63058516215088,174.95346978375565,123.24284519756937,168.84271059279024,116.96102994554856,170.86840448444144,117.65827160060944,158.55208078850893,122.84456688320957,158.9625446142942,111.10251022583893,158.2054759472428,114.60374476733128,145.24205086325395
labeled-data,P20221101_Video,frame_00075.png,122.63058516215088,174.95346978375565,123.24284519756937,168.84271059279024,117.15238480031738,170.86840448444144,117.65827160060944,158.55208078850893,122.84456688320957,158.9625446142942,111.10251022583893,158.2054759472428,114.60374476733128,145.24205086325395
labeled-data,P20221101_Video,frame_00076.png,122.63058516215088,174.95346978375565,123.24284519756937,168.84271059279024,117.15238480031738,170.86840448444144,117.65827160060944,158.55208078850893,122.84456688320957,158.9625446142942,111.10251022583893,158.2054759472428,114.60374476733128,145.24205086325395
labeled-data,P20221101_Video,frame_00077.png,122.63058516215088,174.95346978375565,123.24284519756937,168.84271059279024,117.15238480031738,170.86840448444144,117.65827160060944,158.55208078850893,122.84456688320957,158.9625446142942,111.10251022583893,158.2054759472428,114.60374476733128,145.24205086325395
labeled-data,P20221101_Video,frame_00078.png,122.00969416821478,175.49674940344974,123.81690976187582,169.12974287494347,117.15238480031738,170.86840448444144,117.65827160060944,158.55208078850893,122.84456688320957,158.9625446142942,111.10251022583893,158.2054759472428,115.0633655527537,144.88456803014765
labeled-data,P20221101_Video,frame_00079.png,121.31119180003668,175.72958352617576,123.72123233449142,169.12974287494347,117.15238480031738,170.86840448444144,117.65827160060944,158.55208078850893,122.84456688320957,158.9625446142942,111.10251022583893,158.2054759472428,115.1655035050698,144.88456803014765
labeled-data,P20221101_Video,frame_00080.png,120.45746668337456,175.72958352617576,123.05149034280056,169.12974287494347,115.14315882524484,170.1986624927506,117.65827160060944,158.55208078850893,122.84456688320957,159.2495768964474,111.10251022583893,158.2054759472428,115.1655035050698,146.82518912415335
labeled-data,P20221101_Video,frame_00081.png,119.68135294095444,175.72958352617576,122.66878063326293,169.5124525844811,114.951803970476,170.1986624927506,117.65827160060944,160.62964862675997,123.2272765927472,161.54583515367318,111.58089736276096,160.4060567770842,115.26764145738588,146.82518912415335
labeled-data,P20221101_Video,frame_00082.png,118.82762782429228,175.72958352617576,121.99903864157208,169.89516229401875,114.56909426093836,170.1986624927506,117.65827160060944,160.62964862675997,123.2272765927472,161.737190008442,111.58089736276096,159.73631478539332,115.26764145738588,146.56984424336312
labeled-data,P20221101_Video,frame_00083.png,118.1291254561142,175.72958352617576,121.71200635941884,170.18219457617198,114.37773940616955,170.1986624927506,117.91009800524594,160.62964862675997,123.2272765927472,161.737190008442,111.58089736276096,159.73631478539332,115.82940019512436,146.16129243409875
labeled-data,P20221101_Video,frame_00084.png,117.19778896521004,174.87585840951365,121.71200635941884,169.5124525844811,113.89935226924752,170.1986624927506,117.91009800524594,159.5593864070549,123.2272765927472,161.737190008442,111.58089736276096,159.73631478539332,115.77833121896631,146.7741201479953
labeled-data,P20221101_Video,frame_00085.png,116.1888411000639,174.87585840951365,120.85090951295916,171.23464627740046,113.89935226924752,169.72027535582853,117.91009800524594,159.5593864070549,123.03592173797836,159.72796403336946,111.38954250799216,159.06657279370248,115.77833121896631,146.5187752672051
labeled-data,P20221101_Video,frame_00086.png,115.10228186067572,173.78929917012547,120.37252237603713,171.23464627740046,113.03825542278784,169.1462107915221,117.34348859481383,159.5593864070549,123.3229540201316,160.3977060250603,111.38954250799216,159.06657279370248,115.77833121896631,146.5187752672051
labeled-data,P20221101_Video,frame_00087.png,114.8694477379497,172.5475171822533,119.9898126664995,170.85193656786282,113.03825542278784,168.18943651767802,117.4694017971321,159.5593864070549,123.13159916536276,160.87609316198234,110.33709080676364,158.58818565678044,115.5229863381761,147.64229274268206
labeled-data,P20221101_Video,frame_00088.png,114.32616811825562,172.5475171822533,119.12871582003984,170.85193656786282,112.368513431097,168.18943651767802,117.72122820176858,159.5593864070549,123.13159916536276,160.87609316198234,110.43276823414809,158.58818565678044,117.25933152754962,145.54846472020222
labeled-data,P20221101_Video,frame_00089.png,114.71422498946568,174.95346978375565,119.12871582003984,171.42600113216926,111.98580372155936,170.10298506536617,117.72122820176858,159.5593864070549,122.84456688320957,160.87609316198234,111.29386508060772,159.4492825032401,116.23795200438872,145.54846472020222
labeled-data,P20221101_Video,frame_00090.png,114.71422498946568,174.95346978375565,119.12871582003984,171.8087108417069,111.98580372155936,171.25111419397908,117.65827160060944,159.5593864070549,122.84456688320957,160.87609316198234,110.71980051630128,159.92766964016215,116.23795200438872,145.54846472020222
labeled-data,P20221101_Video,frame_00091.png,114.40377949249763,175.49674940344974,119.12871582003984,171.7130334143225,111.98580372155936,171.25111419397908,117.65827160060944,159.5593864070549,122.74888945582516,160.87609316198234,110.71980051630128,159.4492825032401,115.21657248122784,145.75274062483442
labeled-data,P20221101_Video,frame_00092.png,114.71422498946568,175.49674940344974,118.45897382834896,171.7130334143225,111.98580372155936,171.25111419397908,117.34348859481383,159.5593864070549,122.74888945582516,160.87609316198234,110.71980051630128,159.4492825032401,115.26764145738588,145.54846472020222
labeled-data,P20221101_Video,frame_00093.png,116.26645247430592,176.04002902314383,119.22439324742425,171.42600113216926,111.98580372155936,171.25111419397908,117.2175753924956,160.6926052279191,122.74888945582516,160.87609316198234,110.91115537107012,160.11902449493095,115.6251242904922,145.54846472020222
labeled-data,P20221101_Video,frame_00094.png,117.66345721066212,176.04002902314383,119.22439324742425,171.42600113216926,113.22961027755666,172.49492074997636,117.2175753924956,160.6926052279191,122.74888945582516,160.87609316198234,110.91115537107012,160.11902449493095,115.6251242904922,145.54846472020222
labeled-data,P20221101_Video,frame_00095.png,118.75001645005028,176.04002902314383,120.85090951295916,170.37354943094078,113.80367484186311,172.49492074997636,117.28053199365472,160.6926052279191,122.46185717367192,160.87609316198234,110.91115537107012,160.11902449493095,115.6251242904922,145.54846472020222
labeled-data,P20221101_Video,frame_00096.png,119.83657568943843,176.04002902314383,121.2336192224968,170.37354943094078,114.09070712401632,172.49492074997636,117.4694017971321,160.6926052279191,122.65321202844072,160.87609316198234,111.29386508060772,161.17147619615946,115.6251242904922,145.54846472020222
labeled-data,P20221101_Video,frame_00097.png,120.37985530913252,176.04002902314383,121.42497407726562,170.37354943094078,115.81290081693568,173.16466274166723,117.4694017971321,160.6926052279191,122.65321202844072,160.87609316198234,111.58089736276096,161.17147619615946,115.6251242904922,145.54846472020222
labeled-data,P20221101_Video,frame_00098.png,120.69030080610058,177.12658826253198,122.47742577849412,170.37354943094078,115.81290081693568,172.7819530321296,117.4694017971321,160.6926052279191,122.65321202844072,160.87609316198234,111.58089736276096,161.17147619615946,115.42084838586,146.21236141025682
labeled-data,P20221101_Video,frame_00099.png,120.8455235545846,176.27286314586985,121.99903864157208,170.18219457617198,115.62154596216686,172.39924332259196,117.4694017971321,160.6926052279191,122.65321202844072,160.87609316198234,111.58089736276096,161.17147619615946,115.0633655527537,146.56984424336312
labeled-data,P20221101_Video,frame_00100.png,121.5440259227627,176.27286314586985,122.19039349634087,169.4167751570967,115.81290081693568,172.39924332259196,117.4694017971321,160.4407788232826,122.65321202844072,160.87609316198234,111.58089736276096,161.17147619615946,114.85908964812153,146.3144993625729
labeled-data,P20221101_Video,frame_00101.png,121.5440259227627,176.27286314586985,122.57310320587852,169.4167751570967,117.05670737293298,172.11221104043875,117.72122820176858,158.9927769966228,122.65321202844072,159.82364146075386,111.38954250799216,159.16225022108688,114.85908964812153,146.3144993625729
labeled-data,P20221101_Video,frame_00102.png,121.5440259227627,176.27286314586985,122.76445806064731,169.4167751570967,116.48264280862654,172.11221104043875,117.72122820176858,159.24460340125927,122.84456688320957,159.82364146075386,111.58089736276096,159.16225022108688,114.85908964812153,146.3144993625729
labeled-data,P20221101_Video,frame_00103.png,120.14702118640648,175.9624176489018,122.76445806064731,169.4167751570967,116.48264280862654,172.11221104043875,117.91009800524594,159.68529960937315,122.84456688320957,159.82364146075386,111.38954250799216,160.02334706754655,114.85908964812153,146.3144993625729
labeled-data,P20221101_Video,frame_00104.png,120.14702118640648,175.9624176489018,121.99903864157208,169.4167751570967,115.62154596216686,170.86840448444144,117.91009800524594,159.68529960937315,123.418631447516,160.68473830721354,111.38954250799216,159.73631478539332,115.11443452891174,146.3144993625729
labeled-data,P20221101_Video,frame_00105.png,120.30224393489053,175.41913802920772,122.19039349634087,169.4167751570967,115.23883625262924,170.86840448444144,117.91009800524594,159.68529960937315,123.13159916536276,160.68473830721354,111.38954250799216,159.73631478539332,115.26764145738588,146.3144993625729
labeled-data,P20221101_Video,frame_00106.png,120.8455235545846,175.80719490041778,122.76445806064731,169.4167751570967,115.23883625262924,170.86840448444144,117.91009800524594,159.68529960937315,123.13159916536276,160.0149963155227,111.38954250799216,159.73631478539332,115.26764145738588,146.3144993625729
labeled-data,P20221101_Video,frame_00107.png,120.8455235545846,175.80719490041778,122.76445806064731,169.4167751570967,115.71722338955126,171.25111419397908,117.65827160060944,159.43347320473666,123.13159916536276,160.0149963155227,111.38954250799216,159.73631478539332,115.9826071235985,145.90594755330855
labeled-data,P20221101_Video,frame_00108.png,121.38880317427868,175.80719490041778,122.66878063326293,169.4167751570967,115.71722338955126,171.25111419397908,117.65827160060944,159.43347320473666,123.13159916536276,160.0149963155227,111.38954250799216,159.73631478539332,115.8804691712824,145.90594755330855
labeled-data,P20221101_Video,frame_00109.png,120.14702118640648,175.80719490041778,122.66878063326293,169.4167751570967,115.71722338955126,171.25111419397908,117.65827160060944,159.43347320473666,123.13159916536276,160.0149963155227,111.38954250799216,159.73631478539332,115.77833121896631,145.90594755330855
labeled-data,P20221101_Video,frame_00110.png,120.14702118640648,175.80719490041778,121.99903864157208,169.4167751570967,115.33451368001364,171.25111419397908,117.65827160060944,159.43347320473666,123.13159916536276,160.0149963155227,111.38954250799216,159.73631478539332,115.5229863381761,145.90594755330855
labeled-data,P20221101_Video,frame_00111.png,119.68135294095444,175.80719490041778,121.99903864157208,169.4167751570967,115.33451368001364,171.25111419397908,117.65827160060944,159.43347320473666,123.13159916536276,160.0149963155227,111.38954250799216,159.73631478539332,115.5229863381761,145.90594755330855
labeled-data,P20221101_Video,frame_00112.png,118.75001645005028,174.87585840951365,121.99903864157208,169.4167751570967,114.47341683355396,170.1986624927506,117.65827160060944,159.43347320473666,123.13159916536276,160.0149963155227,111.38954250799216,159.73631478539332,115.82940019512436,145.90594755330855
labeled-data,P20221101_Video,frame_00113.png,117.81867995914617,175.72958352617576,121.3292966498812,169.89516229401875,114.47341683355396,170.1986624927506,117.65827160060944,159.43347320473666,123.13159916536276,160.0149963155227,111.38954250799216,159.73631478539332,115.77833121896631,145.70167164867635
labeled-data,P20221101_Video,frame_00114.png,116.96495484248402,175.72958352617576,121.1379417951124,170.08651714878755,114.28206197878517,170.1986624927506,117.65827160060944,159.43347320473666,122.74888945582516,160.87609316198234,111.38954250799216,159.73631478539332,115.77833121896631,145.70167164867635
labeled-data,P20221101_Video,frame_00115.png,115.5679501061278,174.5654129125456,120.46819980342154,170.08651714878755,113.22961027755666,169.81595278321294,117.65827160060944,159.43347320473666,123.3229540201316,160.2063511702915,111.38954250799216,159.73631478539332,115.77833121896631,145.70167164867635
labeled-data,P20221101_Video,frame_00116.png,115.64556148036982,172.70273993073732,119.79845781173069,169.5124525844811,113.22961027755666,169.81595278321294,117.65827160060944,159.43347320473666,123.3229540201316,160.2063511702915,111.38954250799216,159.73631478539332,115.9826071235985,145.293119839412
labeled-data,P20221101_Video,frame_00117.png,112.38588376220532,172.08184893680124,119.41574810219304,169.5124525844811,111.79444886679052,167.80672680814038,117.65827160060944,159.43347320473666,123.3229540201316,160.2063511702915,111.38954250799216,159.73631478539332,115.9826071235985,145.293119839412
labeled-data,P20221101_Video,frame_00118.png,112.30827238796331,173.40124229891543,118.55465125573338,169.5124525844811,111.50741658463733,167.32833967121834,116.399139577427,159.37051660357753,122.55753460105632,161.5458351536732,110.52844566153249,158.3011533746272,115.9826071235985,145.293119839412
labeled-data,P20221101_Video,frame_00119.png,109.44927832058023,173.57237157667333,115.39729615204791,171.13896885001606,109.78522289171798,167.42401709860275,116.58800938090438,159.37051660357753,122.55753460105632,161.06744801675117,110.43276823414809,158.68386308416484,115.8804691712824,145.293119839412
labeled-data,P20221101_Video,frame_00120.png,108.32821521289492,174.05075344733137,114.53619930558824,171.7130334143225,108.54141633572068,168.47646879983125,116.58800938090438,159.62234300821402,121.88779260936548,162.21557714536405,110.43276823414809,158.68386308416484,116.34008995670482,145.54846472020222
labeled-data,P20221101_Video,frame_00121.png,108.32821521289492,174.72049543902222,115.58865100681672,172.19142055124453,108.54141633572068,169.72027535582853,116.33618297626788,160.0630392163279,121.31372804505902,162.50260942751729,110.43276823414809,158.68386308416484,116.34008995670482,145.54846472020222
labeled-data,P20221101_Video,frame_00122.png,108.23253778551052,175.00752772117545,114.91890901512588,172.47845283339774,108.25438405356743,169.62459792844413,116.33618297626788,160.31486562096435,121.40940547244344,162.50260942751729,109.95438109722602,158.97089536631808,116.34008995670482,145.54846472020222
labeled-data,P20221101_Video,frame_00123.png,109.1893120593546,175.00752772117545,115.01458644251028,172.38277540601337,109.30683575479593,169.62459792844413,116.33618297626788,160.31486562096435,121.40940547244344,162.50260942751729,110.14573595199484,158.58818565678044,116.34008995670482,145.54846472020222
labeled-data,P20221101_Video,frame_00124.png,110.6244734701207,175.00752772117545,117.31084469973608,172.38277540601337,110.35928745602442,169.62459792844413,118.3507942133598,159.62234300821402,122.84456688320957,161.4501577262888,110.62412308891687,158.97089536631808,116.34008995670482,145.54846472020222
labeled-data,P20221101_Video,frame_00125.png,112.53802201780888,175.00752772117545,117.98058669142694,171.33032370478486,110.64631973817764,170.00730763798177,116.83983578554086,158.30025438387247,122.65321202844072,159.72796403336946,109.85870366984162,158.3011533746272,116.34008995670482,145.75274062483442
labeled-data,P20221101_Video,frame_00126.png,114.92995770241907,175.00752772117545,118.937360965271,171.04329142263165,111.50741658463733,169.3375656462909,117.02870558901824,158.7409505919863,122.65321202844072,159.72796403336946,110.52844566153249,158.49250822939604,115.8804691712824,145.75274062483442
labeled-data,P20221101_Video,frame_00127.png,116.2694416858008,174.33778572948458,119.9898126664995,169.99083972140315,112.17715857632815,170.10298506536617,117.02870558901824,159.5593864070549,122.1748248915187,159.72796403336946,110.52844566153249,159.54495993062451,115.8804691712824,145.75274062483442
labeled-data,P20221101_Video,frame_00128.png,118.8527322251798,174.72049543902222,121.042264367728,169.4167751570967,114.28206197878517,170.67704962967264,117.15461879133647,159.49642980589576,122.1748248915187,159.72796403336946,110.52844566153249,159.54495993062451,115.1655035050698,146.11022345794072
labeled-data,P20221101_Video,frame_00129.png,122.87118417532491,173.5723663104093,122.19039349634087,168.077291173715,115.62154596216686,170.67704962967264,117.15461879133647,159.49642980589576,122.1748248915187,159.53660917860063,110.33709080676364,159.54495993062451,114.5016068150152,145.90594755330855
labeled-data,P20221101_Video,frame_00130.png,124.11499073132222,172.90262431871847,123.81690976187582,167.40754918202413,117.82212679200823,170.67704962967264,117.28053199365472,158.80390719314542,123.03592173797836,158.19712519521892,110.62412308891687,160.02334706754655,114.5016068150152,145.90594755330855
labeled-data,P20221101_Video,frame_00131.png,125.45447471470392,171.56314033533675,124.58232918095108,166.06806519864242,118.6832236384679,170.29433992013497,117.8471414040868,157.92251477691772,123.2272765927472,157.62306063091248,111.48521993537656,160.02334706754655,113.53129626801235,145.9570165294666
labeled-data,P20221101_Video,frame_00132.png,126.69828127070124,171.18043062579912,126.208845446486,166.45077490818005,122.3189658790754,172.20788846782312,117.8471414040868,157.92251477691772,123.70566372966924,157.62306063091248,111.48521993537656,160.02334706754655,113.88877910111869,146.5187752672051
labeled-data,P20221101_Video,frame_00133.png,127.75073297192974,171.9458500448744,126.59155515602365,165.8767103438736,122.1276110243066,171.53814647613228,118.28783761220066,159.37051660357753,123.99269601182245,158.29280262260335,112.72902649137386,161.6498633330815,113.7866411488026,145.9570165294666
labeled-data,P20221101_Video,frame_00134.png,129.2815718100803,172.0415274722588,127.73967844494982,166.25942005341122,123.4670950076883,171.53814647613228,119.60992623654224,159.24460340125927,124.47108314874448,157.62306063091248,114.16418790214,162.98934731646318,113.7866411488026,146.3144993625729
labeled-data,P20221101_Video,frame_00135.png,130.33402351130874,173.76372116517814,128.7921301461783,166.45077490818005,122.1276110243066,171.63382390351669,119.86175264117873,159.5593864070549,125.42785742258856,158.57983490475655,113.39876848306471,160.88444391400623,113.88877910111869,146.72305117183726
labeled-data,P20221101_Video,frame_00136.png,131.67350749469043,174.14643087471575,129.27051728310036,167.98161374633057,124.7109015636856,172.9733078868984,120.30244884929256,159.9371260140096,125.04514771305094,158.29280262260335,113.39876848306471,161.55418590569707,114.09305500575086,147.02946502878552
labeled-data,P20221101_Video,frame_00137.png,131.29079778515282,174.43346315686898,129.9402592747912,169.32109772971228,124.80657899107,172.9733078868984,120.23949224813344,160.25190901980525,125.04514771305094,158.67551233214095,114.64257503906202,163.27637959861642,114.60374476733128,146.82518912415335
labeled-data,P20221101_Video,frame_00138.png,129.2815718100803,174.43346315686898,129.55754956525357,169.32109772971228,123.18006272553508,172.30356589520756,120.30244884929256,160.81851843023733,125.7148897047418,159.63228660598503,116.17341387721254,164.13747644507612,114.60374476733128,146.67198219567922
labeled-data,P20221101_Video,frame_00139.png,130.81241064823078,175.29456000332866,130.0359367021756,169.7038074392499,125.28496612799204,174.02575958812687,120.23949224813344,160.81851843023733,125.9062445595106,159.63228660598503,114.92960732121524,163.0850247438476,114.0419860295928,148.0508445519464
labeled-data,P20221101_Video,frame_00140.png,131.67350749469043,176.34701170455713,130.99271097601968,170.85193656786282,126.72012753875816,174.69550157981774,120.49131865276992,161.95173725110152,125.9062445595106,160.0149963155227,115.02528474859966,164.61586358199816,114.0419860295928,148.1529825042625
labeled-data,P20221101_Video,frame_00141.png,131.5400005766691,176.7882934719967,130.99271097601968,171.9043882690913,126.05038554706732,175.26956614412418,120.49131865276992,162.3924334592154,125.9062445595106,160.68473830721354,115.40799445813728,163.85044416292288,113.83771012496064,148.1529825042625
labeled-data,P20221101_Video,frame_00142.png,130.96593601236265,178.89319687445368,130.80135612125088,173.243872252473,125.38064355537644,175.93930813581505,120.9320148608838,163.71452208355694,125.9062445595106,161.5458351536732,115.02528474859966,164.90289586415136,114.2973371443889,148.0508445519464
labeled-data,P20221101_Video,frame_00143.png,130.7745811575938,179.08455172922248,130.32296898432884,173.243872252473,123.84980471722592,175.55659842627742,120.9320148608838,163.14791267312484,125.7148897047418,161.92854486321085,115.02528474859966,164.52018615461373,114.2973371443889,148.40832738505273
labeled-data,P20221101_Video,frame_00144.png,129.91855477250598,179.56253995292974,129.8445818474068,173.243872252473,123.18006272553508,175.55659842627742,120.9320148608838,163.14791267312484,125.7148897047418,162.5982868549017,115.02528474859966,163.27637959861642,113.93985431128262,149.0211550989493
labeled-data,P20221101_Video,frame_00145.png,130.35925098061983,178.99593054249766,129.8445818474068,173.3395496798574,124.23251442676356,176.03498556319946,120.6172318550882,163.14791267312484,125.8105671321262,162.21557714536405,114.73825246644644,164.0417990176917,114.0419922635987,149.53184486052973
labeled-data,P20221101_Video,frame_00146.png,131.17768679568843,178.55523433438378,130.80135612125088,173.0525173977042,125.57199841014528,176.89608240965913,120.9320148608838,164.02930508935256,125.8105671321262,162.21557714536405,116.65180101413458,167.29483154876158,114.0419922635987,148.97008612279123
labeled-data,P20221101_Video,frame_00147.png,132.1849924142344,177.86271172163345,130.80135612125088,173.0525173977042,127.29419210306462,176.5133727001215,121.18384126552029,164.02930508935256,125.8105671321262,161.5458351536732,116.26909130459696,167.29483154876158,114.0419922635987,148.97008612279123
labeled-data,P20221101_Video,frame_00148.png,132.1849924142344,177.86271172163345,130.80135612125088,171.6173559869381,124.23251442676356,174.5998241524333,121.62453747363412,164.02930508935256,125.8105671321262,161.5458351536732,117.79993014274748,168.25160582260563,113.37809557354412,148.86794817047516
labeled-data,P20221101_Video,frame_00149.png,133.44412443741683,176.91836270424662,131.66245296771055,172.0000656964757,127.38986953044902,176.22634041796826,120.74314505740644,163.02199947080663,125.23650256781976,161.5458351536732,115.5036718855217,165.95534756537984,113.37809557354412,148.51046533736883
labeled-data,P20221101_Video,frame_00150.png,134.2625602524854,175.34444767526858,131.56677554032615,170.94761399524722,127.77257923998664,175.3652435715086,120.74314505740644,163.02199947080663,124.94947028566654,161.5458351536732,115.5036718855217,165.66831528322663,113.37809557354412,149.07222407510733
labeled-data,P20221101_Video,frame_00151.png,134.38847345480366,175.34444767526858,132.1408401046326,170.660581713094,128.82503094121515,175.3652435715086,118.9174036237919,162.3294768580563,124.47108314874448,160.3020285976759,113.49444591044912,164.32883129984492,113.4802335258602,149.07222407510733
labeled-data,P20221101_Video,frame_00152.png,136.21421488841818,174.71488166367735,133.2889692332455,169.6081300118655,131.8867086175162,175.3652435715086,120.23949224813347,162.58130326269276,125.33217999520416,160.78041573459794,115.02528474859966,166.7207669844551,114.29733714438892,148.4593963612108
labeled-data,P20221101_Video,frame_00153.png,139.29908834521518,174.2741854555635,135.96793720000892,169.6081300118655,134.56567658427963,176.03498556319946,120.23949224813347,162.58130326269276,124.47108314874448,160.3977060250603,116.747478441519,167.86889611306802,114.85909588212742,150.4510864313745
labeled-data,P20221101_Video,frame_00154.png,143.0135278136034,174.2741854555635,139.31664715846318,169.6081300118655,138.0100639701183,175.65227585366182,122.44297328870276,164.34408809514818,125.33217999520416,160.78041573459794,120.3832206821265,170.93057378936908,116.13582028607853,153.0556042154348
labeled-data,P20221101_Video,frame_00155.png,145.12339221562462,173.60443786993045,142.091292552611,169.6081300118655,140.30632222734408,175.65227585366182,125.59080334665884,169.56948599135532,126.38463169643263,161.83286743582642,125.54980176088452,175.0447031668986,116.18688926223658,156.06867380875943
labeled-data,P20221101_Video,frame_00156.png,151.114319522668,173.03670948071354,146.39677678490938,169.79948486663432,147.00374214425267,175.84363070843062,129.93480882663826,172.02479343656108,129.2549545179649,164.41615797520544,131.0034151217958,176.57554200504913,117.87216547545204,163.16726149472763
labeled-data,P20221101_Video,frame_00157.png,155.7710019771887,173.03670948071354,150.89361587197655,169.79948486663432,151.69193608608865,176.22634041796826,134.08994450314032,172.02479343656108,133.94314845980088,165.1815773942807,133.58669982148808,177.6279937062776,119.1488836453973,165.0057446364172
labeled-data,P20221101_Video,frame_00158.png,158.64262282414313,173.03670948071354,155.0077452495061,169.6081300118655,155.51903318146498,176.03498556319946,138.24508017964237,172.21366324003844,138.24863269209925,165.3729322490495,139.13599060978376,177.81934856104644,122.87691890493456,165.924986207262
labeled-data,P20221101_Video,frame_00159.png,161.64797198008776,172.62014273703613,158.16510035319155,169.99083972140315,158.67638828515044,174.98253386197098,141.95951964803058,172.1507066388793,141.78869750532232,166.42538395027802,142.38902314085362,177.81934856104644,126.1453333790494,165.8228482549459
labeled-data,P20221101_Video,frame_00160.png,164.55606124876812,172.3293338101681,159.40890690918886,168.55567831063703,160.5899368328386,175.84363070843062,145.42213271178227,172.02479343656108,144.75469775423898,166.42538395027802,146.31179766361436,177.81934856104644,129.4648168293223,168.22309013437402
labeled-data,P20221101_Video,frame_00161.png,165.05225934871717,172.92263250839324,160.65271346518617,168.2686460284838,161.25967882452943,175.46092099889302,146.87013453844207,172.02479343656108,146.4768856074716,165.75564195858718,147.93831392914927,177.14960656935557,130.8436791855895,168.9891247767447
labeled-data,P20221101_Video,frame_00162.png,166.13881858810535,172.45696426294117,163.5230362867184,168.2686460284838,162.69484023529554,175.07821128935538,148.884745775534,170.76566141337864,148.9644987194662,165.75564195858718,149.56483019468422,176.76689685981796,132.37574847033082,170.87867689459233
labeled-data,P20221101_Video,frame_00163.png,168.23432569263966,172.45696426294117,163.14032657718076,168.2686460284838,162.1207756709891,176.22634041796826,150.20683439987556,171.71001043076546,149.72991813854148,166.80809365981565,150.90431417806593,176.86257428720236,133.19285208885955,172.1043323223854
labeled-data,P20221101_Video,frame_00164.png,169.0880508093018,172.68979838566722,164.57548798794687,168.93838802017467,164.2256790734461,176.22634041796826,150.6475306079894,172.15070663887934,150.20830527546352,167.66919050627533,152.05244330667884,178.20205827058408,134.21423161202043,173.89174648791695
labeled-data,P20221101_Video,frame_00165.png,170.25222142293197,174.24202587050743,165.14955255225334,169.99083972140315,166.13922762113424,176.99175983704353,150.77344381030764,173.03209905510704,150.01695042069468,168.14757764319737,151.86108845191,178.48909055273728,134.92919727823306,174.09602239254914
labeled-data,P20221101_Video,frame_00166.png,169.7865531774799,174.24202587050743,165.43658483440657,169.99083972140315,165.7565179115966,176.99175983704353,152.3473588392857,173.59870846553912,151.4521118314608,168.14757764319737,153.58328214482935,178.48909055273728,135.95057680139394,174.45350522565545
labeled-data,P20221101_Video,frame_00167.png,170.79550104262606,174.55247136747548,165.43658483440657,170.4692268583252,165.7565179115966,177.47014697396557,151.90666263117186,173.7875782690165,151.54778925884523,168.530287352735,152.24379816144764,179.44586482658138,138.40188765698008,174.40243624949738
labeled-data,P20221101_Video,frame_00168.png,171.8820602820142,174.0091917477814,166.77606881778826,170.5649042857096,167.19167932236277,177.27879211919674,153.60649086246815,173.7875782690165,153.26998295176458,168.7216422075038,154.15734670913582,179.15883254442815,138.75937049008638,174.04495341639105
labeled-data,P20221101_Video,frame_00169.png,172.58056265019232,173.46591212808733,167.44581080947913,170.27787200355635,168.56415875711875,177.4340871358213,153.60649086246815,173.7875782690165,153.93972494345542,168.3389324979662,153.48760471744495,179.35018739919695,138.70830151392832,173.63640160712671
labeled-data,P20221101_Video,frame_00170.png,173.51189914109645,172.84502113415124,169.16800450239847,170.27787200355635,170.2211989053108,176.56414105802048,155.99884170651478,172.78027265047055,156.0446283459124,167.86054536104413,156.16657268420838,178.48909055273728,139.0147153708766,172.30860822701754
labeled-data,P20221101_Video,frame_00171.png,174.05517876079054,173.23307800536128,170.02910134885815,170.27787200355635,171.09114498311158,176.35701103949648,155.99884170651478,172.78027265047055,155.85327349114357,167.86054536104413,155.97521782943954,178.48909055273728,139.37219820398292,171.74684948927907
labeled-data,P20221101_Video,frame_00172.png,175.1417380001787,173.23307800536128,171.08155305008663,170.08651714878755,172.7481851313036,176.1498810209725,156.88023412274248,172.78027265047055,156.90572519237207,167.86054536104413,156.549282393746,178.48909055273728,139.06834994272475,171.60068174325448
labeled-data,P20221101_Video,frame_00173.png,173.97756738654851,173.23307800536128,168.59393993809203,169.79948486663432,169.26840082010037,177.01982709877328,156.88023412274248,172.78027265047055,157.12966138148414,167.85170431254332,157.02766953066805,177.81934856104644,139.32017634736124,171.60068174325448
labeled-data,P20221101_Video,frame_00174.png,174.28801288351656,172.84502113415124,169.16800450239847,169.79948486663432,170.46975492753958,176.72984507283968,159.713281174903,172.46548964467493,159.656647607477,167.85170431254332,159.41960521527824,177.14960656935557,139.57200275199773,171.85250814789097
labeled-data,P20221101_Video,frame_00175.png,173.43428776685445,171.60323914627904,168.59393993809203,169.4167751570967,170.38690292012998,175.61134297281006,159.713281174903,172.46548964467493,159.863777626001,167.56172228660972,159.80231492481587,177.14960656935557,139.57200275199773,171.85250814789097
labeled-data,P20221101_Video,frame_00176.png,173.43428776685445,171.60323914627904,168.78529479286084,168.1729686010994,170.67688494606358,174.69997089130445,160.84649999576718,172.46548964467493,160.3194636667538,167.56172228660972,161.3331537629664,177.6279937062776,140.89409137633928,171.85250814789097
labeled-data,P20221101_Video,frame_00177.png,173.2014536441284,170.43906853264886,167.82852051901676,168.1729686010994,170.67688494606358,175.11423092835247,160.84649999576718,172.46548964467493,161.1479837408498,167.56172228660972,160.56773434389115,177.6279937062776,141.33478758445315,171.85250814789097
labeled-data,P20221101_Video,frame_00178.png,174.05517876079054,171.37040502355302,169.16800450239847,168.1729686010994,170.67688494606358,175.44563895799087,158.4541568368525,172.27661984119754,159.28381357413377,167.56172228660972,157.88876637712772,177.91502598843084,141.33478758445315,171.85250814789097
labeled-data,P20221101_Video,frame_00179.png,174.05517876079054,169.9734002871968,168.59393993809203,167.69458146417736,171.1739969905212,175.61134297281006,157.50980781946566,171.77296703192457,157.00538337036974,167.0646102421521,158.08012123189653,176.86257428720236,141.2088743821349,172.04137795136836
labeled-data,P20221101_Video,frame_00180.png,173.04623089564438,170.28384578416484,167.92419794640116,167.69458146417736,169.01984479787154,175.44563895799087,157.95050402757954,172.02479343656103,158.04103346298976,167.2717402606761,158.08012123189653,176.86257428720236,140.9570479774984,171.60068174325448
labeled-data,P20221101_Video,frame_00181.png,173.2014536441284,170.28384578416484,167.92419794640116,167.69458146417736,169.01984479787154,175.44563895799087,157.50980781946566,172.02479343656103,157.41964340741777,167.2717402606761,157.31470181282128,177.05392914197117,141.46070078677138,171.60068174325448
labeled-data,P20221101_Video,frame_00182.png,173.7447332638225,169.1972865447767,168.78529479286084,167.50322660940853,170.09692089419636,174.78282289871404,158.51711343801162,172.02479343656103,158.20673747780896,167.2717402606761,158.46283094143416,177.05392914197117,141.46070078677138,171.60068174325448
labeled-data,P20221101_Video,frame_00183.png,173.7447332638225,168.6540069250826,168.97664964762964,166.8334846177177,170.51118093124438,174.78282289871404,158.51711343801162,171.77296703192457,158.41386749633295,167.0646102421521,158.46283094143416,176.86257428720236,141.46070078677138,171.60068174325448
labeled-data,P20221101_Video,frame_00184.png,174.28801288351656,167.17939081448438,169.35935935716728,166.8334846177177,171.5882570275692,173.91287682091323,159.20963605076196,171.20635762149246,159.07668355560978,167.0646102421521,159.22825036050943,176.67121943243353,145.11218365400046,172.35616095716395
labeled-data,P20221101_Video,frame_00185.png,175.37457212290474,167.02416806600036,170.41181105839576,166.8334846177177,172.66533312389402,173.58146879127483,160.09102846698968,170.89157461569687,160.1123336482298,166.7746282162185,160.47205691650674,176.67121943243353,144.86035724936397,172.54503076064134
labeled-data,P20221101_Video,frame_00186.png,175.91785174259883,167.02416806600036,169.6463916393205,166.16374262602682,173.286723179466,172.96007873570284,160.09102846698968,171.0174878180151,159.8223516222962,166.7746282162185,160.47205691650674,176.67121943243353,145.61583646327344,172.54503076064134
labeled-data,P20221101_Video,frame_00187.png,175.21934937442072,166.48088844630627,169.83774649408932,166.16374262602682,173.286723179466,172.96007873570284,160.7205944785809,171.45818402612895,160.7337237038018,166.6503502051041,161.04612148081318,176.67121943243353,146.0565326713873,172.29320435600485
labeled-data,P20221101_Video,frame_00188.png,174.21040150927456,166.48088844630627,168.78529479286084,166.8334846177177,172.6239071201892,173.16720875422683,160.97242088321738,171.45818402612895,161.0237057297354,166.6503502051041,161.04612148081318,176.67121943243353,147.37862129572886,172.35616095716395
labeled-data,P20221101_Video,frame_00189.png,174.59845838048463,166.48088844630627,168.78529479286084,166.8334846177177,172.45820310537,173.49861678386523,160.40581147278527,172.90618585278875,160.1951856556394,167.85170431254332,161.1417989081976,177.24528399674,145.23809685631872,174.433728795415
labeled-data,P20221101_Video,frame_00190.png,173.97756738654851,166.7913339432743,168.78529479286084,166.8334846177177,172.66533312389402,173.12578275052203,160.53172467510353,173.78757826901648,158.86955353708578,168.05883433106732,161.71586347250403,178.20205827058408,144.356704440091,174.68555520005148
labeled-data,P20221101_Video,frame_00191.png,173.97756738654851,167.9555045569045,168.78529479286084,166.8334846177177,172.3339250942556,173.37433877275083,160.53172467510353,174.22827447713033,158.86955353708578,168.5145203718201,161.52450861773522,178.20205827058408,144.16783463661363,174.68555520005148
labeled-data,P20221101_Video,frame_00192.png,173.97756738654851,168.6540069250826,168.78529479286084,167.21619432725532,170.92544096829238,175.15565693205727,160.53172467510353,173.34688206090263,160.070907644525,167.81027830883852,160.47205691650674,178.20205827058408,144.0165242437792,174.77465711403886
labeled-data,P20221101_Video,frame_00193.png,175.37457212290474,165.08388370995007,168.78529479286084,167.21619432725532,170.75973695347318,174.69997089130445,161.72790009712685,173.09505565626614,161.3965397630786,168.84592840145854,162.1942506094261,177.81934856104644,144.04378292381122,174.25674219343034
labeled-data,P20221101_Video,frame_00194.png,175.29696074866274,165.54955195540214,169.16800450239847,167.21619432725532,170.75973695347318,174.40998886537085,161.287203889013,173.09505565626614,160.6508716963922,168.84592840145854,162.09857318204166,177.6279937062776,,
labeled-data,P20221101_Video,frame_00195.png,175.29696074866274,165.54955195540214,169.16800450239847,167.21619432725532,170.75973695347318,174.40998886537085,161.97972650176334,173.09505565626614,161.6865217890122,169.30161444221133,162.2899280368105,177.6279937062776,,
labeled-data,P20221101_Video,frame_00196.png,174.21040150927456,165.85999745237018,168.3069076559388,167.40754918202413,170.75973695347318,174.40998886537085,161.0353774843765,174.22827447713033,160.3608896704586,169.30161444221133,161.90721832727286,178.01070341581524,,
labeled-data,P20221101_Video,frame_00197.png,174.21040150927456,167.80028180842046,168.3069076559388,167.40754918202413,169.76551286455796,175.23850893946687,160.40581147278527,173.78757826901648,160.4437416778682,168.84592840145854,160.0893472069691,178.20205827058408,,
labeled-data,P20221101_Video,frame_00198.png,174.67606975472663,169.9734002871968,167.73284309163236,167.88593631894616,169.84836487196756,176.64699306543008,160.53172467510353,173.47279526322086,160.6508716963922,168.5559463755249,160.37637948912231,177.81934856104644,,
labeled-data,P20221101_Video,frame_00199.png,176.84918823350296,171.60323914627904,171.7512950417775,168.46000088325263,171.629683031274,177.14410510988768,161.35016049017213,173.78757826901648,161.4793917704882,169.13591042739213,161.42883119035082,178.20205827058408,,
labeled-data,P20221101_Video,frame_00200.png,179.1775294607633,172.68979838566722,173.95187587161888,169.5124525844811,174.48807728690522,177.7240691617549,162.1685963052407,174.66897068524418,162.18055070435747,169.17629685755506,162.67263774634813,179.06315511704372,,
labeled-data,P20221101_Video,frame_00201.png,180.26408870015143,172.68979838566722,175.67406956453823,169.5124525844811,175.56515338323004,177.3512351284117,163.42772832842314,175.73923290494926,164.08117922455205,169.02832420570974,163.05534745588574,179.06315511704372,,
labeled-data,P20221101_Video,frame_00202.png,182.1267616819597,172.84502113415124,177.20490840268874,169.5124525844811,178.54782564997566,177.5169391432309,164.37207734580997,175.23558009567628,164.54080000997442,169.59008294344824,164.39483143926748,179.06315511704372,,
labeled-data,P20221101_Video,frame_00203.png,183.98943466376804,172.5345756371832,179.0227795229925,170.4692268583252,179.2667853339103,177.34768491703392,165.37938296435593,175.23558009567628,165.56217953313532,169.59008294344824,165.44728314049595,179.06315511704372,,
labeled-data,P20221101_Video,frame_00204.png,184.50377240913937,172.47426606539315,180.553618361143,170.4692268583252,180.58887395825187,176.52924910196532,166.7014715886975,175.23558009567628,166.58355905629622,169.59008294344824,166.78676712387767,179.06315511704372,,
labeled-data,P20221101_Video,frame_00205.png,183.12139231839308,172.6407496524502,177.77897296699518,170.4692268583252,179.2667853339103,177.22177171471566,167.45695080260697,175.92810270842662,168.70031567156582,170.73921893460027,167.3608316881841,180.21128424565663,,
labeled-data,P20221101_Video,frame_00275.png,123.8958912030312,106.60688228654884,124.0047006064943,100.65307047497606,117.6246318040278,103.5000514305485,118.13006629865252,93.37001630192536,123.68349192223582,92.56142026522473,111.81851164682064,94.47014310322484,117.0932400702319,80.62220227039744
labeled-data,P20221101_Video,frame_00276.png,123.8958912030312,106.60688228654884,124.0047006064943,100.65307047497606,117.7267697563439,103.5000514305485,118.13006629865252,93.57429220655754,123.68349192223582,92.56142026522473,111.89612302106264,94.47014310322484,117.0932400702319,80.62220227039744
labeled-data,P20221101_Video,frame_00277.png,123.8958912030312,106.60688228654884,124.0047006064943,100.65307047497606,117.98211463713412,103.5000514305485,118.28327322712664,93.57429220655754,123.68349192223582,92.56142026522473,111.89612302106264,94.47014310322484,116.85801318367244,80.85742915695691
labeled-data,P20221101_Video,frame_00278.png,123.8958912030312,106.60688228654884,124.15992335497832,100.265013603766,117.98211463713412,103.5000514305485,118.28327322712664,93.57429220655754,123.68349192223582,92.56142026522473,112.43940264075674,95.16864547140293,116.85801318367244,80.85742915695691
labeled-data,P20221101_Video,frame_00279.png,124.20633669999926,106.06360266685476,124.15992335497832,100.265013603766,117.98211463713412,103.5000514305485,118.28327322712664,93.57429220655754,123.68349192223582,92.56142026522473,112.43940264075674,95.16864547140293,116.42116325149054,80.95824067976812
labeled-data,P20221101_Video,frame_00280.png,124.20633669999926,106.06360266685476,124.15992335497832,99.25606573861984,116.85859716165714,102.93829269281,118.28327322712664,93.57429220655754,123.68349192223582,92.56142026522473,112.43940264075674,95.16864547140293,116.55557861523882,80.95824067976812
labeled-data,P20221101_Video,frame_00281.png,124.20633669999926,106.06360266685476,124.15992335497832,99.25606573861984,117.98211463713412,102.58080985970368,118.28327322712664,93.57429220655754,123.68349192223582,92.56142026522473,112.43940264075674,95.16864547140293,116.92522086554656,80.62220227039744
labeled-data,P20221101_Video,frame_00282.png,124.20633669999926,106.06360266685476,124.47036885194638,99.56651123558788,117.98211463713412,102.98936166896806,118.28327322712664,93.57429220655754,123.68349192223582,92.56142026522473,112.43940264075674,95.16864547140293,116.92522086554656,80.62220227039744
labeled-data,P20221101_Video,frame_00283.png,124.20633669999926,106.06360266685476,124.47036885194638,99.56651123558788,117.98211463713412,102.98936166896806,118.28327322712664,93.5232232303995,123.68349192223582,92.56142026522473,112.43940264075674,95.16864547140293,116.92522086554656,80.62220227039744
labeled-data,P20221101_Video,frame_00284.png,124.20633669999926,106.06360266685476,124.47036885194638,100.10979085528196,117.98211463713412,102.98936166896806,118.28327322712664,93.5232232303995,123.68349192223582,92.56142026522473,112.43940264075674,95.16864547140293,116.92522086554656,80.62220227039744
labeled-data,P20221101_Video,frame_00285.png,124.98245044241938,105.20987755019264,124.47036885194638,98.71278611892576,117.98211463713412,102.98936166896806,118.28327322712664,93.5232232303995,124.12418813034968,93.31689947913416,112.43940264075673,95.16864547140293,116.92522086554656,80.62220227039744
labeled-data,P20221101_Video,frame_00286.png,124.12872532575724,104.9770434274666,123.84947785801027,99.6441226098299,117.98211463713412,102.78508576433588,118.28327322712664,93.5232232303995,123.74644852339496,93.31689947913416,112.12895714378868,94.00447485777276,116.92522086554656,80.62220227039744
labeled-data,P20221101_Video,frame_00287.png,124.12872532575724,104.9770434274666,124.47036885194638,99.33367711286186,118.69708030334674,102.78508576433588,118.18113527481056,92.65505063571274,123.74644852339496,93.31689947913416,112.20656851803068,94.08208623201476,116.92522086554656,80.62220227039744
labeled-data,P20221101_Video,frame_00288.png,124.98245044241938,104.12331831080446,124.31514610346234,99.0232316158938,118.69708030334674,103.09149962128414,118.18113527481056,93.06360244497708,123.68349192223582,92.62437686638384,112.8274595119668,95.32386821988696,,
labeled-data,P20221101_Video,frame_00292.png,119.92442913701804,109.14865165077576,122.91814136710612,103.99035956738255,116.39897637623474,104.9810517391318,118.64075606023296,94.3403268489282,123.6205353210767,94.45011829999837,112.51701401499874,95.634313716855,116.66474144474827,80.29509384520999
labeled-data,P20221101_Video,frame_00293.png,118.27314562401092,109.14865165077576,122.37486174741204,104.53363918707664,115.3265278769158,104.67463788218352,118.33434220328468,94.3403268489282,123.3057523152811,94.00942209188452,112.59462538924076,95.47909096837095,116.66474144474827,80.29509384520999
labeled-data,P20221101_Video,frame_00294.png,116.75498424337805,111.06844768799708,121.21069113378188,106.939591788579,113.74338961601644,106.7173969285053,117.51723858475596,95.61705125287932,123.80940512455408,96.33881633477202,112.20656851803068,95.16864547140293,116.4739306845241,81.14011292620282
labeled-data,P20221101_Video,frame_00295.png,116.88089744569628,112.64236271697511,121.05546838529784,108.18137377645118,113.28376883059404,108.35160416556272,117.15975575164968,97.45553439456891,123.11688251180372,98.16455776838656,111.66328889833662,97.88504356987332,116.4739306845241,82.88466844825254
labeled-data,P20221101_Video,frame_00296.png,116.25133143410508,116.86045499463631,120.51218876560375,110.82016050067958,112.90814047669396,110.87850640500932,116.90441087085944,99.0386726554683,123.17983911296284,100.74577841591056,111.74090027257864,99.59249380319758,116.50118936455613,84.87455209059051
labeled-data,P20221101_Video,frame_00297.png,116.49555982931292,120.61835727711092,120.79667538007388,113.82755861935637,112.90814047669396,115.14713198831998,116.95547984701749,102.61350098653142,123.6205353210767,103.51586886691194,111.27523202712656,102.54172602439402,117.31894976551692,88.25462841456185
labeled-data,P20221101_Video,frame_00298.png,116.66331409581429,126.5083620610043,120.48622988310584,121.12302779810544,113.45142009638803,121.51126467616491,116.99416332231657,108.0796983286527,123.6205353210767,107.671004543414,111.35284340136856,107.43124260164078,118.29532146461302,91.48738733812831
labeled-data,P20221101_Video,frame_00299.png,116.89921174052958,131.344263777668,120.09817301189577,126.86626949201433,113.218585973662,126.6336153761377,117.45983156776862,110.87370780136511,122.86505610716723,111.63727041643868,111.5080661498526,111.31181131374134,118.46102547943222,96.3756557752948
labeled-data,P20221101_Video,frame_00300.png,116.66331409581429,137.47760254026588,120.79667538007388,132.8423358346045,113.76186559335608,132.45446844428858,118.00311118746274,119.72139972793212,122.92801270832636,121.080760590307,111.66328889833662,119.15056011218454,117.67393140904102,101.84388826432846
labeled-data,P20221101_Video,frame_00301.png,116.78126291817192,144.6724807040826,119.71011614068571,138.50796615427134,113.68425421911408,138.66337838364953,117.38222019352663,124.14524805972678,122.4873165002125,125.86546227840026,111.27523202712658,124.73857905760936,117.052541353469,107.56067677559092
labeled-data,P20221101_Video,frame_00302.png,116.78126291817192,149.98017771017692,120.2533957603798,144.25120784818023,113.296197347904,144.5618428260424,117.45983156776865,130.58699212181375,123.17983911296284,132.22408668060356,111.27523202712658,130.17137525455018,117.83264811218716,111.624980908357
labeled-data,P20221101_Video,frame_00303.png,116.78126291817192,156.34941411749008,120.1757843861378,150.92578603299322,113.8394769675981,151.00358688812938,117.45983156776866,136.64067931269065,122.36140329789428,137.4494845768107,111.19762065288457,135.99222832270107,119.51792432540262,117.75325804732236
labeled-data,P20221101_Video,frame_00304.png,116.27035365553458,161.9410081781133,119.94295973745643,156.43619360417603,113.218585973662,156.66921720779624,117.45983156776866,142.53914375508356,123.17983911296284,143.93401449620026,111.19762065288457,141.96830413933594,119.10937251613828,121.63450023533372
labeled-data,P20221101_Video,frame_00305.png,115.553349197232,166.60153715707995,118.9340118723103,160.1615395677926,113.37380872214602,160.70500866838086,116.29566095413848,148.2047740747504,122.36140329789428,149.28532559472563,110.6543410331905,148.02199133021287,117.06406642316836,127.50834692878988
labeled-data,P20221101_Video,frame_00306.png,115.553349197232,168.03554607368503,119.39968011776236,163.42121728595708,112.98575185093596,163.6542408895773,115.9852154571704,149.44655606262256,122.48731650021251,151.23698023065842,110.5767296589485,148.79810507263298,116.35838576348996,132.2128846599794
labeled-data,P20221101_Video,frame_00307.png,113.7608380514756,167.31854161538251,119.24445736927834,163.73166278292513,112.90814047669396,162.3348475274631,115.8299927086864,150.92117217322078,122.86505610716723,153.7552442770233,110.11106141349642,150.2727211832312,118.87867383377004,137.11904543679137
labeled-data,P20221101_Video,frame_00308.png,113.58158693689997,167.31854161538251,119.39968011776236,163.42121728595708,112.13202673427384,162.10201340473705,117.92549981322072,150.92117217322078,123.11688251180374,152.8108875745045,111.5080661498526,150.8160008029253,119.95399674375622,136.51417629992417
labeled-data,P20221101_Video,frame_00309.png,112.32682913487048,167.31854161538251,118.39073225261622,163.73166278292513,112.13202673427384,162.10201340473705,118.39116805867278,150.92117217322078,123.11688251180374,152.37019136639066,111.4304547756106,149.96227568626315,119.88678906188208,136.95102623210602
labeled-data,P20221101_Video,frame_00310.png,111.05031846166234,165.51667784713277,118.1578981298902,164.27494240261922,111.8991926115478,160.16172904868677,119.01205905260886,150.92117217322078,123.5575787199176,152.37019136639066,112.28417989227272,149.96227568626315,120.42445051687515,137.0854415958543
labeled-data,P20221101_Video,frame_00311.png,110.23188264659376,166.52398346567873,118.3131208783742,163.5764400344411,111.8991926115478,161.0930655395909,118.85683630412484,151.23161767018885,123.242795714122,152.8108875745045,112.28417989227272,149.96227568626315,120.15561978937863,136.81661086835774
labeled-data,P20221101_Video,frame_00312.png,110.76954031482836,166.14967927883214,117.84745263292214,163.5764400344411,111.8215812373058,161.71395653352698,118.31355668443076,151.23161767018885,123.242795714122,153.25158378261835,112.28417989227272,149.96227568626315,119.95399674375622,136.14453404961637
labeled-data,P20221101_Video,frame_00313.png,110.76954031482836,166.14967927883214,117.30417301322804,163.5764400344411,111.8215812373058,161.71395653352698,118.31355668443076,151.23161767018885,123.11688251180374,152.87384417566363,112.28417989227272,149.96227568626315,120.1604625532909,136.33561788658227
labeled-data,P20221101_Video,frame_00314.png,109.82863276859044,166.2840946425804,117.92506400716414,163.5764400344411,111.12307886912768,161.17067691383292,118.00311118746272,150.92117217322078,123.11688251180374,152.87384417566363,112.28417989227272,149.96227568626315,120.4504445792245,136.0456358606487
labeled-data,P20221101_Video,frame_00315.png,109.82863276859044,166.2840946425804,118.2355095041322,164.50777652534524,111.12307886912768,162.02440203049505,118.77922492988284,149.21372193989654,123.74644852339496,151.6776687536403,111.04239790440052,148.02199133021287,120.16046255329088,137.03985994956392
labeled-data,P20221101_Video,frame_00316.png,110.47683085811042,167.90903637631135,118.2355095041322,165.59433576473342,111.43352436609574,163.42140676685125,119.32250454957692,150.76594942473676,123.74644852339496,151.80358195595855,111.89612302106266,149.96227568626315,119.95333253476689,136.3356178865823
labeled-data,P20221101_Video,frame_00317.png,112.05074588708848,167.6572099716749,118.2355095041322,165.59433576473342,112.44247223124188,162.56768165018912,119.08967042685089,152.9390679035131,123.80940512455408,154.8254988115964,112.36179126651471,151.74733729382942,120.20188855699568,136.70845191992552
labeled-data,P20221101_Video,frame_00318.png,112.74326849983882,167.90903637631135,119.24445736927834,165.28389026776537,112.67530635396793,162.56768165018912,119.32250454957692,153.94801576865925,124.25010133266794,155.83280443014235,112.51701401499876,153.06673065594362,120.5332965866341,137.28841597179272
labeled-data,P20221101_Video,frame_00319.png,109.70649052268811,169.19963895954706,116.916116142018,166.68089500412157,111.2006902433697,163.42140676685125,119.1672818010929,153.94801576865925,124.25010133266794,155.58097802550586,112.8274595119668,152.75628515897557,120.5332965866341,137.28841597179272
labeled-data,P20221101_Video,frame_00320.png,109.01264414350617,170.13692539604102,116.21761377383989,167.6122314950257,110.19174237822357,163.7318522638193,118.6240021813988,155.0345750080474,123.242795714122,157.15489305448392,112.2065685180307,154.1532898953318,120.4504445792245,137.5369719940215
labeled-data,P20221101_Video,frame_00321.png,109.01264414350617,170.640578205314,114.58777491475765,168.3107338632038,109.1827945130774,165.51691387138555,117.53744294201064,155.34502050501547,124.25010133266794,156.90306664984743,111.3528434013686,155.00701501199393,119.70477651253807,138.1583620495935
labeled-data,P20221101_Video,frame_00322.png,108.5719479353923,171.20718761574608,114.43255216627362,169.94057272228605,109.02757176459338,166.6034731107737,117.1493860708006,156.43157974440362,122.99096930948552,157.59558926259777,111.3528434013686,155.31746050896197,119.12481246067088,138.57262208664153
labeled-data,P20221101_Video,frame_00323.png,108.69786113771056,172.27744983545116,114.43255216627362,169.94057272228605,109.26040588731942,166.3706389880477,116.52849507686447,156.12113424743558,122.99096930948552,158.03628547071162,111.12000927864256,156.09357425138208,118.83483043473728,139.89825420519514
labeled-data,P20221101_Video,frame_00324.png,109.57925355393826,172.78110264472411,115.6743341541458,169.552515851076,110.03651962973952,166.29302761380566,116.68371782534852,156.12113424743558,123.36870891644024,157.78445906607513,111.12000927864256,156.09357425138208,118.46199640139406,139.02830812739435
labeled-data,P20221101_Video,frame_00325.png,110.39768936900684,170.640578205314,116.14000239959788,167.84506561775174,110.03651962973952,165.2840797486595,117.07177469655858,155.5778546277415,123.36870891644024,156.90306664984743,110.88717515591652,155.16223776047792,118.42057039768926,138.86260411257513
labeled-data,P20221101_Video,frame_00326.png,110.5865591724842,170.19988199720012,116.68328201929197,167.06895187533163,110.26935375246558,164.74080012896545,117.07177469655858,155.5778546277415,123.36870891644024,156.46237044173358,110.88717515591652,155.16223776047792,118.42057039768926,138.86260411257513
labeled-data,P20221101_Video,frame_00327.png,110.90134217827982,170.19988199720012,117.22656163898604,167.06895187533163,109.33801726156145,165.0512456259335,117.07177469655858,155.5778546277415,123.242795714122,157.15489305448392,110.88717515591652,155.16223776047792,118.21344037916526,138.24121405700313
labeled-data,P20221101_Video,frame_00328.png,113.54551942696294,169.50735938444976,117.45939576171207,167.06895187533163,110.89024474640166,165.9049707425956,117.07177469655858,154.72412951107935,123.36870891644024,156.90306664984743,110.88717515591652,154.1532898953318,118.21344037916526,138.24121405700313
labeled-data,P20221101_Video,frame_00329.png,115.30830425941836,169.50735938444976,119.32206874352036,164.74061064807128,112.4424722312419,165.36169112290153,116.52849507686447,154.72412951107935,122.55027310137164,154.69958560927816,110.88717515591652,154.1532898953318,118.21344037916526,138.24121405700313
labeled-data,P20221101_Video,frame_00330.png,119.21161353128392,169.0666631763359,119.94295973745643,163.5764400344411,113.37380872214604,167.06914135622577,117.61505431625268,153.55995889744918,122.61322970253076,153.6922799907322,110.0334500392544,153.45478752715368,118.29629238657486,138.24121405700313
labeled-data,P20221101_Video,frame_00331.png,120.5966587567846,168.62596696822203,121.0295189768446,162.3346580465689,114.69320208426024,165.98258211683762,117.1493860708006,153.55995889744918,122.92801270832638,152.9997573779819,110.1886727877384,153.45478752715368,118.83483043473728,138.24121405700313
labeled-data,P20221101_Video,frame_00332.png,122.0446605834444,168.43709716474467,122.11607821623278,162.3346580465689,116.24542956910048,165.98258211683762,116.21804957989644,153.55995889744918,123.43166551759936,152.68497437218625,109.80061591652836,151.5145031711034,118.83483043473728,138.24121405700313
labeled-data,P20221101_Video,frame_00333.png,122.2964869880809,166.1706595230163,123.04741470713692,161.4809329299068,117.40960018273064,166.21541623956367,114.5105993465722,153.55995889744918,123.17983911296288,152.87384417566363,110.0334500392544,151.5145031711034,118.50342240509886,137.6612500051359
labeled-data,P20221101_Video,frame_00334.png,122.98900960083124,166.1706595230163,123.04741470713692,160.9376533102127,117.33198880848865,165.8273593683536,117.2269974450426,154.41368401411128,123.17983911296288,152.62201777102712,110.0334500392544,151.5145031711034,118.50342240509886,138.40691807182233
labeled-data,P20221101_Video,frame_00335.png,124.37405482633191,167.42979154619874,123.90113982379904,161.09287605869673,119.97077553271704,166.21541623956367,117.38222019352662,154.0256271429012,123.17983911296288,152.62201777102712,110.26628416198042,151.43689179686135,118.50342240509886,138.40691807182233
labeled-data,P20221101_Video,frame_00336.png,124.81618098565868,167.44637040592727,123.90113982379904,161.09287605869673,119.50510728726496,166.44825036228968,117.38222019352662,154.0256271429012,123.17983911296288,152.18132156291327,110.26628416198042,151.43689179686135,117.96488435693644,139.77397619408072
labeled-data,P20221101_Video,frame_00337.png,124.05927182053632,166.73726893344838,123.90113982379904,161.09287605869673,117.40960018273064,166.44825036228968,117.38222019352662,154.0256271429012,123.17983911296288,152.18132156291327,110.26628416198042,152.67867378473358,117.96488435693644,139.11116013480392
labeled-data,P20221101_Video,frame_00338.png,123.9963152193772,167.99640095663082,123.35786020410497,162.1018239238429,118.4185480478768,165.9049707425956,117.38222019352662,154.0256271429012,123.17983911296288,152.18132156291327,110.26628416198042,153.29956477866966,118.17201437546044,139.11116013480392
labeled-data,P20221101_Video,frame_00339.png,123.49266241010424,167.6186613496761,123.04741470713692,161.5585443041488,118.88421629332886,165.9049707425956,117.38222019352662,154.0256271429012,122.73914290484902,152.87384417566363,110.26628416198042,153.99806714684777,118.17201437546044,139.11116013480392
labeled-data,P20221101_Video,frame_00340.png,122.2964869880809,168.7518801705403,122.50413508744283,162.800326292021,116.32304094334248,165.9049707425956,117.07177469655856,154.0256271429012,122.99096930948552,154.07001959768695,110.26628416198042,153.84284439836375,117.55062431988844,139.56684617555672
labeled-data,P20221101_Video,frame_00341.png,122.2964869880809,168.7518801705403,122.50413508744283,162.800326292021,115.7797613236484,165.36169112290153,116.76132919959052,152.93906790351306,123.36870891644024,153.81819319305046,110.73195240743247,153.29956477866966,117.55062431988844,139.56684617555672
labeled-data,P20221101_Video,frame_00342.png,122.863096398513,169.19257637865417,122.81458058441088,162.95554904050502,116.4782636918265,166.21541623956367,117.38222019352662,152.93906790351306,123.11688251180374,153.1256705803001,110.57672965894848,153.29956477866966,117.71632833470764,139.56684617555672
labeled-data,P20221101_Video,frame_00343.png,122.61126999387652,169.19257637865417,122.96980333289493,162.95554904050502,116.71109781455256,166.5258617365317,116.52849507686447,154.95696363380537,123.11688251180374,153.1256705803001,110.57672965894848,153.29956477866966,117.71632833470764,139.11116013480392
labeled-data,P20221101_Video,frame_00344.png,123.11492280314948,169.633272586768,123.82352844955705,164.1973310283772,116.71109781455256,166.5258617365317,117.3046088192846,155.50024325349943,122.92801270832638,155.3921082220285,110.57672965894848,154.46373539229987,117.84060634582204,139.44256816444232
labeled-data,P20221101_Video,frame_00345.png,123.61857561242246,170.70353480647307,123.82352844955705,163.73166278292513,117.87526842818272,169.70792808045417,116.76132919959052,155.96591149895153,122.67618630368987,155.83280443014235,110.73195240743247,155.00701501199393,117.84060634582204,139.44256816444232
labeled-data,P20221101_Video,frame_00346.png,123.6815322135816,172.02562343081465,124.05636257228306,165.6719471389754,118.65138217060284,170.4840418228743,116.52849507686447,158.13902997772783,122.67618630368987,157.72150246491603,110.57672965894848,157.80102448470635,117.21921629025005,139.89825420519514
labeled-data,P20221101_Video,frame_00347.png,123.05196620199035,174.7327572806569,124.05636257228306,168.77640210865587,118.65138217060284,171.49298968802046,116.52849507686447,160.07931433377814,122.80209950600812,159.7361137020079,110.65434103319043,160.90547945438678,116.88780826061162,142.59094444600717
labeled-data,P20221101_Video,frame_00348.png,122.61126999387652,176.8103251189079,124.28919669500912,171.33757745864227,118.96182766757089,173.1228285471027,116.76132919959052,161.63154181861836,122.92801270832638,161.12115892750862,111.27523202712656,163.00098655892108,116.4934622375516,143.45027106485043
labeled-data,P20221101_Video,frame_00349.png,123.4297058089451,178.1324137432495,124.9100876889452,172.42413669803045,117.95287980242472,174.36461053497487,117.3046088192846,162.56287830952252,123.242795714122,162.12846454605454,112.05134576954669,163.07859793316314,117.6948163449908,144.11308712412725
labeled-data,P20221101_Video,frame_00350.png,123.4297058089451,178.95084955831803,125.53097868288128,174.1315869313547,117.95287980242472,174.36461053497487,118.46877943291476,162.25243281255445,124.06123152919058,163.00985696228227,111.74090027257864,161.06070220287086,118.52333641908682,144.56877316488004
labeled-data,P20221101_Video,frame_00351.png,122.92605299967212,179.83224197454578,125.37575593439726,174.67486655104878,118.03049117666674,174.83027878042694,119.01205905260886,163.26138067770063,124.6907975407818,163.00985696228227,112.7498481377248,161.68159319680694,119.18615247836362,145.10731121304246
labeled-data,P20221101_Video,frame_00352.png,123.05196620199035,179.26563256411367,125.91903555409137,173.20025044045056,118.88421629332886,174.83027878042694,119.55533867230294,163.64943754891067,125.0055805465774,164.01716258082823,114.45729837104903,164.32037992103534,119.18615247836362,145.10731121304246
labeled-data,P20221101_Video,frame_00353.png,124.49996802865016,177.75467413629474,125.37575593439726,172.11369120106238,118.88421629332886,174.75266740618494,120.40906378896508,163.49421480042665,125.0055805465774,163.45055317039612,114.53490974529106,164.32037992103534,119.18615247836362,146.88862937234887
labeled-data,P20221101_Video,frame_00354.png,123.9963152193772,175.9289327026802,125.76381280560732,172.11369120106238,120.04838690695904,174.13177641224885,119.78817279502896,162.79571243224854,124.94262394541828,163.1357701646005,113.4483505059029,164.0099344240673,118.68904043390602,148.0899834797881
labeled-data,P20221101_Video,frame_00355.png,124.24814162401368,173.5995384597927,124.75486494046118,168.46595661168783,118.80660491908684,173.58849679255476,119.40011592381892,161.32109632165032,124.37601453498618,160.806375921713,112.51701401499876,163.4666548043732,117.6948163449908,147.7585754501497
labeled-data,P20221101_Video,frame_00356.png,124.75179443328666,172.84405924588322,124.59964219197715,168.00028836623576,118.96182766757089,172.88999442437665,117.84788843897869,160.77781670195623,123.36870891644024,159.1065476904167,111.97373439530467,164.70843679224538,116.6591662523708,147.42716742051127
labeled-data,P20221101_Video,frame_00357.png,124.94066423676404,170.82944800879133,124.3668080692511,166.9137291268476,119.50510728726496,171.95865793347252,117.61505431625264,160.93303945044028,123.242795714122,158.79176468462109,112.90507088620882,165.3293277861815,115.8306461782748,148.2971134983121
labeled-data,P20221101_Video,frame_00358.png,125.38136044487788,170.70353480647307,124.9100876889452,166.13761538442748,120.28122102968508,171.33776693953644,116.21804957989644,160.93303945044028,123.05392591064462,158.79176468462109,112.51701401499876,164.32037992103534,115.54066415234118,148.8770775501793
labeled-data,P20221101_Video,frame_00359.png,125.38136044487788,169.82214239024538,126.38470379954342,165.05105614503933,120.51405515241112,170.71687594560032,117.2269974450426,160.62259395347223,122.92801270832638,157.46967606027954,113.06029363469284,163.4666548043732,115.62351615975078,149.5398936094561
labeled-data,P20221101_Video,frame_00360.png,125.38136044487788,169.5703159856089,126.38470379954342,164.27494240261922,120.59166652665311,169.9407622031802,117.2269974450426,160.62259395347223,122.92801270832638,157.02897985216566,113.99163012559696,163.69948892709925,115.67742759981424,147.68081889901222
labeled-data,P20221101_Video,frame_00361.png,125.82205665299172,167.74457455199433,126.15186967681738,163.18838316323104,121.6782257660413,168.85420296379203,117.38222019352662,160.23453708226216,122.92801270832638,157.02897985216566,113.99163012559696,163.69948892709925,115.67742759981424,147.8850948036444
labeled-data,P20221101_Video,frame_00362.png,127.01841296823328,168.12245451200567,125.13123181051084,162.5788598611961,118.87994422555532,168.12245451200567,118.64404658084004,159.63013930225475,123.00815300807312,157.03526521038643,114.39788897596458,163.40450161769962,115.69532602189877,147.71730824413197
labeled-data,P20221101_Video,frame_00363.png,127.33301508081068,167.17796514156225,125.6862014313653,162.3346580465689,123.92895561905962,168.85420296379203,118.39116805867276,161.70915319286038,123.05392591064462,158.03628547071162,113.21551638317686,164.63082541800338,115.67742759981424,148.95754330296333
labeled-data,P20221101_Video,frame_00364.png,127.3959716819698,167.17796514156225,125.99664692833336,162.3346580465689,123.7737328705756,168.85420296379203,118.00311118746272,161.1658735731663,122.4243598990534,157.59558926259777,113.21551638317686,164.39799129527734,115.57528964749817,149.97892282612423
labeled-data,P20221101_Video,frame_00365.png,127.27005847965154,165.28926710678857,125.99664692833336,162.3346580465689,123.46328737360756,168.85420296379203,118.00311118746272,161.47631907013434,122.99096930948552,157.59558926259777,113.75879600287094,164.39799129527734,115.57528964749817,149.97892282612423
labeled-data,P20221101_Video,frame_00366.png,125.1295340402414,164.47083129172,124.8324763147032,160.86004193597068,122.68717363118743,168.15570059561395,117.53744294201064,161.47631907013434,122.86505610716723,157.34376285796128,113.68118462862893,164.70843679224538,115.6263586236562,149.97892282612423
labeled-data,P20221101_Video,frame_00367.png,125.1295340402414,164.03013508360613,124.52203081773511,161.24809880718075,122.68717363118743,166.5258617365317,116.99416332231657,160.07931433377814,122.61322970253076,156.90306664984743,112.59462538924076,163.54426617861515,115.6263586236562,149.41716408838573
labeled-data,P20221101_Video,frame_00368.png,126.01092645646912,163.6523954766514,124.59964219197715,161.24809880718075,123.92895561905962,167.06914135622577,116.99416332231657,160.3897598307462,122.73914290484902,157.15489305448392,112.59462538924076,163.54426617861515,115.6263586236562,149.41716408838573
labeled-data,P20221101_Video,frame_00369.png,126.19979625994648,163.6523954766514,124.28919669500912,160.54959643900264,123.46328737360756,167.06914135622577,115.9076040829284,161.0882621989243,122.73914290484902,157.15489305448392,112.59462538924076,163.54426617861515,115.6263586236562,149.41716408838573
labeled-data,P20221101_Video,frame_00370.png,126.5775358669012,162.64508985810545,124.28919669500912,160.2391509420346,123.46328737360756,167.06914135622577,115.9076040829284,161.63154181861836,121.66888068514392,156.71419684637007,112.05134576954669,164.00993442406724,115.37101374286598,148.75326739833116
labeled-data,P20221101_Video,frame_00371.png,126.5775358669012,162.64508985810545,124.28919669500912,160.2391509420346,123.46328737360756,167.06914135622577,115.36432446323433,161.32109632165032,121.60592408398482,156.96602325100656,112.20656851803068,164.00993442406724,115.37101374286598,148.75326739833116
labeled-data,P20221101_Video,frame_00372.png,124.37405482633191,166.1706595230163,126.2294810510594,161.63615567839082,122.14389401149336,167.06914135622577,115.82999270868638,161.32109632165032,121.66888068514392,157.0919364533248,112.20656851803068,164.00993442406724,115.37101374286598,148.75326739833116
labeled-data,P20221101_Video,frame_00373.png,123.93335861821808,165.79291991606155,126.2294810510594,161.63615567839082,119.815552784233,165.9049707425956,115.82999270868638,161.32109632165032,122.29844669673516,157.84741566723426,112.67223676348276,164.00993442406724,115.37101374286598,148.75326739833116
labeled-data,P20221101_Video,frame_00374.png,124.3110982251728,166.4224859276528,125.53097868288128,161.63615567839082,120.90211202362116,166.99152998198377,116.37327232838048,161.32109632165032,122.29844669673516,157.84741566723426,112.67223676348276,164.00993442406724,115.6263586236562,148.60006046985703
labeled-data,P20221101_Video,frame_00375.png,123.80744541589983,167.11500854040312,125.6862014313653,163.49882866019908,120.90211202362116,167.2243641047098,116.29566095413846,160.77781670195623,122.29844669673516,157.84741566723426,112.67223676348276,164.00993442406724,115.6263586236562,148.60006046985703
labeled-data,P20221101_Video,frame_00376.png,126.2627528611056,168.43709716474467,126.07425830257536,163.73166278292513,121.75583714028328,168.07808922137193,116.29566095413846,159.53603471408405,122.04662029209868,157.21784965564305,112.67223676348276,164.00993442406724,115.6263586236562,148.60006046985703
labeled-data,P20221101_Video,frame_00377.png,126.13683965878737,168.43709716474467,125.37575593439726,163.18838316323104,121.6782257660413,168.07808922137193,117.07177469655856,159.8464802110521,122.61322970253076,157.78445906607513,111.7409002725786,162.22487281650098,115.98384145676252,148.29364661290876
labeled-data,P20221101_Video,frame_00378.png,126.51457926574209,169.00370657517678,125.37575593439726,163.18838316323104,122.84239637967146,168.07808922137193,117.9254998132207,160.07931433377814,123.17983911296288,158.22515527418898,112.51701401499874,163.1562093074051,115.88170350444642,147.93616377980243
labeled-data,P20221101_Video,frame_00379.png,124.43701142749106,168.37414056358557,124.75486494046118,163.18838316323104,119.89316415847502,168.07808922137193,117.3046088192846,160.07931433377814,123.17983911296288,157.97332886955252,112.20656851803068,164.2427685467933,115.37101374286598,147.68081889901222
labeled-data,P20221101_Video,frame_00380.png,124.43701142749106,168.37414056358557,125.06531043742922,163.18838316323104,119.89316415847502,168.07808922137193,117.3046088192846,160.3897598307462,122.92801270832638,157.97332886955252,112.51701401499874,164.2427685467933,115.57528964749817,147.68081889901222
labeled-data,P20221101_Video,frame_00381.png,124.43701142749106,168.37414056358557,125.06531043742922,163.18838316323104,119.89316415847502,168.07808922137193,116.76132919959052,159.53603471408405,122.67618630368987,157.53263266143864,112.51701401499874,164.55321404376133,115.57528964749817,148.03830173211853
labeled-data,P20221101_Video,frame_00382.png,124.43701142749106,168.12231415894908,125.06531043742922,163.18838316323104,119.34988453878094,168.07808922137193,116.76132919959052,160.3897598307462,122.67618630368987,156.96602325100656,112.51701401499874,164.2427685467933,115.72849657597229,147.47654299438005
labeled-data,P20221101_Video,frame_00383.png,123.55561901126336,168.12231415894908,125.06531043742922,163.18838316323104,119.34988453878094,168.07808922137193,116.76132919959052,160.3897598307462,122.67618630368987,157.21784965564305,112.51701401499874,164.2427685467933,115.93277248060448,147.47654299438005
labeled-data,P20221101_Video,frame_00384.png,124.12222842169544,168.12231415894908,125.06531043742922,163.18838316323104,118.80660491908684,168.07808922137193,116.76132919959052,160.3897598307462,122.67618630368987,157.21784965564305,112.51701401499874,164.2427685467933,115.88170350444642,147.68081889901222
labeled-data,P20221101_Video,frame_00385.png,125.38136044487788,168.1852707601082,125.06531043742922,163.18838316323104,119.50510728726496,168.07808922137193,116.21804957989644,160.3897598307462,122.67618630368987,157.21784965564305,112.51701401499874,164.2427685467933,115.88170350444642,147.68081889901222
labeled-data,P20221101_Video,frame_00386.png,125.1295340402414,169.12961977749504,125.06531043742922,163.18838316323104,119.50510728726496,169.08703708651808,116.21804957989644,160.3897598307462,122.67618630368987,157.21784965564305,112.51701401499874,164.2427685467933,115.88170350444642,147.68081889901222
labeled-data,P20221101_Video,frame_00387.png,124.8777076356049,168.56301036706293,125.06531043742922,163.18838316323104,119.66033003574898,168.77659158955004,116.6061064511065,160.3897598307462,123.43166551759936,157.78445906607513,112.51701401499874,164.2427685467933,115.88170350444642,147.68081889901222
labeled-data,P20221101_Video,frame_00388.png,124.75179443328666,173.0329290493606,125.60859005712332,168.93162485713992,120.20360965544306,170.71687594560032,117.61505431625264,160.5449825792302,123.43166551759936,157.78445906607513,111.89612302106264,163.1562093074051,117.72018664613604,147.27226708974786
labeled-data,P20221101_Video,frame_00389.png,124.37405482633191,174.85867048297513,124.9100876889452,170.32862959349612,118.72899354484484,172.4243261789246,117.61505431625264,160.5449825792302,124.06123152919058,160.2397665112809,111.89612302106264,161.99203869377493,118.92711533630688,145.2614377612156
labeled-data,P20221101_Video,frame_00390.png,119.77822294171602,175.17345348877075,123.04741470713692,171.10474333591625,116.63348644031052,171.57060106226243,115.20910171475028,158.60469822317992,123.80940512455408,159.54724389853055,109.41255904531828,158.18908135591636,120.21065952665194,144.64233949772614
labeled-data,P20221101_Video,frame_00391.png,116.93948308527256,175.17990329235028,120.25340523442448,171.10474333591625,112.36486085699988,171.0273214425684,115.51954721171832,159.303200591358,122.55027310137164,161.6877683379407,109.41255904531828,158.18908135591636,119.44462488428128,144.64233949772614
labeled-data,P20221101_Video,frame_00392.png,116.113841328769,176.24144269356913,120.17579386018248,172.1913025753044,112.90814047669396,171.1049328168104,115.51954721171832,159.303200591358,122.67618630368987,161.87663814141808,109.41255904531828,159.58608609227258,119.44462488428128,144.9487533546744
labeled-data,P20221101_Video,frame_00393.png,116.113841328769,176.24144269356913,120.17579386018248,173.04502769196654,113.37380872214604,171.8810465592305,116.06282683141242,160.5449825792302,122.67618630368987,160.99524572519036,109.95583866501237,160.67264533166073,119.49569386043932,144.9487533546744
labeled-data,P20221101_Video,frame_00394.png,116.82153426291492,178.12862385129154,120.48623935715054,173.04502769196654,113.60664284487208,172.4243261789246,116.6061064511065,161.39870769589234,122.80209950600812,160.99524572519036,110.73195240743247,160.98309082862878,119.03607307501692,146.07227083015138
labeled-data,P20221101_Video,frame_00395.png,116.82153426291492,178.2465726736492,120.3310166086665,174.36442105408074,113.45142009638803,173.8989422895228,117.61505431625264,162.09721006407045,123.05392591064462,163.3246399680779,110.1886727877384,160.98309082862878,119.03607307501692,146.4297536632577
labeled-data,P20221101_Video,frame_00396.png,114.9343531051925,176.8311868053574,119.39968011776236,173.5106959374186,113.29619734790404,172.5019375531666,117.3046088192846,162.09721006407045,123.05392591064462,163.3246399680779,110.1886727877384,160.82786808014475,119.34248693196518,145.4083741400968
labeled-data,P20221101_Video,frame_00397.png,114.34460899340424,174.94400564763498,119.39968011776236,173.27786181469256,113.29619734790404,171.41537831377843,117.3046088192846,162.09721006407045,123.05392591064462,164.01716258082823,110.1886727877384,160.82786808014475,120.0574525981778,145.61265004472898
labeled-data,P20221101_Video,frame_00398.png,111.2779396121053,174.11836389113142,118.00267538140616,172.50174807227245,112.75291772820997,170.0183735774222,117.61505431625264,162.09721006407045,123.05392591064462,164.01716258082823,110.8871751559165,159.50847471803056,119.9553146458617,145.61265004472898
labeled-data,P20221101_Video,frame_00399.png,109.74460492145585,173.1747733122702,116.45044789656592,172.42413669803045,112.20963810851586,168.466146092582,118.00311118746272,160.77781670195623,123.11688251180374,163.3246399680779,110.73195240743247,159.0428064725785,119.9553146458617,145.61265004472898
labeled-data,P20221101_Video,frame_00400.png,110.21640021088643,172.34913155576663,116.06239102535586,171.88085707833636,112.20963810851586,166.83630723349975,118.15833393594671,160.77781670195623,123.242795714122,163.63942297387348,110.73195240743247,157.95624723319034,120.00638362201975,145.9701328778353
labeled-data,P20221101_Video,frame_00401.png,108.32921905316402,171.64143862162072,114.04449529506356,171.80324570409434,110.96785612064367,166.29302761380566,118.46877943291476,160.77781670195623,123.242795714122,163.63942297387348,111.97373439530466,157.95624723319034,120.00638362201975,145.9701328778353
labeled-data,P20221101_Video,frame_00402.png,106.9138331848722,170.34400157568655,113.19077017840144,172.65697082075647,110.96785612064367,165.74974799411157,118.00311118746272,160.23453708226216,123.242795714122,163.63942297387348,112.12895714378868,158.11146998167436,120.36386645512609,147.04258137715425
labeled-data,P20221101_Video,frame_00403.png,105.38049849422272,170.22605275332893,112.25943368749728,172.50174807227245,110.26935375246558,164.66318875472342,118.00311118746272,160.3897598307462,121.92070708978042,163.387596569237,112.43940264075673,158.11146998167436,120.87455621670652,146.83830547252205
labeled-data,P20221101_Video,frame_00404.png,104.31895909300388,170.22605275332893,110.70720620265706,171.95846845257836,109.8036855070135,164.66318875472342,117.84788843897869,160.3897598307462,122.67618630368987,162.8209871588049,112.43940264075673,158.11146998167436,120.87455621670652,146.83830547252205
labeled-data,P20221101_Video,frame_00405.png,101.3702385340626,172.82092684519725,109.07736734357482,173.74353006014462,106.31117366612298,168.93181433803406,117.9254998132207,160.5449825792302,121.8577504886213,163.1357701646005,110.34389553622242,157.56819036198027,121.33417700212892,147.6095268077838
labeled-data,P20221101_Video,frame_00406.png,98.77536444219426,174.11836389113142,104.49829626329613,175.06292342225885,104.29327793583067,170.09598495166424,114.35537659808816,165.822556027687,118.20626762139224,168.92777747123975,109.33494767107628,162.147261442259,120.67028031207434,148.01807861704813
labeled-data,P20221101_Video,frame_00407.png,96.18049035032593,175.0619544699926,103.10128678991758,175.60620304195294,100.64554334645612,169.55270533197017,113.73448560415208,166.13300152465507,116.06574318198209,171.13125851180902,108.63644530289815,162.6905410619531,119.5978318127554,150.57152742495038
labeled-data,P20221101_Video,frame_00408.png,90.42008467361867,173.61563889202597,98.13415883842885,175.3733689192269,95.91457706251347,168.83135824178711,111.63897849961776,166.67628114434916,112.60313011823035,172.57926033846883,108.48122255441416,161.52637044832292,120.2111187408728,155.99061861529893
labeled-data,P20221101_Video,frame_00409.png,89.41196944550663,173.8844696195225,97.66849059297677,175.3733689192269,95.53186735297584,168.83135824178711,111.09569887992367,168.84939962312546,110.4626056788202,174.216131968606,109.64539316804432,162.06965006801698,121.15546775825965,159.2643618755733
labeled-data,P20221101_Video,frame_00410.png,88.47106189926873,173.7836580967113,96.42670860510458,175.3733689192269,94.19238336959413,168.83135824178711,110.00913964053552,168.84939962312546,109.58121326259248,174.34204517092425,109.64539316804432,162.06965006801698,121.21842435941876,160.08279769064188
labeled-data,P20221101_Video,frame_00411.png,87.33781142755619,173.6370748797616,92.23569439603594,175.3733689192269,92.4701896766748,168.83135824178711,106.98229604509706,170.2464043594817,106.43338320463636,176.04187340222057,107.16182919229996,164.16515717255132,121.47025076405524,160.58645049991486
labeled-data,P20221101_Video,frame_00412.png,85.60146623818268,173.6370748797616,89.51929629756555,175.994259913163,89.59986685514255,170.17084222516883,105.58529130874084,171.17774085038582,105.55199078840866,176.04187340222057,105.76482445594374,165.48455053466552,120.58885834782754,161.5937561184608
labeled-data,P20221101_Video,frame_00413.png,84.58008671502179,173.6370748797616,89.51929629756555,175.994259913163,88.9301248634517,170.17084222516883,102.17039084209232,172.96280245795208,102.08937772465696,177.8676148358351,101.57381024687513,166.95916664526374,119.51506240670444,164.26823362683288
labeled-data,P20221101_Video,frame_00414.png,81.56701712169716,173.53493692744553,85.40589346273892,176.6927622813411,86.92089888837913,169.7881325156312,102.09277473082794,172.80757970946806,101.082072106111,177.8676148358351,101.72903299535912,168.35617138161993,117.2780582066452,165.3038837194529
labeled-data,P20221101_Video,frame_00415.png,78.84143849579874,173.17745564132818,83.77605460365668,176.6927622813411,84.3376083490001,169.7881325156312,99.8420448778096,174.04936169734023,99.19337407133736,179.25266006133575,99.16785764537276,167.65766901344182,114.33681194360436,165.5524397416817
labeled-data,P20221101_Video,frame_00416.png,75.25291222972878,172.48493302857784,81.44771337639632,176.22709403588902,81.56296295485228,169.11839052394035,95.806253417225,174.04936169734023,95.3530214006309,179.5674430671314,94.82162068782009,167.8905031361679,112.97364574014794,165.92491139919144
labeled-data,P20221101_Video,frame_00417.png,73.23830099263688,171.7924104158275,78.49848115519988,176.69276228134112,80.41483382623939,168.35297110486508,92.93463257027057,173.1956365806781,91.82744789315409,178.49718084742634,94.200729693884,167.2696121422317,112.15654212161922,167.20163580314255
labeled-data,P20221101_Video,frame_00418.png,70.90890674974936,171.7924104158275,76.86864229611763,175.68381441619496,76.10934959394103,167.20484197625217,90.5286799687682,171.7986318443219,90.1276196618578,177.61578843119864,91.6395543438976,166.4158870255696,109.90950717066528,168.88691201635802
labeled-data,P20221101_Video,frame_00419.png,67.48839365347472,171.5565045270055,75.85969443097149,174.90770067377483,73.81309133671523,167.30051940363657,87.8898932445398,171.7986318443219,87.79822541897028,176.6714394138118,87.52615150907098,165.87260740587553,104.5472646740706,172.15532649047287
labeled-data,P20221101_Video,frame_00420.png,65.01146838396403,170.73086277050194,70.81495510524073,173.89875280862867,72.1865750711803,167.30051940363657,84.47499277789129,171.7986318443219,84.77630856333242,176.9862224196074,84.49930791363252,165.7173846573915,103.93443696017404,173.94274065600445
labeled-data,P20221101_Video,frame_00421.png,64.30377544981812,170.73086277050194,68.40900250373836,173.89875280862867,69.41192967703248,167.30051940363657,82.37948567335698,171.7986318443219,81.62847850537632,176.9862224196074,83.56797142272839,166.88155527102168,101.17671224763964,173.84060270368835
labeled-data,P20221101_Video,frame_00422.png,61.826850180307446,170.73086277050194,67.01199776738216,174.59725517680678,67.01999399242227,167.6832291131742,81.60337193093687,172.34191146401596,80.74708608914861,177.8676148358351,82.63663493182425,166.72633252253766,100.00212579600462,174.04487860832052
labeled-data,P20221101_Video,frame_00423.png,61.59095253559214,170.73086277050194,66.85677738740931,174.83008929953286,66.44592942811582,167.6832291131742,78.96458520670848,172.574745586742,78.35473524510198,177.8676148358351,78.83367759396567,166.72633252253766,97.29547005962826,174.19808553679465
labeled-data,P20221101_Video,frame_00424.png,61.59095253559214,170.73086277050194,66.08066364498919,174.83008929953286,66.1588971459626,167.6832291131742,76.32579848248008,172.03146596704792,75.77351459757797,177.42691862772125,76.89339323791539,167.11438939374773,95.71233179872888,173.38098191826597
labeled-data,P20221101_Video,frame_00425.png,62.77044075916865,170.73086277050194,68.71945036921758,174.28680967983877,67.21134884719109,167.6832291131742,79.81831032337061,171.48818634735383,79.80273707176178,176.98622241960737,80.69635057577395,166.88155527102168,96.93798722652194,171.69570570505047
labeled-data,P20221101_Video,frame_00426.png,61.995511382258485,171.67328349562248,69.26272998891167,174.28680967983877,68.5508328305728,167.6832291131742,82.22426292487297,171.8762432185639,82.06917471349017,176.9862224196074,81.31724156971005,167.34722351647375,96.8869182503639,171.08287799115394
labeled-data,P20221101_Video,frame_00427.png,61.912659374848886,171.67328349562248,68.64183899497557,174.5972551768068,66.54160685550023,167.97026139532744,81.13770368548481,171.8762432185639,81.37665210073983,176.9862224196074,80.07545958183786,166.41588702556962,95.76340077488692,171.08287799115394
labeled-data,P20221101_Video,frame_00428.png,61.912659374848886,172.12896953637528,67.40005700710338,174.75247792529083,65.68051000904056,167.6832291131742,79.50786482640257,171.48818634735383,80.05456347639827,176.98622241960737,80.61873920153195,166.88155527102168,95.4059179417806,171.23608491962807
labeled-data,P20221101_Video,frame_00429.png,61.995511382258485,171.09331944375526,66.54633189044125,174.4420324283228,66.44592942811582,166.82213226671453,79.81831032337061,171.48818634735383,80.05456347639827,176.92326581844827,79.22173446517573,166.88155527102168,96.17195258415128,171.9510505858407
labeled-data,P20221101_Video,frame_00430.png,62.28549340819209,170.63763340300247,66.85677738740931,175.1405347965009,67.78541341149753,167.10916454886777,78.65413970974043,171.48818634735383,78.79543145321583,176.4825696103344,78.67845484548165,166.88155527102168,95.76340077488692,172.97243010900158
labeled-data,P20221101_Video,frame_00431.png,62.03693738596328,170.63763340300247,66.85677738740931,175.1405347965009,67.78541341149753,167.10916454886777,78.65413970974043,173.7389162003722,78.48064844742021,177.301005425403,79.29934583941775,167.73528038768382,95.61019384641278,172.61494727589528
labeled-data,P20221101_Video,frame_00432.png,61.04271329704808,171.71470949932728,66.31349776771522,175.68381441619496,66.44592942811582,168.25729367748067,80.20636719458066,173.7389162003722,80.30638988103476,177.42691862772125,79.29934583941775,167.73528038768382,95.45698691793864,172.61494727589525
labeled-data,P20221101_Video,frame_00433.png,61.04271329704808,171.71470949932728,66.31349776771522,175.68381441619496,66.25457457334701,167.874583967943,78.65413970974043,173.7389162003722,79.36204086364793,177.6157884311986,78.36800934851361,168.04572588465186,95.20164203714845,172.46174034742114
labeled-data,P20221101_Video,frame_00434.png,61.04271329704808,171.71470949932728,66.31349776771522,175.68381441619496,66.25457457334701,167.874583967943,78.65413970974043,172.88519108371003,79.17317106017056,177.17509222308476,77.59189560609349,167.11438939374773,94.84415920404211,172.6660162520533
labeled-data,P20221101_Video,frame_00435.png,60.87700928222887,172.4603775660137,66.31349776771522,175.68381441619496,66.25457457334701,167.874583967943,79.35264207791855,173.1956365806781,79.2990842624888,177.17509222308476,79.37695721365975,168.12333725889386,94.18026251398754,173.38098191826597
labeled-data,P20221101_Video,frame_00436.png,60.87700928222887,172.12896953637528,66.39110914195723,175.68381441619496,66.25457457334701,167.874583967943,78.49891696125641,173.1956365806781,79.17317106017056,177.17509222308476,78.91128896820769,168.12333725889386,,
labeled-data,P20221101_Video,frame_00437.png,60.79415727481927,171.71470949932728,66.39110914195723,175.68381441619496,66.25457457334701,168.06593882271184,78.80936245822446,173.1956365806781,78.92134465553407,177.17509222308476,78.36800934851361,168.12333725889386,,
labeled-data,P20221101_Video,frame_00438.png,60.58702725629527,170.67905940670727,65.22693852832705,175.52859166771094,66.25457457334701,167.39619683102097,79.35264207791855,173.1956365806781,79.04725785785232,177.17509222308476,78.36800934851361,168.12333725889386,,
labeled-data,P20221101_Video,frame_00439.png,60.66987926370487,170.59620739929767,65.22693852832705,175.52859166771094,66.35025200073142,166.0567128476393,79.19741932943452,173.04041383219408,79.48795406596616,177.17509222308476,79.6097913363858,167.96811451040983,,
labeled-data,P20221101_Video,frame_00440.png,57.35579896732082,168.60775922146723,64.06276791469689,174.4420324283228,63.384251751814766,164.81290629164198,76.86907810217417,172.34191146401596,76.78082021612391,177.0491790207665,76.9710046121574,167.26961214223172,,
labeled-data,P20221101_Video,frame_00441.png,55.2016467746712,168.02779516960004,64.06276791469689,173.58830731166066,63.19289689704595,164.1431642999511,75.782518862786,172.34191146401596,75.33281838946411,176.4196130091753,76.03966812125326,166.64872114829564,,
labeled-data,P20221101_Video,frame_00501.png,124.1837811152518,99.0544193542168,124.43923243063252,92.33228805531758,118.23621271674858,95.39288263548832,118.61110371892822,84.98659451334274,123.4632437248946,85.58155284936174,112.45287810293956,86.41247316132765,115.6639206726416,72.44017910223221
labeled-data,P20221101_Video,frame_00502.png,124.3857295981043,99.6982434266998,124.43923243063252,92.77298426343144,118.28728169290665,95.75036546859464,118.3625476966994,84.98659451334274,123.58915692721284,84.76311703429315,112.38992150178044,86.72725616712327,115.6639206726416,72.44017910223221
labeled-data,P20221101_Video,frame_00503.png,124.3857295981043,99.6982434266998,124.25036262715516,92.77298426343144,118.44048862138077,95.75036546859464,118.3625476966994,85.60798456891476,123.58915692721284,85.58155284936174,112.45287810293956,87.16795237523712,115.6639206726416,72.44017910223221
labeled-data,P20221101_Video,frame_00504.png,124.3857295981043,99.6982434266998,124.18740602599604,92.77298426343144,118.23621271674858,95.75036546859464,118.98393775227142,85.89796659484836,123.71507012953109,85.58155284936174,112.45287810293956,87.16795237523712,115.6639206726416,72.688735124461
labeled-data,P20221101_Video,frame_00505.png,124.3857295981043,99.6982434266998,124.25036262715516,93.02481066806791,118.23621271674858,96.46533113480726,118.81823373745222,86.18794862078195,123.90393993300844,85.45563964704348,112.45287810293956,87.41977877987361,115.6639206726416,73.26869917632821
labeled-data,P20221101_Video,frame_00506.png,124.3857295981043,99.6982434266998,124.25036262715516,93.02481066806791,118.44048862138077,96.66960703943944,118.5282517115186,86.39507863930596,123.4632437248946,85.45563964704348,113.01948751337169,87.92343158914659,115.6639206726416,73.26869917632821
labeled-data,P20221101_Video,frame_00507.png,124.26778077574666,99.81619224905744,124.25036262715516,93.02481066806791,118.44048862138077,96.66960703943944,118.3625476966994,85.85654059114356,123.58915692721284,85.70746605167997,113.01948751337169,86.97908257175976,115.6639206726416,73.26869917632821
