scorer,,,Andrew,Andrew,Andrew,Andrew,Andrew,Andrew,Andrew,Andrew,Andrew,Andrew,Andrew,Andrew,Andrew,Andrew
bodyparts,,,Left_Ear,Left_Ear,Right_Ear,Right_Ear,Body_Center,Body_Center,Left_Body,Left_Body,Right_Body,Right_Body,Tail_Base,Tail_Base,Nose,Nose
coords,,,x,y,x,y,x,y,x,y,x,y,x,y,x,y
labeled-data,P20221101_Video,frame_00000.png,122.59752783238602,169.86809564309394,116.5821378921458,171.75527680081632,117.17188200393404,159.9603945650512,122.24368136531305,159.4885992756206,111.39238970840913,160.1962922097665,115.99239378035753,144.3911500138412,,
labeled-data,P20221101_Video,frame_00001.png,122.59752783238602,169.86809564309394,116.5821378921458,171.75527680081632,117.17188200393404,159.9603945650512,122.24368136531305,159.4885992756206,111.39238970840913,160.1962922097665,115.99239378035753,144.3911500138412,,
labeled-data,P20221101_Video,frame_00002.png,122.59752783238602,169.86809564309394,116.5821378921458,171.75527680081632,117.17188200393404,159.9603945650512,122.24368136531305,159.4885992756206,111.39238970840913,160.1962922097665,115.99239378035753,144.3911500138412,,
labeled-data,P20221101_Video,frame_00003.png,122.59752783238602,169.86809564309394,116.5821378921458,171.75527680081632,117.17188200393404,159.9603945650512,122.24368136531305,159.4885992756206,111.39238970840913,160.1962922097665,115.99239378035753,144.3911500138412,,
labeled-data,P20221101_Video,frame_00004.png,122.59752783238602,169.86809564309394,116.5821378921458,171.75527680081632,117.17188200393404,159.9603945650512,122.24368136531305,159.4885992756206,111.39238970840913,160.1962922097665,115.99239378035753,144.3911500138412,,
labeled-data,P20221101_Video,frame_00005.png,122.59752783238602,169.86809564309394,116.5821378921458,171.75527680081632,117.17188200393404,159.9603945650512,122.24368136531305,159.4885992756206,111.39238970840913,160.1962922097665,115.99239378035753,144.3911500138412,,
labeled-data,P20221101_Video,frame_00006.png,122.59752783238602,169.86809564309394,116.5821378921458,171.75527680081632,117.17188200393404,159.9603945650512,122.24368136531305,159.4885992756206,111.39238970840913,160.1962922097665,115.99239378035753,144.3911500138412,,
labeled-data,P20221101_Video,frame_00007.png,122.59752783238602,169.86809564309394,116.5821378921458,171.75527680081632,117.17188200393404,159.9603945650512,122.24368136531305,159.4885992756206,111.39238970840913,160.1962922097665,115.99239378035753,144.3911500138412,,
labeled-data,P20221101_Video,frame_00008.png,122.59752783238602,169.86809564309394,116.5821378921458,171.75527680081632,117.17188200393404,159.9603945650512,122.24368136531305,159.4885992756206,111.39238970840913,160.1962922097665,115.99239378035753,144.3911500138412,,
labeled-data,P20221101_Video,frame_00009.png,122.59752783238602,169.86809564309394,116.5821378921458,171.75527680081632,117.17188200393404,159.9603945650512,122.24368136531305,159.4885992756206,111.39238970840913,160.1962922097665,115.99239378035753,144.3911500138412,,
labeled-data,P20221101_Video,frame_00010.png,122.59752783238602,169.86809564309394,116.5821378921458,171.75527680081632,117.17188200393404,159.9603945650512,122.24368136531305,159.4885992756206,111.39238970840913,160.1962922097665,115.99239378035753,144.3911500138412,,
labeled-data,P20221101_Video,frame_00011.png,122.59752783238602,169.86809564309394,116.5821378921458,171.75527680081632,117.17188200393404,159.9603945650512,122.24368136531305,159.4885992756206,111.39238970840913,160.1962922097665,115.99239378035753,144.3911500138412,,
labeled-data,P20221101_Video,frame_00012.png,122.57310320587851,170.18219457617198,115.81290081693567,171.34679162136348,117.65827160060945,160.31486562096435,122.55753460105633,160.97177058936674,111.00683279845451,160.597411631853,114.96122760043761,144.42494724472525,,
labeled-data,P20221101_Video,frame_00013.png,122.57310320587851,169.79948486663432,115.81290081693567,171.15543676659468,117.91009800524594,159.8741694128505,123.03592173797837,160.30202859767587,111.10251022583891,159.92766964016215,114.96122760043761,144.42494724472525,,
labeled-data,P20221101_Video,frame_00014.png,122.57310320587851,169.79948486663432,116.38696538124212,170.96408191182584,117.91009800524594,159.8741694128505,123.03592173797837,160.30202859767587,111.10251022583891,159.92766964016215,115.1655035050698,144.42494724472525,,
labeled-data,P20221101_Video,frame_00015.png,122.57310320587851,168.74703316540584,114.66477168832277,169.52892050105973,117.65827160060945,159.18164680010017,122.94024431059395,159.91931888813826,110.14573595199484,159.83199221277772,115.31871043354393,144.42494724472525,,
labeled-data,P20221101_Video,frame_00016.png,122.57310320587851,169.79948486663432,115.90857824432008,170.67704962967264,117.65827160060945,157.73364497344036,122.94024431059395,158.57983490475655,111.19818765322333,160.11902449493095,115.31871043354393,144.42494724472525,,
labeled-data,P20221101_Video,frame_00017.png,122.57310320587851,169.4167751570967,115.90857824432008,170.67704962967264,117.65827160060945,158.61503738966806,122.94024431059395,159.3452543238318,111.19818765322333,159.73631478539332,115.31871043354393,144.42494724472525,,
labeled-data,P20221101_Video,frame_00018.png,122.57310320587851,169.79948486663432,116.48264280862654,171.05975933921025,117.65827160060945,158.61503738966806,123.03592173797837,159.153899469063,111.10251022583891,159.06657279370245,115.31871043354393,144.42494724472525,,
labeled-data,P20221101_Video,frame_00019.png,122.57310320587851,169.79948486663432,116.48264280862654,171.72950133090112,117.65827160060945,158.61503738966806,123.03592173797837,159.153899469063,111.10251022583891,159.06657279370245,115.31871043354393,144.42494724472525,,
labeled-data,P20221101_Video,frame_00020.png,123.24284519756937,169.99083972140315,117.05670737293298,171.05975933921025,117.65827160060945,158.61503738966806,123.03592173797837,159.153899469063,111.10251022583891,159.06657279370245,115.31871043354393,144.42494724472525,,
labeled-data,P20221101_Video,frame_00021.png,122.95581291541615,169.99083972140315,116.57832023601094,171.72950133090112,117.65827160060945,158.61503738966806,123.03592173797837,158.9625446142942,111.10251022583891,158.3968308020116,115.31871043354393,144.42494724472525,,
labeled-data,P20221101_Video,frame_00022.png,123.33852262495378,169.99083972140315,116.57832023601094,171.34679162136348,117.65827160060945,158.61503738966806,123.03592173797837,158.9625446142942,110.43276823414806,158.3968308020116,115.31871043354393,144.42494724472525,,
labeled-data,P20221101_Video,frame_00023.png,122.57310320587851,171.04329142263163,115.62154596216686,171.34679162136348,117.65827160060945,158.61503738966806,123.03592173797837,158.9625446142942,110.81547794368569,158.01412109247397,115.31871043354393,144.42494724472525,,
labeled-data,P20221101_Video,frame_00024.png,122.57310320587851,171.04329142263163,115.62154596216686,171.34679162136348,117.65827160060945,158.61503738966806,123.03592173797837,158.9625446142942,110.81547794368569,158.68386308416484,115.31871043354393,144.42494724472525,,
labeled-data,P20221101_Video,frame_00025.png,122.57310320587851,171.42600113216926,115.23883625262923,171.72950133090112,117.65827160060945,160.06303921632787,123.03592173797837,158.9625446142942,111.19818765322333,160.5017342044686,115.31871043354393,144.42494724472525,,
labeled-data,P20221101_Video,frame_00026.png,122.95581291541615,171.33032370478486,114.56909426093837,172.39924332259196,117.65827160060945,160.06303921632787,123.03592173797837,160.68473830721354,110.9111553710701,159.83199221277772,115.52298633817611,144.8334990539896,,
labeled-data,P20221101_Video,frame_00027.png,121.61632893203443,173.33954967985744,114.76044911570719,173.06898531428283,117.72122820176858,161.44808444182854,122.84456688320955,162.50260942751726,111.19818765322333,160.31037934969976,115.52298633817611,145.19098188709592,,
labeled-data,P20221101_Video,frame_00028.png,121.32929664988121,173.33954967985744,114.76044911570719,173.06898531428283,117.72122820176858,161.44808444182854,123.03592173797837,162.8853191370549,111.19818765322333,160.31037934969976,115.88046917128241,145.75274062483442,,
labeled-data,P20221101_Video,frame_00029.png,121.71200635941884,173.33954967985744,114.66477168832277,173.64304987858927,117.72122820176858,161.44808444182854,123.03592173797837,162.8853191370549,111.19818765322333,160.31037934969976,116.03367609975655,145.54846472020222,,
labeled-data,P20221101_Video,frame_00030.png,121.1379417951124,173.1481948250886,114.76044911570719,173.26034016905163,117.72122820176858,161.44808444182854,123.03592173797837,162.50260942751726,111.38954250799213,160.31037934969976,116.03367609975655,145.54846472020222,,
labeled-data,P20221101_Video,frame_00031.png,121.99903864157207,173.1481948250886,114.76044911570719,173.26034016905163,117.72122820176858,161.44808444182854,123.03592173797837,161.83286743582642,111.86792964491418,160.98012134139063,116.03367609975655,145.54846472020222,,
labeled-data,P20221101_Video,frame_00032.png,120.94658694034358,173.1481948250886,114.76044911570719,173.26034016905163,117.72122820176858,159.8741694128505,122.84456688320955,160.4933834524447,111.38954250799213,159.25792764847128,116.03367609975655,145.54846472020222,,
labeled-data,P20221101_Video,frame_00033.png,121.32929664988121,173.1481948250886,114.76044911570719,173.26034016905163,117.72122820176858,160.56669202560084,123.13159916536277,160.7804157345979,111.38954250799213,160.31037934969976,116.03367609975655,145.54846472020222,,
labeled-data,P20221101_Video,frame_00034.png,121.32929664988121,172.76548511555097,114.76044911570719,173.26034016905163,117.72122820176858,160.56669202560084,123.13159916536277,161.45015772628878,111.38954250799213,160.31037934969976,116.03367609975655,145.54846472020222,,
labeled-data,P20221101_Video,frame_00035.png,121.90336121418765,171.7130334143225,114.37773940616955,172.30356589520756,117.72122820176858,160.56669202560084,123.13159916536277,161.45015772628878,111.29386508060773,160.31037934969976,116.03367609975655,145.54846472020222,,
labeled-data,P20221101_Video,frame_00036.png,121.71200635941884,170.37354943094078,114.37773940616955,171.6338239035167,117.72122820176858,160.56669202560084,122.94024431059395,161.06744801675114,111.29386508060773,159.92766964016215,116.03367609975655,145.54846472020222,,
labeled-data,P20221101_Video,frame_00037.png,121.80768378680325,170.37354943094078,114.37773940616955,171.6338239035167,117.72122820176858,159.43347320473666,122.94024431059395,160.20635117029147,111.29386508060773,159.25792764847128,116.03367609975655,145.54846472020222,,
labeled-data,P20221101_Video,frame_00038.png,123.14716777018496,169.70380743924994,113.42096513232548,170.77272705705704,117.91009800524594,160.125995817487,122.94024431059395,160.20635117029147,111.29386508060773,159.25792764847128,115.82940019512438,145.54846472020222,,
labeled-data,P20221101_Video,frame_00039.png,122.28607092372529,169.70380743924994,113.89935226924752,170.77272705705704,117.65827160060945,159.5593864070549,122.27050231890311,159.72796403336943,111.38954250799213,159.92766964016215,115.82940019512438,145.19098188709592,,
labeled-data,P20221101_Video,frame_00040.png,122.47742577849411,169.32109772971228,114.95180397047599,170.77272705705704,117.65827160060945,159.5593864070549,122.84456688320955,159.72796403336943,111.38954250799213,158.87521793893364,115.52298633817611,145.19098188709592,,
labeled-data,P20221101_Video,frame_00041.png,122.66878063326293,169.32109772971228,115.33451368001363,171.15543676659468,117.65827160060945,159.5593864070549,122.65321202844073,159.53660917860063,111.86792964491418,159.73631478539332,115.52298633817611,145.19098188709592,,
labeled-data,P20221101_Video,frame_00042.png,122.66878063326293,169.32109772971228,116.48264280862654,171.82517875828552,117.91009800524594,159.68529960937315,123.13159916536277,160.11067374290707,111.48521993537655,160.02334706754655,115.52298633817611,145.19098188709592,,
labeled-data,P20221101_Video,frame_00043.png,123.33852262495378,169.6081300118655,117.2480622277018,172.20788846782315,118.35079421335979,160.25190901980523,122.94024431059395,160.97177058936674,111.77225221752977,160.4060567770842,115.6251242904922,145.19098188709592,,
labeled-data,P20221101_Video,frame_00044.png,123.625554907107,169.03406544755907,118.97025592062113,172.87763045951402,118.35079421335979,159.8741694128505,122.74888945582515,160.30202859767587,111.29386508060773,160.6930890592374,115.21657248122784,145.19098188709592,,
labeled-data,P20221101_Video,frame_00045.png,123.625554907107,168.3643234558682,119.92703019446522,172.87763045951402,118.35079421335979,159.8741694128505,122.74888945582515,159.63228660598503,112.059284499683,160.6930890592374,115.21657248122784,145.03777495862178,,
labeled-data,P20221101_Video,frame_00046.png,124.00826461664464,168.3643234558682,120.59677218615607,172.87763045951402,118.35079421335979,159.8741694128505,122.74888945582515,159.63228660598503,112.059284499683,163.27637959861642,114.39946886269912,145.29311983941201,,
labeled-data,P20221101_Video,frame_00047.png,124.39097432618226,167.59890403679296,120.59677218615607,172.01653361305432,118.60262061799628,159.43347320473666,122.74888945582515,158.9625446142942,112.72902649137384,163.27637959861642,114.70588271964739,145.03777495862178,,
labeled-data,P20221101_Video,frame_00048.png,124.48665175356668,167.59890403679296,120.59677218615607,172.01653361305432,118.60262061799628,159.43347320473666,122.74888945582515,158.9625446142942,112.72902649137384,163.27637959861642,115.0633655527537,145.03777495862178,,
labeled-data,P20221101_Video,frame_00049.png,123.91258718926022,167.59890403679296,120.97948189569371,172.39924332259196,118.60262061799628,159.43347320473666,122.74888945582515,158.9625446142942,113.49444591044912,163.85044416292288,114.85908964812153,145.03777495862178,,
labeled-data,P20221101_Video,frame_00050.png,125.15639374525753,166.9291620451021,121.17083675046251,172.39924332259196,118.60262061799628,158.55208078850893,123.13159916536277,158.9625446142942,112.059284499683,160.21470192231536,114.29733091038304,145.03777495862178,,
labeled-data,P20221101_Video,frame_00051.png,124.6780066083355,166.9291620451021,120.40541733138726,172.39924332259196,118.60262061799628,158.55208078850893,123.13159916536277,158.9625446142942,112.059284499683,159.54495993062451,114.39946886269912,145.24205086325395,,
labeled-data,P20221101_Video,frame_00052.png,124.6780066083355,166.9291620451021,118.20483650154587,170.67704962967264,117.91009800524594,158.55208078850893,122.74888945582515,158.9625446142942,111.38954250799215,159.54495993062451,114.60374476733129,145.24205086325395,,
labeled-data,P20221101_Video,frame_00053.png,124.00826461664464,166.9291620451021,117.53509450985501,170.67704962967264,117.65827160060945,158.55208078850893,122.84456688320955,158.9625446142942,111.48521993537656,159.54495993062451,114.60374476733129,145.24205086325395,,
labeled-data,P20221101_Video,frame_00054.png,124.00826461664464,166.9291620451021,116.86535251816416,170.00730763798177,117.65827160060945,158.55208078850893,122.84456688320955,158.9625446142942,110.71980051630129,158.2054759472428,114.60374476733129,145.24205086325395,,
labeled-data,P20221101_Video,frame_00055.png,123.72123233449142,166.9291620451021,116.86535251816416,170.00730763798177,117.65827160060945,158.55208078850893,122.84456688320955,158.9625446142942,111.29386508060773,159.54495993062451,114.60374476733129,145.24205086325395,,
labeled-data,P20221101_Video,frame_00056.png,123.72123233449142,167.59890403679296,116.86535251816416,170.1986624927506,117.65827160060945,158.55208078850893,122.84456688320955,158.9625446142942,111.29386508060773,158.68386308416484,114.60374476733129,145.24205086325395,,
labeled-data,P20221101_Video,frame_00057.png,123.72123233449142,167.59890403679296,116.86535251816416,170.1986624927506,117.65827160060945,158.55208078850893,122.84456688320955,158.9625446142942,111.29386508060773,158.3011533746272,114.60374476733129,145.24205086325395,,
labeled-data,P20221101_Video,frame_00058.png,123.33852262495378,167.59890403679296,115.33451368001363,170.1986624927506,117.65827160060945,158.55208078850893,122.84456688320955,158.9625446142942,110.71980051630129,157.53573395555193,114.60374476733129,145.24205086325395,,
labeled-data,P20221101_Video,frame_00059.png,123.33852262495378,167.59890403679296,115.33451368001363,170.1986624927506,117.65827160060945,158.55208078850893,122.84456688320955,158.9625446142942,111.48521993537656,158.58818565678044,114.60374476733129,145.24205086325395,,
labeled-data,P20221101_Video,frame_00060.png,123.05149034280055,166.54645233556445,114.28206197878515,168.47646879983125,117.65827160060945,158.55208078850893,122.84456688320955,158.9625446142942,111.48521993537656,158.58818565678044,114.60374476733129,145.24205086325395,,
labeled-data,P20221101_Video,frame_00061.png,123.52987747972259,166.54645233556445,115.04748139786041,168.47646879983125,117.65827160060945,158.55208078850893,122.84456688320955,158.9625446142942,111.48521993537656,158.58818565678044,114.60374476733129,145.24205086325395,,
labeled-data,P20221101_Video,frame_00062.png,123.52987747972259,166.54645233556445,115.33451368001363,168.47646879983125,117.65827160060945,158.55208078850893,122.84456688320955,158.9625446142942,111.10251022583893,159.25792764847128,114.60374476733129,145.24205086325395,,
labeled-data,P20221101_Video,frame_00063.png,123.91258718926022,165.7810329164892,115.81290081693567,168.85917850936886,117.65827160060945,158.55208078850893,122.84456688320955,158.9625446142942,111.10251022583893,158.87521793893364,114.60374476733129,145.24205086325395,,
labeled-data,P20221101_Video,frame_00064.png,123.33852262495378,165.7810329164892,115.81290081693567,168.85917850936886,117.65827160060945,158.55208078850893,122.84456688320955,158.9625446142942,111.10251022583893,158.87521793893364,114.60374476733129,145.24205086325395,,
labeled-data,P20221101_Video,frame_00065.png,123.52987747972259,165.7810329164892,115.81290081693567,168.85917850936886,117.65827160060945,158.55208078850893,122.84456688320955,158.9625446142942,111.10251022583893,158.87521793893364,114.60374476733129,145.24205086325395,,
labeled-data,P20221101_Video,frame_00066.png,123.52987747972259,165.7810329164892,115.81290081693567,168.85917850936886,117.65827160060945,158.55208078850893,122.84456688320955,158.9625446142942,111.10251022583893,158.87521793893364,114.60374476733129,145.24205086325395,,
labeled-data,P20221101_Video,frame_00067.png,123.05149034280055,167.50322660940856,116.57832023601094,170.00730763798177,117.65827160060945,158.55208078850893,122.84456688320955,158.9625446142942,111.10251022583893,158.87521793893364,114.60374476733129,145.24205086325395,,
labeled-data,P20221101_Video,frame_00068.png,123.24284519756937,167.50322660940856,116.57832023601094,170.00730763798177,117.65827160060945,158.55208078850893,122.84456688320955,158.9625446142942,111.10251022583893,158.2054759472428,114.60374476733129,145.24205086325395,,
labeled-data,P20221101_Video,frame_00069.png,123.24284519756937,167.50322660940856,116.57832023601094,170.00730763798177,117.65827160060945,158.55208078850893,122.84456688320955,158.9625446142942,111.10251022583893,158.2054759472428,114.60374476733129,145.24205086325395,,
labeled-data,P20221101_Video,frame_00070.png,123.24284519756937,168.84271059279024,116.57832023601094,170.00730763798177,117.65827160060945,158.55208078850893,122.84456688320955,158.9625446142942,111.10251022583893,158.2054759472428,114.60374476733129,145.24205086325395,,
labeled-data,P20221101_Video,frame_00071.png,123.24284519756937,168.84271059279024,117.3437396550862,171.72950133090112,117.65827160060945,158.55208078850893,122.84456688320955,158.9625446142942,111.10251022583893,158.2054759472428,114.60374476733129,145.24205086325395,,
labeled-data,P20221101_Video,frame_00072.png,123.24284519756937,168.46000088325263,117.3437396550862,171.72950133090112,117.65827160060945,158.55208078850893,122.84456688320955,158.9625446142942,111.10251022583893,158.2054759472428,114.60374476733129,145.24205086325395,,
labeled-data,P20221101_Video,frame_00073.png,123.24284519756937,168.46000088325263,117.3437396550862,170.86840448444144,117.65827160060945,158.55208078850893,122.84456688320955,158.9625446142942,111.10251022583893,158.2054759472428,114.60374476733129,145.24205086325395,,
labeled-data,P20221101_Video,frame_00074.png,123.24284519756937,168.84271059279024,116.96102994554857,170.86840448444144,117.65827160060945,158.55208078850893,122.84456688320955,158.9625446142942,111.10251022583893,158.2054759472428,114.60374476733129,145.24205086325395,,
labeled-data,P20221101_Video,frame_00075.png,123.24284519756937,168.84271059279024,117.15238480031738,170.86840448444144,117.65827160060945,158.55208078850893,122.84456688320955,158.9625446142942,111.10251022583893,158.2054759472428,114.60374476733129,145.24205086325395,,
labeled-data,P20221101_Video,frame_00076.png,123.24284519756937,168.84271059279024,117.15238480031738,170.86840448444144,117.65827160060945,158.55208078850893,122.84456688320955,158.9625446142942,111.10251022583893,158.2054759472428,114.60374476733129,145.24205086325395,,
labeled-data,P20221101_Video,frame_00077.png,123.24284519756937,168.84271059279024,117.15238480031738,170.86840448444144,117.65827160060945,158.55208078850893,122.84456688320955,158.9625446142942,111.10251022583893,158.2054759472428,114.60374476733129,145.24205086325395,,
labeled-data,P20221101_Video,frame_00078.png,123.81690976187582,169.12974287494347,117.15238480031738,170.86840448444144,117.65827160060945,158.55208078850893,122.84456688320955,158.9625446142942,111.10251022583893,158.2054759472428,115.0633655527537,144.88456803014765,,
labeled-data,P20221101_Video,frame_00079.png,123.72123233449142,169.12974287494347,117.15238480031738,170.86840448444144,117.65827160060945,158.55208078850893,122.84456688320955,158.9625446142942,111.10251022583893,158.2054759472428,115.1655035050698,144.88456803014765,,
labeled-data,P20221101_Video,frame_00080.png,123.05149034280055,169.12974287494347,115.14315882524483,170.1986624927506,117.65827160060945,158.55208078850893,122.84456688320955,159.2495768964474,111.10251022583893,158.2054759472428,115.1655035050698,146.82518912415335,,
labeled-data,P20221101_Video,frame_00081.png,122.66878063326293,169.5124525844811,114.95180397047599,170.1986624927506,117.65827160060945,160.62964862675997,123.22727659274719,161.54583515367318,111.58089736276096,160.4060567770842,115.26764145738588,146.82518912415335,,
labeled-data,P20221101_Video,frame_00082.png,121.99903864157207,169.89516229401875,114.56909426093837,170.1986624927506,117.65827160060945,160.62964862675997,123.22727659274719,161.737190008442,111.58089736276096,159.73631478539332,115.26764145738588,146.56984424336312,,
labeled-data,P20221101_Video,frame_00083.png,121.71200635941884,170.18219457617198,114.37773940616955,170.1986624927506,117.91009800524594,160.62964862675997,123.22727659274719,161.737190008442,111.58089736276096,159.73631478539332,115.82940019512436,146.16129243409875,,
labeled-data,P20221101_Video,frame_00084.png,121.71200635941884,169.5124525844811,113.89935226924752,170.1986624927506,117.91009800524594,159.5593864070549,123.22727659274719,161.737190008442,111.58089736276096,159.73631478539332,115.77833121896633,146.7741201479953,,
labeled-data,P20221101_Video,frame_00085.png,120.85090951295916,171.23464627740046,113.89935226924752,169.72027535582853,117.91009800524594,159.5593864070549,123.03592173797837,159.72796403336946,111.38954250799215,159.06657279370248,115.77833121896633,146.5187752672051,,
labeled-data,P20221101_Video,frame_00086.png,120.37252237603713,171.23464627740046,113.03825542278784,169.1462107915221,117.34348859481385,159.5593864070549,123.32295402013159,160.3977060250603,111.38954250799215,159.06657279370248,115.77833121896633,146.5187752672051,,
labeled-data,P20221101_Video,frame_00087.png,119.9898126664995,170.85193656786282,113.03825542278784,168.18943651767802,117.4694017971321,159.5593864070549,123.13159916536277,160.87609316198234,110.33709080676365,158.58818565678044,115.5229863381761,147.64229274268206,,
labeled-data,P20221101_Video,frame_00088.png,119.12871582003983,170.85193656786282,112.36851343109699,168.18943651767802,117.72122820176858,159.5593864070549,123.13159916536277,160.87609316198234,110.43276823414807,158.58818565678044,117.25933152754962,145.54846472020222,,
labeled-data,P20221101_Video,frame_00089.png,119.12871582003983,171.42600113216926,111.98580372155935,170.10298506536617,117.72122820176858,159.5593864070549,122.84456688320955,160.87609316198234,111.29386508060773,159.4492825032401,116.23795200438872,145.54846472020222,,
labeled-data,P20221101_Video,frame_00090.png,119.12871582003983,171.8087108417069,111.98580372155935,171.25111419397908,117.65827160060945,159.5593864070549,122.84456688320955,160.87609316198234,110.71980051630129,159.92766964016215,116.23795200438872,145.54846472020222,,
labeled-data,P20221101_Video,frame_00091.png,119.12871582003983,171.7130334143225,111.98580372155935,171.25111419397908,117.65827160060945,159.5593864070549,122.74888945582515,160.87609316198234,110.71980051630129,159.4492825032401,115.21657248122783,145.75274062483442,,
labeled-data,P20221101_Video,frame_00092.png,118.45897382834897,171.7130334143225,111.98580372155935,171.25111419397908,117.34348859481385,159.5593864070549,122.74888945582515,160.87609316198234,110.71980051630129,159.4492825032401,115.26764145738588,145.54846472020222,,
labeled-data,P20221101_Video,frame_00093.png,119.22439324742423,171.42600113216926,111.98580372155935,171.25111419397908,117.2175753924956,160.6926052279191,122.74888945582515,160.87609316198234,110.91115537107011,160.11902449493095,115.6251242904922,145.54846472020222,,
labeled-data,P20221101_Video,frame_00094.png,119.22439324742423,171.42600113216926,113.22961027755666,172.49492074997636,117.2175753924956,160.6926052279191,122.74888945582515,160.87609316198234,110.91115537107011,160.11902449493095,115.6251242904922,145.54846472020222,,
labeled-data,P20221101_Video,frame_00095.png,120.85090951295916,170.37354943094078,113.80367484186311,172.49492074997636,117.28053199365472,160.6926052279191,122.46185717367192,160.87609316198234,110.91115537107011,160.11902449493095,115.6251242904922,145.54846472020222,,
labeled-data,P20221101_Video,frame_00096.png,121.2336192224968,170.37354943094078,114.09070712401633,172.49492074997636,117.4694017971321,160.6926052279191,122.65321202844073,160.87609316198234,111.29386508060773,161.17147619615946,115.6251242904922,145.54846472020222,,
labeled-data,P20221101_Video,frame_00097.png,121.42497407726562,170.37354943094078,115.81290081693567,173.16466274166723,117.4694017971321,160.6926052279191,122.65321202844073,160.87609316198234,111.58089736276096,161.17147619615946,115.6251242904922,145.54846472020222,,
labeled-data,P20221101_Video,frame_00098.png,122.47742577849411,170.37354943094078,115.81290081693567,172.7819530321296,117.4694017971321,160.6926052279191,122.65321202844073,160.87609316198234,111.58089736276096,161.17147619615946,115.42084838586001,146.21236141025682,,
labeled-data,P20221101_Video,frame_00099.png,121.99903864157207,170.18219457617198,115.62154596216686,172.39924332259196,117.4694017971321,160.6926052279191,122.65321202844073,160.87609316198234,111.58089736276096,161.17147619615946,115.0633655527537,146.56984424336312,,
labeled-data,P20221101_Video,frame_00100.png,122.19039349634087,169.4167751570967,115.81290081693567,172.39924332259196,117.4694017971321,160.44077882328259,122.65321202844073,160.87609316198234,111.58089736276096,161.17147619615946,114.85908964812153,146.3144993625729,,
labeled-data,P20221101_Video,frame_00101.png,122.57310320587851,169.4167751570967,117.05670737293298,172.11221104043875,117.72122820176858,158.9927769966228,122.65321202844073,159.82364146075386,111.38954250799215,159.16225022108688,114.85908964812153,146.3144993625729,,
labeled-data,P20221101_Video,frame_00102.png,122.76445806064733,169.4167751570967,116.48264280862654,172.11221104043875,117.72122820176858,159.24460340125927,122.84456688320955,159.82364146075386,111.58089736276096,159.16225022108688,114.85908964812153,146.3144993625729,,
labeled-data,P20221101_Video,frame_00103.png,122.76445806064733,169.4167751570967,116.48264280862654,172.11221104043875,117.91009800524594,159.68529960937315,122.84456688320955,159.82364146075386,111.38954250799215,160.02334706754655,114.85908964812153,146.3144993625729,,
labeled-data,P20221101_Video,frame_00104.png,121.99903864157207,169.4167751570967,115.62154596216686,170.86840448444144,117.91009800524594,159.68529960937315,123.41863144751599,160.68473830721354,111.38954250799215,159.73631478539332,115.11443452891174,146.3144993625729,,
labeled-data,P20221101_Video,frame_00105.png,122.19039349634087,169.4167751570967,115.23883625262923,170.86840448444144,117.91009800524594,159.68529960937315,123.13159916536277,160.68473830721354,111.38954250799215,159.73631478539332,115.26764145738588,146.3144993625729,,
labeled-data,P20221101_Video,frame_00106.png,122.76445806064733,169.4167751570967,115.23883625262923,170.86840448444144,117.91009800524594,159.68529960937315,123.13159916536277,160.01499631552267,111.38954250799215,159.73631478539332,115.26764145738588,146.3144993625729,,
labeled-data,P20221101_Video,frame_00107.png,122.76445806064733,169.4167751570967,115.71722338955126,171.25111419397908,117.65827160060945,159.43347320473666,123.13159916536277,160.01499631552267,111.38954250799215,159.73631478539332,115.9826071235985,145.90594755330855,,
labeled-data,P20221101_Video,frame_00108.png,122.66878063326293,169.4167751570967,115.71722338955126,171.25111419397908,117.65827160060945,159.43347320473666,123.13159916536277,160.01499631552267,111.38954250799215,159.73631478539332,115.88046917128241,145.90594755330855,,
labeled-data,P20221101_Video,frame_00109.png,122.66878063326293,169.4167751570967,115.71722338955126,171.25111419397908,117.65827160060945,159.43347320473666,123.13159916536277,160.01499631552267,111.38954250799215,159.73631478539332,115.77833121896633,145.90594755330855,,
labeled-data,P20221101_Video,frame_00110.png,121.99903864157207,169.4167751570967,115.33451368001363,171.25111419397908,117.65827160060945,159.43347320473666,123.13159916536277,160.01499631552267,111.38954250799215,159.73631478539332,115.5229863381761,145.90594755330855,,
labeled-data,P20221101_Video,frame_00111.png,121.99903864157207,169.4167751570967,115.33451368001363,171.25111419397908,117.65827160060945,159.43347320473666,123.13159916536277,160.01499631552267,111.38954250799215,159.73631478539332,115.5229863381761,145.90594755330855,,
labeled-data,P20221101_Video,frame_00112.png,121.99903864157207,169.4167751570967,114.47341683355396,170.1986624927506,117.65827160060945,159.43347320473666,123.13159916536277,160.01499631552267,111.38954250799215,159.73631478539332,115.82940019512436,145.90594755330855,,
labeled-data,P20221101_Video,frame_00113.png,121.32929664988121,169.89516229401875,114.47341683355396,170.1986624927506,117.65827160060945,159.43347320473666,123.13159916536277,160.01499631552267,111.38954250799215,159.73631478539332,115.77833121896633,145.70167164867635,,
labeled-data,P20221101_Video,frame_00114.png,121.1379417951124,170.08651714878755,114.28206197878515,170.1986624927506,117.65827160060945,159.43347320473666,122.74888945582515,160.87609316198234,111.38954250799215,159.73631478539332,115.77833121896633,145.70167164867635,,
labeled-data,P20221101_Video,frame_00115.png,120.46819980342154,170.08651714878755,113.22961027755666,169.81595278321294,117.65827160060945,159.43347320473666,123.32295402013159,160.2063511702915,111.38954250799215,159.73631478539332,115.77833121896633,145.70167164867635,,
labeled-data,P20221101_Video,frame_00116.png,119.79845781173069,169.5124525844811,113.22961027755666,169.81595278321294,117.65827160060945,159.43347320473666,123.32295402013159,160.2063511702915,111.38954250799215,159.73631478539332,115.9826071235985,145.29311983941201,,
labeled-data,P20221101_Video,frame_00117.png,119.41574810219305,169.5124525844811,111.79444886679053,167.80672680814038,117.65827160060945,159.43347320473666,123.32295402013159,160.2063511702915,111.38954250799215,159.73631478539332,115.9826071235985,145.29311983941201,,
labeled-data,P20221101_Video,frame_00118.png,118.55465125573338,169.5124525844811,111.50741658463731,167.32833967121834,116.39913957742701,159.37051660357753,122.55753460105633,161.5458351536732,110.52844566153247,158.3011533746272,115.9826071235985,145.29311983941201,,
labeled-data,P20221101_Video,frame_00119.png,115.39729615204791,171.13896885001606,109.78522289171798,167.42401709860275,116.58800938090438,159.37051660357753,122.55753460105633,161.06744801675117,110.43276823414807,158.68386308416484,115.88046917128241,145.29311983941201,,
labeled-data,P20221101_Video,frame_00120.png,114.53619930558824,171.7130334143225,108.54141633572067,168.47646879983125,116.58800938090438,159.62234300821402,121.88779260936548,162.21557714536405,110.43276823414807,158.68386308416484,116.34008995670482,145.54846472020222,,
labeled-data,P20221101_Video,frame_00121.png,115.58865100681673,172.19142055124453,108.54141633572067,169.72027535582853,116.33618297626789,160.06303921632787,121.31372804505902,162.50260942751729,110.43276823414807,158.68386308416484,116.34008995670482,145.54846472020222,,
labeled-data,P20221101_Video,frame_00122.png,114.91890901512588,172.47845283339774,108.25438405356745,169.62459792844413,116.33618297626789,160.31486562096435,121.40940547244344,162.50260942751729,109.95438109722602,158.97089536631808,116.34008995670482,145.54846472020222,,
labeled-data,P20221101_Video,frame_00123.png,115.01458644251028,172.38277540601337,109.30683575479593,169.62459792844413,116.33618297626789,160.31486562096435,121.40940547244344,162.50260942751729,110.14573595199485,158.58818565678044,116.34008995670482,145.54846472020222,,
labeled-data,P20221101_Video,frame_00124.png,117.31084469973608,172.38277540601337,110.35928745602442,169.62459792844413,118.35079421335979,159.62234300821402,122.84456688320955,161.4501577262888,110.62412308891689,158.97089536631808,116.34008995670482,145.54846472020222,,
labeled-data,P20221101_Video,frame_00125.png,117.98058669142694,171.33032370478486,110.64631973817764,170.00730763798177,116.83983578554086,158.30025438387247,122.65321202844073,159.72796403336946,109.85870366984162,158.3011533746272,116.34008995670482,145.75274062483442,,
labeled-data,P20221101_Video,frame_00126.png,118.93736096527101,171.04329142263163,111.50741658463731,169.3375656462909,117.02870558901823,158.7409505919863,122.65321202844073,159.72796403336946,110.52844566153247,158.49250822939604,115.88046917128241,145.75274062483442,,
labeled-data,P20221101_Video,frame_00127.png,119.9898126664995,169.99083972140315,112.17715857632817,170.10298506536617,117.02870558901823,159.5593864070549,122.1748248915187,159.72796403336946,110.52844566153247,159.54495993062451,115.88046917128241,145.75274062483442,,
labeled-data,P20221101_Video,frame_00128.png,121.042264367728,169.4167751570967,114.28206197878515,170.67704962967264,117.15461879133647,159.49642980589576,122.1748248915187,159.72796403336946,110.52844566153247,159.54495993062451,115.1655035050698,146.11022345794072,,
labeled-data,P20221101_Video,frame_00129.png,122.19039349634087,168.077291173715,115.62154596216686,170.67704962967264,117.15461879133647,159.49642980589576,122.1748248915187,159.53660917860063,110.33709080676365,159.54495993062451,114.50160681501521,145.90594755330855,,
labeled-data,P20221101_Video,frame_00130.png,123.81690976187582,167.40754918202413,117.82212679200825,170.67704962967264,117.28053199365472,158.80390719314542,123.03592173797837,158.19712519521892,110.62412308891689,160.02334706754655,114.50160681501521,145.90594755330855,,
labeled-data,P20221101_Video,frame_00131.png,124.58232918095109,166.06806519864242,118.6832236384679,170.29433992013497,117.84714140408681,157.92251477691772,123.22727659274719,157.62306063091248,111.48521993537656,160.02334706754655,113.53129626801237,145.95701652946659,,
labeled-data,P20221101_Video,frame_00132.png,126.20884544648601,166.45077490818005,122.31896587907539,172.20788846782312,117.84714140408681,157.92251477691772,123.70566372966923,157.62306063091248,111.48521993537656,160.02334706754655,113.88877910111867,146.5187752672051,,
labeled-data,P20221101_Video,frame_00133.png,126.59155515602365,165.8767103438736,122.12761102430659,171.53814647613228,118.28783761220066,159.37051660357753,123.99269601182245,158.29280262260335,112.72902649137386,161.6498633330815,113.78664114880259,145.95701652946659,,
labeled-data,P20221101_Video,frame_00134.png,127.73967844494982,166.25942005341122,123.4670950076883,171.53814647613228,119.60992623654224,159.24460340125927,124.47108314874448,157.62306063091248,114.16418790213999,162.98934731646318,113.78664114880259,146.3144993625729,,
labeled-data,P20221101_Video,frame_00135.png,128.7921301461783,166.45077490818005,122.12761102430659,171.63382390351669,119.86175264117873,159.5593864070549,125.42785742258857,158.57983490475655,113.39876848306471,160.88444391400623,113.88877910111867,146.72305117183726,,
labeled-data,P20221101_Video,frame_00136.png,129.27051728310036,167.98161374633057,124.7109015636856,172.9733078868984,120.30244884929257,159.9371260140096,125.04514771305094,158.29280262260335,113.39876848306471,161.55418590569707,114.09305500575086,147.02946502878552,,
labeled-data,P20221101_Video,frame_00137.png,129.9402592747912,169.32109772971228,124.80657899107001,172.9733078868984,120.23949224813344,160.25190901980523,125.04514771305094,158.67551233214095,114.64257503906202,163.27637959861642,114.60374476733129,146.82518912415335,,
labeled-data,P20221101_Video,frame_00138.png,129.55754956525357,169.32109772971228,123.18006272553507,172.30356589520756,120.30244884929257,160.81851843023733,125.7148897047418,159.63228660598503,116.17341387721254,164.13747644507612,114.60374476733129,146.67198219567922,,
labeled-data,P20221101_Video,frame_00139.png,130.0359367021756,169.7038074392499,125.28496612799205,174.02575958812687,120.23949224813344,160.81851843023733,125.90624455951061,159.63228660598503,114.92960732121524,163.0850247438476,114.0419860295928,148.0508445519464,,
labeled-data,P20221101_Video,frame_00140.png,130.99271097601968,170.85193656786282,126.72012753875816,174.69550157981774,120.49131865276993,161.95173725110152,125.90624455951061,160.01499631552267,115.02528474859966,164.61586358199816,114.0419860295928,148.1529825042625,,
labeled-data,P20221101_Video,frame_00141.png,130.99271097601968,171.9043882690913,126.05038554706731,175.26956614412418,120.49131865276993,162.3924334592154,125.90624455951061,160.68473830721354,115.40799445813728,163.85044416292288,113.83771012496064,148.1529825042625,,
labeled-data,P20221101_Video,frame_00142.png,130.80135612125088,173.243872252473,125.38064355537645,175.93930813581505,120.9320148608838,163.71452208355694,125.90624455951061,161.5458351536732,115.02528474859966,164.90289586415136,114.2973371443889,148.0508445519464,,
labeled-data,P20221101_Video,frame_00143.png,130.32296898432884,173.243872252473,123.84980471722592,175.55659842627742,120.9320148608838,163.14791267312484,125.7148897047418,161.92854486321085,115.02528474859966,164.52018615461373,114.2973371443889,148.40832738505273,,
labeled-data,P20221101_Video,frame_00144.png,129.8445818474068,173.243872252473,123.18006272553507,175.55659842627742,120.9320148608838,163.14791267312484,125.7148897047418,162.5982868549017,115.02528474859966,163.27637959861642,113.93985431128262,149.02115509894927,,
labeled-data,P20221101_Video,frame_00145.png,129.8445818474068,173.3395496798574,124.23251442676356,176.03498556319946,120.61723185508819,163.14791267312484,125.81056713212621,162.21557714536405,114.73825246644643,164.0417990176917,114.0419922635987,149.53184486052973,,
labeled-data,P20221101_Video,frame_00146.png,130.80135612125088,173.0525173977042,125.57199841014527,176.89608240965913,120.9320148608838,164.02930508935256,125.81056713212621,162.21557714536405,116.65180101413458,167.29483154876158,114.0419922635987,148.97008612279123,,
labeled-data,P20221101_Video,frame_00147.png,130.80135612125088,173.0525173977042,127.29419210306462,176.5133727001215,121.18384126552029,164.02930508935256,125.81056713212621,161.5458351536732,116.26909130459696,167.29483154876158,114.0419922635987,148.97008612279123,,
labeled-data,P20221101_Video,frame_00148.png,130.80135612125088,171.61735598693807,124.23251442676356,174.5998241524333,121.62453747363413,164.02930508935256,125.81056713212621,161.5458351536732,117.79993014274748,168.25160582260565,113.37809557354413,148.86794817047516,,
labeled-data,P20221101_Video,frame_00149.png,131.66245296771055,172.0000656964757,127.38986953044902,176.22634041796826,120.74314505740645,163.02199947080663,125.23650256781976,161.5458351536732,115.5036718855217,165.95534756537984,113.37809557354413,148.51046533736883,,
labeled-data,P20221101_Video,frame_00150.png,131.56677554032615,170.94761399524722,127.77257923998665,175.36524357150859,120.74314505740645,163.02199947080663,124.94947028566654,161.5458351536732,115.5036718855217,165.66831528322663,113.37809557354413,149.07222407510733,,
labeled-data,P20221101_Video,frame_00151.png,132.1408401046326,170.660581713094,128.82503094121515,175.36524357150859,118.9174036237919,162.3294768580563,124.47108314874448,160.3020285976759,113.49444591044912,164.32883129984492,113.48023352586021,149.07222407510733,,
labeled-data,P20221101_Video,frame_00152.png,133.2889692332455,169.6081300118655,131.8867086175162,175.36524357150859,120.23949224813347,162.58130326269276,125.33217999520416,160.78041573459794,115.02528474859966,166.7207669844551,114.29733714438893,148.4593963612108,,
labeled-data,P20221101_Video,frame_00153.png,135.96793720000892,169.6081300118655,134.56567658427963,176.03498556319946,120.23949224813347,162.58130326269276,124.47108314874448,160.3977060250603,116.747478441519,167.86889611306802,114.85909588212742,150.45108643137453,,
labeled-data,P20221101_Video,frame_00154.png,139.31664715846318,169.6081300118655,138.0100639701183,175.65227585366182,122.44297328870275,164.34408809514818,125.33217999520416,160.78041573459794,120.3832206821265,170.93057378936908,116.13582028607853,153.0556042154348,,
labeled-data,P20221101_Video,frame_00155.png,142.091292552611,169.6081300118655,140.30632222734408,175.65227585366182,125.59080334665884,169.56948599135532,126.38463169643265,161.83286743582642,125.54980176088452,175.0447031668986,116.18688926223658,156.06867380875943,,
labeled-data,P20221101_Video,frame_00156.png,146.39677678490938,169.79948486663432,147.00374214425267,175.84363070843062,129.93480882663826,172.02479343656108,129.2549545179649,164.41615797520544,131.0034151217958,176.57554200504913,117.87216547545205,163.16726149472763,,
labeled-data,P20221101_Video,frame_00157.png,150.89361587197655,169.79948486663432,151.69193608608865,176.22634041796826,134.08994450314032,172.02479343656108,133.94314845980088,165.1815773942807,133.58669982148808,177.6279937062776,119.1488836453973,165.0057446364172,,
labeled-data,P20221101_Video,frame_00158.png,155.0077452495061,169.6081300118655,155.51903318146498,176.03498556319946,138.24508017964237,172.21366324003844,138.24863269209925,165.3729322490495,139.13599060978376,177.81934856104644,122.87691890493456,165.924986207262,,
labeled-data,P20221101_Video,frame_00159.png,158.16510035319155,169.99083972140315,158.67638828515044,174.98253386197098,141.95951964803058,172.1507066388793,141.78869750532232,166.42538395027802,142.38902314085362,177.81934856104644,126.1453333790494,165.8228482549459,,
labeled-data,P20221101_Video,frame_00160.png,159.40890690918886,168.55567831063703,160.5899368328386,175.84363070843062,145.42213271178227,172.02479343656108,144.75469775423898,166.42538395027802,146.31179766361436,177.81934856104644,129.4648168293223,168.22309013437402,,
labeled-data,P20221101_Video,frame_00161.png,160.65271346518617,168.2686460284838,161.25967882452943,175.46092099889302,146.87013453844207,172.02479343656108,146.4768856074716,165.75564195858718,147.93831392914927,177.14960656935557,130.8436791855895,168.9891247767447,,
labeled-data,P20221101_Video,frame_00162.png,163.5230362867184,168.2686460284838,162.69484023529554,175.07821128935538,148.884745775534,170.76566141337864,148.9644987194662,165.75564195858718,149.56483019468422,176.76689685981796,132.37574847033082,170.87867689459233,,
labeled-data,P20221101_Video,frame_00163.png,163.14032657718076,168.2686460284838,162.1207756709891,176.22634041796826,150.20683439987556,171.71001043076546,149.72991813854148,166.80809365981565,150.90431417806593,176.86257428720236,133.19285208885955,172.1043323223854,,
labeled-data,P20221101_Video,frame_00164.png,164.57548798794687,168.93838802017467,164.2256790734461,176.22634041796826,150.6475306079894,172.15070663887934,150.20830527546352,167.66919050627533,152.05244330667884,178.20205827058408,134.21423161202043,173.89174648791695,,
labeled-data,P20221101_Video,frame_00165.png,165.14955255225334,169.99083972140315,166.13922762113424,176.99175983704353,150.77344381030764,173.03209905510704,150.01695042069468,168.14757764319737,151.86108845191,178.48909055273728,134.92919727823306,174.09602239254914,,
labeled-data,P20221101_Video,frame_00166.png,165.43658483440657,169.99083972140315,165.7565179115966,176.99175983704353,152.3473588392857,173.59870846553912,151.4521118314608,168.14757764319737,153.58328214482935,178.48909055273728,135.95057680139394,174.45350522565545,,
labeled-data,P20221101_Video,frame_00167.png,165.43658483440657,170.4692268583252,165.7565179115966,177.47014697396557,151.90666263117186,173.7875782690165,151.54778925884523,168.530287352735,152.24379816144764,179.44586482658138,138.40188765698008,174.40243624949738,,
labeled-data,P20221101_Video,frame_00168.png,166.77606881778826,170.5649042857096,167.19167932236275,177.27879211919674,153.60649086246815,173.7875782690165,153.26998295176458,168.7216422075038,154.15734670913582,179.15883254442815,138.75937049008638,174.04495341639105,,
labeled-data,P20221101_Video,frame_00169.png,167.44581080947913,170.27787200355635,168.56415875711875,177.4340871358213,153.60649086246815,173.7875782690165,153.93972494345542,168.3389324979662,153.48760471744495,179.35018739919695,138.70830151392832,173.63640160712671,,
labeled-data,P20221101_Video,frame_00170.png,169.16800450239847,170.27787200355635,170.22119890531079,176.56414105802048,155.99884170651478,172.78027265047055,156.0446283459124,167.86054536104413,156.16657268420838,178.48909055273728,139.0147153708766,172.30860822701754,,
labeled-data,P20221101_Video,frame_00171.png,170.02910134885815,170.27787200355635,171.09114498311158,176.35701103949648,155.99884170651478,172.78027265047055,155.85327349114357,167.86054536104413,155.97521782943954,178.48909055273728,139.37219820398292,171.74684948927907,,
labeled-data,P20221101_Video,frame_00172.png,171.08155305008663,170.08651714878755,172.74818513130361,176.1498810209725,156.88023412274248,172.78027265047055,156.90572519237207,167.86054536104413,156.549282393746,178.48909055273728,139.06834994272475,171.60068174325448,,
labeled-data,P20221101_Video,frame_00173.png,168.59393993809203,169.79948486663432,169.26840082010037,177.01982709877328,156.88023412274248,172.78027265047055,157.12966138148414,167.85170431254332,157.02766953066805,177.81934856104644,139.32017634736124,171.60068174325448,,
labeled-data,P20221101_Video,frame_00174.png,169.16800450239847,169.79948486663432,170.46975492753958,176.72984507283968,159.713281174903,172.46548964467493,159.656647607477,167.85170431254332,159.41960521527824,177.14960656935557,139.57200275199773,171.85250814789097,,
labeled-data,P20221101_Video,frame_00175.png,168.59393993809203,169.4167751570967,170.38690292012998,175.61134297281006,159.713281174903,172.46548964467493,159.863777626001,167.56172228660972,159.80231492481587,177.14960656935557,139.57200275199773,171.85250814789097,,
labeled-data,P20221101_Video,frame_00176.png,168.78529479286084,168.1729686010994,170.67688494606358,174.69997089130445,160.84649999576718,172.46548964467493,160.3194636667538,167.56172228660972,161.3331537629664,177.6279937062776,140.89409137633928,171.85250814789097,,
labeled-data,P20221101_Video,frame_00177.png,167.82852051901676,168.1729686010994,170.67688494606358,175.11423092835247,160.84649999576718,172.46548964467493,161.1479837408498,167.56172228660972,160.56773434389115,177.6279937062776,141.33478758445315,171.85250814789097,,
labeled-data,P20221101_Video,frame_00178.png,169.16800450239847,168.1729686010994,170.67688494606358,175.44563895799087,158.4541568368525,172.27661984119754,159.28381357413377,167.56172228660972,157.88876637712772,177.91502598843084,141.33478758445315,171.85250814789097,,
labeled-data,P20221101_Video,frame_00179.png,168.59393993809203,167.69458146417736,171.1739969905212,175.61134297281006,157.50980781946566,171.77296703192457,157.00538337036974,167.0646102421521,158.08012123189653,176.86257428720236,141.2088743821349,172.04137795136836,,
labeled-data,P20221101_Video,frame_00180.png,167.92419794640116,167.69458146417736,169.01984479787154,175.44563895799087,157.95050402757954,172.02479343656105,158.04103346298976,167.2717402606761,158.08012123189653,176.86257428720236,140.9570479774984,171.60068174325448,,
labeled-data,P20221101_Video,frame_00181.png,167.92419794640116,167.69458146417736,169.01984479787154,175.44563895799087,157.50980781946566,172.02479343656105,157.41964340741777,167.2717402606761,157.31470181282128,177.05392914197117,141.46070078677138,171.60068174325448,,
labeled-data,P20221101_Video,frame_00182.png,168.78529479286084,167.50322660940853,170.09692089419636,174.78282289871404,158.51711343801162,172.02479343656105,158.20673747780896,167.2717402606761,158.46283094143416,177.05392914197117,141.46070078677138,171.60068174325448,,
labeled-data,P20221101_Video,frame_00183.png,168.97664964762964,166.8334846177177,170.51118093124438,174.78282289871404,158.51711343801162,171.77296703192457,158.41386749633295,167.0646102421521,158.46283094143416,176.86257428720236,141.46070078677138,171.60068174325448,,
labeled-data,P20221101_Video,frame_00184.png,169.35935935716728,166.8334846177177,171.5882570275692,173.91287682091325,159.20963605076196,171.20635762149246,159.07668355560978,167.0646102421521,159.22825036050943,176.67121943243353,145.11218365400046,172.35616095716395,,
labeled-data,P20221101_Video,frame_00185.png,170.41181105839576,166.8334846177177,172.66533312389402,173.58146879127483,160.09102846698968,170.89157461569687,160.1123336482298,166.7746282162185,160.47205691650674,176.67121943243353,144.86035724936397,172.54503076064134,,
labeled-data,P20221101_Video,frame_00186.png,169.6463916393205,166.16374262602682,173.286723179466,172.96007873570284,160.09102846698968,171.0174878180151,159.8223516222962,166.7746282162185,160.47205691650674,176.67121943243353,145.61583646327344,172.54503076064134,,
labeled-data,P20221101_Video,frame_00187.png,169.83774649408932,166.16374262602682,173.286723179466,172.96007873570284,160.7205944785809,171.45818402612895,160.7337237038018,166.6503502051041,161.04612148081318,176.67121943243353,146.0565326713873,172.29320435600485,,
labeled-data,P20221101_Video,frame_00188.png,168.78529479286084,166.8334846177177,172.6239071201892,173.16720875422683,160.97242088321738,171.45818402612895,161.0237057297354,166.6503502051041,161.04612148081318,176.67121943243353,147.37862129572886,172.35616095716395,,
labeled-data,P20221101_Video,frame_00189.png,168.78529479286084,166.8334846177177,172.45820310537,173.49861678386523,160.40581147278527,172.90618585278875,160.1951856556394,167.85170431254332,161.1417989081976,177.24528399674,145.23809685631872,174.433728795415,,
labeled-data,P20221101_Video,frame_00190.png,168.78529479286084,166.8334846177177,172.66533312389402,173.12578275052203,160.53172467510353,173.78757826901648,158.86955353708578,168.05883433106732,161.71586347250405,178.20205827058408,144.356704440091,174.68555520005148,,
labeled-data,P20221101_Video,frame_00191.png,168.78529479286084,166.8334846177177,172.3339250942556,173.37433877275083,160.53172467510353,174.22827447713033,158.86955353708578,168.5145203718201,161.52450861773522,178.20205827058408,144.16783463661363,174.68555520005148,,
labeled-data,P20221101_Video,frame_00192.png,168.78529479286084,167.21619432725532,170.92544096829238,175.15565693205727,160.53172467510353,173.34688206090263,160.070907644525,167.81027830883852,160.47205691650674,178.20205827058408,144.0165242437792,174.77465711403886,,
labeled-data,P20221101_Video,frame_00193.png,168.78529479286084,167.21619432725532,170.75973695347318,174.69997089130445,161.72790009712685,173.09505565626614,161.3965397630786,168.84592840145854,162.1942506094261,177.81934856104644,144.04378292381122,174.25674219343034,,
labeled-data,P20221101_Video,frame_00194.png,169.16800450239847,167.21619432725532,170.75973695347318,174.40998886537085,161.287203889013,173.09505565626614,160.6508716963922,168.84592840145854,162.09857318204166,177.6279937062776,,,,
labeled-data,P20221101_Video,frame_00195.png,169.16800450239847,167.21619432725532,170.75973695347318,174.40998886537085,161.97972650176334,173.09505565626614,161.6865217890122,169.30161444221133,162.2899280368105,177.6279937062776,,,,
labeled-data,P20221101_Video,frame_00196.png,168.3069076559388,167.40754918202413,170.75973695347318,174.40998886537085,161.0353774843765,174.22827447713033,160.3608896704586,169.30161444221133,161.90721832727286,178.01070341581524,,,,
labeled-data,P20221101_Video,frame_00197.png,168.3069076559388,167.40754918202413,169.76551286455796,175.23850893946687,160.40581147278527,173.78757826901648,160.4437416778682,168.84592840145854,160.0893472069691,178.20205827058408,,,,
labeled-data,P20221101_Video,frame_00198.png,167.73284309163236,167.88593631894616,169.84836487196756,176.64699306543008,160.53172467510353,173.47279526322086,160.6508716963922,168.5559463755249,160.37637948912231,177.81934856104644,,,,
labeled-data,P20221101_Video,frame_00199.png,171.7512950417775,168.46000088325263,171.629683031274,177.14410510988768,161.35016049017213,173.78757826901648,161.4793917704882,169.13591042739213,161.42883119035082,178.20205827058408,,,,
labeled-data,P20221101_Video,frame_00200.png,173.95187587161888,169.5124525844811,174.48807728690522,177.7240691617549,162.1685963052407,174.66897068524418,162.18055070435747,169.17629685755506,162.67263774634813,179.06315511704372,,,,
labeled-data,P20221101_Video,frame_00201.png,175.67406956453823,169.5124525844811,175.56515338323004,177.3512351284117,163.42772832842314,175.73923290494926,164.08117922455205,169.02832420570974,163.05534745588574,179.06315511704372,,,,
labeled-data,P20221101_Video,frame_00202.png,177.20490840268874,169.5124525844811,178.54782564997566,177.5169391432309,164.37207734580997,175.23558009567628,164.54080000997442,169.59008294344824,164.39483143926748,179.06315511704372,,,,
labeled-data,P20221101_Video,frame_00203.png,179.0227795229925,170.4692268583252,179.2667853339103,177.34768491703392,165.37938296435593,175.23558009567628,165.56217953313532,169.59008294344824,165.44728314049595,179.06315511704372,,,,
labeled-data,P20221101_Video,frame_00204.png,180.553618361143,170.4692268583252,180.58887395825187,176.52924910196532,166.7014715886975,175.23558009567628,166.58355905629622,169.59008294344824,166.78676712387767,179.06315511704372,,,,
labeled-data,P20221101_Video,frame_00205.png,177.77897296699518,170.4692268583252,179.2667853339103,177.22177171471566,167.45695080260697,175.92810270842662,168.70031567156582,170.73921893460027,167.3608316881841,180.21128424565666,,,,
labeled-data,P20221101_Video,frame_00275.png,124.0047006064943,100.65307047497606,117.62463180402781,103.5000514305485,118.13006629865251,93.37001630192536,123.68349192223582,92.56142026522471,111.81851164682064,94.47014310322483,117.0932400702319,80.62220227039744,,
labeled-data,P20221101_Video,frame_00276.png,124.0047006064943,100.65307047497606,117.7267697563439,103.5000514305485,118.13006629865251,93.57429220655754,123.68349192223582,92.56142026522471,111.89612302106265,94.47014310322483,117.0932400702319,80.62220227039744,,
labeled-data,P20221101_Video,frame_00277.png,124.0047006064943,100.65307047497606,117.98211463713412,103.5000514305485,118.28327322712664,93.57429220655754,123.68349192223582,92.56142026522471,111.89612302106265,94.47014310322483,116.85801318367243,80.85742915695691,,
labeled-data,P20221101_Video,frame_00278.png,124.15992335497832,100.265013603766,117.98211463713412,103.5000514305485,118.28327322712664,93.57429220655754,123.68349192223582,92.56142026522471,112.43940264075674,95.16864547140293,116.85801318367243,80.85742915695691,,
labeled-data,P20221101_Video,frame_00279.png,124.15992335497832,100.265013603766,117.98211463713412,103.5000514305485,118.28327322712664,93.57429220655754,123.68349192223582,92.56142026522471,112.43940264075674,95.16864547140293,116.42116325149054,80.95824067976812,,
labeled-data,P20221101_Video,frame_00280.png,124.15992335497832,99.25606573861984,116.85859716165714,102.93829269281001,118.28327322712664,93.57429220655754,123.68349192223582,92.56142026522471,112.43940264075674,95.16864547140293,116.55557861523882,80.95824067976812,,
labeled-data,P20221101_Video,frame_00281.png,124.15992335497832,99.25606573861984,117.98211463713412,102.58080985970369,118.28327322712664,93.57429220655754,123.68349192223582,92.56142026522471,112.43940264075674,95.16864547140293,116.92522086554656,80.62220227039744,,
labeled-data,P20221101_Video,frame_00282.png,124.47036885194638,99.56651123558788,117.98211463713412,102.98936166896806,118.28327322712664,93.57429220655754,123.68349192223582,92.56142026522471,112.43940264075674,95.16864547140293,116.92522086554656,80.62220227039744,,
labeled-data,P20221101_Video,frame_00283.png,124.47036885194638,99.56651123558788,117.98211463713412,102.98936166896806,118.28327322712664,93.5232232303995,123.68349192223582,92.56142026522471,112.43940264075674,95.16864547140293,116.92522086554656,80.62220227039744,,
labeled-data,P20221101_Video,frame_00284.png,124.47036885194638,100.10979085528197,117.98211463713412,102.98936166896806,118.28327322712664,93.5232232303995,123.68349192223582,92.56142026522471,112.43940264075674,95.16864547140293,116.92522086554656,80.62220227039744,,
labeled-data,P20221101_Video,frame_00285.png,124.47036885194638,98.71278611892576,117.98211463713412,102.98936166896806,118.28327322712664,93.5232232303995,124.12418813034968,93.31689947913416,112.43940264075673,95.16864547140293,116.92522086554656,80.62220227039744,,
labeled-data,P20221101_Video,frame_00286.png,123.84947785801027,99.6441226098299,117.98211463713412,102.78508576433588,118.28327322712664,93.5232232303995,123.74644852339495,93.31689947913416,112.12895714378868,94.00447485777275,116.92522086554656,80.62220227039744,,
labeled-data,P20221101_Video,frame_00287.png,124.47036885194638,99.33367711286186,118.69708030334674,102.78508576433588,118.18113527481056,92.65505063571274,123.74644852339495,93.31689947913416,112.20656851803069,94.08208623201476,116.92522086554656,80.62220227039744,,
labeled-data,P20221101_Video,frame_00288.png,124.31514610346234,99.0232316158938,118.69708030334674,103.09149962128414,118.18113527481056,93.06360244497709,123.68349192223582,92.62437686638383,112.8274595119668,95.32386821988695,,,,
labeled-data,P20221101_Video,frame_00292.png,122.91814136710613,103.99035956738255,116.39897637623474,104.98105173913179,118.64075606023296,94.34032684892821,123.6205353210767,94.45011829999837,112.51701401499874,95.63431371685499,116.66474144474829,80.29509384520999,,
labeled-data,P20221101_Video,frame_00293.png,122.37486174741204,104.53363918707663,115.3265278769158,104.67463788218352,118.33434220328469,94.34032684892821,123.3057523152811,94.00942209188452,112.59462538924075,95.47909096837097,116.66474144474829,80.29509384520999,,
labeled-data,P20221101_Video,frame_00294.png,121.21069113378188,106.93959178857901,113.74338961601643,106.7173969285053,117.51723858475597,95.61705125287932,123.80940512455408,96.33881633477202,112.20656851803069,95.16864547140293,116.4739306845241,81.14011292620282,,
labeled-data,P20221101_Video,frame_00295.png,121.05546838529784,108.18137377645118,113.28376883059403,108.35160416556272,117.15975575164967,97.45553439456893,123.11688251180372,98.16455776838657,111.66328889833662,97.88504356987333,116.4739306845241,82.88466844825254,,
labeled-data,P20221101_Video,frame_00296.png,120.51218876560377,110.82016050067958,112.90814047669396,110.87850640500933,116.90441087085944,99.0386726554683,123.17983911296285,100.74577841591056,111.74090027257863,99.59249380319758,116.50118936455613,84.87455209059051,,
labeled-data,P20221101_Video,frame_00297.png,120.79667538007388,113.82755861935635,112.90814047669396,115.14713198831998,116.95547984701749,102.61350098653142,123.6205353210767,103.51586886691194,111.27523202712655,102.54172602439402,117.31894976551693,88.25462841456185,,
labeled-data,P20221101_Video,frame_00298.png,120.48622988310584,121.12302779810544,113.45142009638803,121.51126467616493,116.99416332231655,108.0796983286527,123.6205353210767,107.671004543414,111.35284340136856,107.43124260164078,118.29532146461302,91.48738733812831,,
labeled-data,P20221101_Video,frame_00299.png,120.09817301189577,126.86626949201431,113.218585973662,126.6336153761377,117.45983156776862,110.87370780136511,122.86505610716725,111.63727041643868,111.5080661498526,111.31181131374134,118.46102547943222,96.37565577529479,,
labeled-data,P20221101_Video,frame_00300.png,120.79667538007388,132.8423358346045,113.76186559335608,132.45446844428858,118.00311118746274,119.72139972793211,122.92801270832636,121.080760590307,111.66328889833662,119.15056011218454,117.67393140904102,101.84388826432846,,
labeled-data,P20221101_Video,frame_00301.png,119.71011614068571,138.50796615427134,113.68425421911408,138.66337838364953,117.38222019352663,124.14524805972678,122.4873165002125,125.86546227840026,111.27523202712658,124.73857905760937,117.05254135346901,107.56067677559093,,
labeled-data,P20221101_Video,frame_00302.png,120.25339576037979,144.25120784818023,113.29619734790401,144.5618428260424,117.45983156776865,130.58699212181375,123.17983911296285,132.22408668060356,111.27523202712658,130.17137525455018,117.83264811218716,111.624980908357,,
labeled-data,P20221101_Video,frame_00303.png,120.17578438613779,150.92578603299322,113.8394769675981,151.00358688812938,117.45983156776866,136.64067931269065,122.36140329789427,137.4494845768107,111.19762065288457,135.99222832270107,119.51792432540262,117.75325804732235,,
labeled-data,P20221101_Video,frame_00304.png,119.94295973745645,156.43619360417603,113.218585973662,156.66921720779624,117.45983156776866,142.53914375508356,123.17983911296285,143.93401449620026,111.19762065288457,141.96830413933594,119.10937251613827,121.63450023533372,,
labeled-data,P20221101_Video,frame_00305.png,118.9340118723103,160.1615395677926,113.37380872214602,160.70500866838086,116.29566095413847,148.2047740747504,122.36140329789427,149.28532559472563,110.6543410331905,148.02199133021287,117.06406642316837,127.50834692878989,,
labeled-data,P20221101_Video,frame_00306.png,119.39968011776237,163.42121728595708,112.98575185093597,163.6542408895773,115.98521545717041,149.44655606262256,122.48731650021251,151.23698023065842,110.5767296589485,148.79810507263298,116.35838576348995,132.2128846599794,,
labeled-data,P20221101_Video,frame_00307.png,119.24445736927834,163.73166278292513,112.90814047669396,162.3348475274631,115.82999270868639,150.92117217322078,122.86505610716725,153.7552442770233,110.11106141349642,150.2727211832312,118.87867383377005,137.11904543679137,,
labeled-data,P20221101_Video,frame_00308.png,119.39968011776237,163.42121728595708,112.13202673427384,162.10201340473705,117.92549981322071,150.92117217322078,123.11688251180374,152.8108875745045,111.50806614985261,150.8160008029253,119.95399674375622,136.51417629992415,,
labeled-data,P20221101_Video,frame_00309.png,118.39073225261622,163.73166278292513,112.13202673427384,162.10201340473705,118.39116805867278,150.92117217322078,123.11688251180374,152.37019136639066,111.4304547756106,149.96227568626315,119.88678906188208,136.95102623210602,,
labeled-data,P20221101_Video,frame_00310.png,118.15789812989019,164.27494240261922,111.8991926115478,160.16172904868677,119.01205905260886,150.92117217322078,123.5575787199176,152.37019136639066,112.28417989227273,149.96227568626315,120.42445051687517,137.0854415958543,,
labeled-data,P20221101_Video,frame_00311.png,118.3131208783742,163.5764400344411,111.8991926115478,161.0930655395909,118.85683630412484,151.23161767018883,123.242795714122,152.8108875745045,112.28417989227273,149.96227568626315,120.15561978937863,136.81661086835774,,
labeled-data,P20221101_Video,frame_00312.png,117.84745263292214,163.5764400344411,111.8215812373058,161.71395653352698,118.31355668443076,151.23161767018883,123.242795714122,153.25158378261835,112.28417989227273,149.96227568626315,119.95399674375622,136.14453404961637,,
labeled-data,P20221101_Video,frame_00313.png,117.30417301322805,163.5764400344411,111.8215812373058,161.71395653352698,118.31355668443076,151.23161767018883,123.11688251180374,152.87384417566363,112.28417989227273,149.96227568626315,120.1604625532909,136.33561788658227,,
labeled-data,P20221101_Video,frame_00314.png,117.92506400716414,163.5764400344411,111.12307886912768,161.17067691383292,118.00311118746272,150.92117217322078,123.11688251180374,152.87384417566363,112.28417989227273,149.96227568626315,120.4504445792245,136.0456358606487,,
labeled-data,P20221101_Video,frame_00315.png,118.2355095041322,164.50777652534524,111.12307886912768,162.02440203049503,118.77922492988283,149.21372193989654,123.74644852339496,151.6776687536403,111.04239790440053,148.02199133021287,120.16046255329088,137.03985994956392,,
labeled-data,P20221101_Video,frame_00316.png,118.2355095041322,165.59433576473342,111.43352436609574,163.42140676685125,119.32250454957692,150.76594942473676,123.74644852339496,151.80358195595855,111.89612302106266,149.96227568626315,119.95333253476689,136.3356178865823,,
labeled-data,P20221101_Video,frame_00317.png,118.2355095041322,165.59433576473342,112.44247223124188,162.56768165018912,119.08967042685089,152.9390679035131,123.80940512455409,154.8254988115964,112.36179126651473,151.74733729382942,120.20188855699568,136.70845191992552,,
labeled-data,P20221101_Video,frame_00318.png,119.24445736927834,165.28389026776537,112.67530635396793,162.56768165018912,119.32250454957692,153.94801576865925,124.25010133266794,155.83280443014235,112.51701401499876,153.06673065594362,120.5332965866341,137.28841597179272,,
labeled-data,P20221101_Video,frame_00319.png,116.916116142018,166.68089500412157,111.2006902433697,163.42140676685125,119.1672818010929,153.94801576865925,124.25010133266794,155.58097802550586,112.82745951196681,152.75628515897557,120.5332965866341,137.28841597179272,,
labeled-data,P20221101_Video,frame_00320.png,116.21761377383989,167.6122314950257,110.19174237822355,163.7318522638193,118.62400218139881,155.0345750080474,123.242795714122,157.15489305448392,112.2065685180307,154.1532898953318,120.4504445792245,137.5369719940215,,
labeled-data,P20221101_Video,frame_00321.png,114.58777491475765,168.3107338632038,109.1827945130774,165.51691387138555,117.53744294201064,155.34502050501547,124.25010133266794,156.90306664984743,111.35284340136859,155.00701501199393,119.70477651253807,138.15836204959353,,
labeled-data,P20221101_Video,frame_00322.png,114.43255216627362,169.94057272228605,109.02757176459338,166.60347311077373,117.14938607080059,156.43157974440362,122.99096930948551,157.59558926259777,111.35284340136859,155.31746050896197,119.12481246067087,138.57262208664153,,
labeled-data,P20221101_Video,frame_00323.png,114.43255216627362,169.94057272228605,109.26040588731942,166.3706389880477,116.52849507686449,156.12113424743558,122.99096930948551,158.03628547071162,111.12000927864256,156.09357425138208,118.83483043473727,139.89825420519514,,
labeled-data,P20221101_Video,frame_00324.png,115.67433415414581,169.552515851076,110.03651962973953,166.29302761380566,116.68371782534852,156.12113424743558,123.36870891644023,157.78445906607513,111.12000927864256,156.09357425138208,118.46199640139406,139.02830812739435,,
labeled-data,P20221101_Video,frame_00325.png,116.14000239959788,167.84506561775174,110.03651962973953,165.2840797486595,117.07177469655858,155.5778546277415,123.36870891644023,156.90306664984743,110.88717515591651,155.16223776047792,118.42057039768926,138.86260411257513,,
labeled-data,P20221101_Video,frame_00326.png,116.68328201929197,167.06895187533163,110.26935375246558,164.74080012896545,117.07177469655858,155.5778546277415,123.36870891644023,156.46237044173358,110.88717515591651,155.16223776047792,118.42057039768926,138.86260411257513,,
labeled-data,P20221101_Video,frame_00327.png,117.22656163898604,167.06895187533163,109.33801726156143,165.0512456259335,117.07177469655858,155.5778546277415,123.242795714122,157.15489305448392,110.88717515591651,155.16223776047792,118.21344037916526,138.24121405700313,,
labeled-data,P20221101_Video,frame_00328.png,117.45939576171207,167.06895187533163,110.89024474640166,165.9049707425956,117.07177469655858,154.72412951107935,123.36870891644023,156.90306664984743,110.88717515591651,154.1532898953318,118.21344037916526,138.24121405700313,,
labeled-data,P20221101_Video,frame_00329.png,119.32206874352036,164.74061064807128,112.4424722312419,165.36169112290153,116.52849507686449,154.72412951107935,122.55027310137164,154.69958560927816,110.88717515591651,154.1532898953318,118.21344037916526,138.24121405700313,,
labeled-data,P20221101_Video,frame_00330.png,119.94295973745645,163.5764400344411,113.37380872214604,167.06914135622577,117.61505431625267,153.55995889744918,122.61322970253076,153.6922799907322,110.03345003925439,153.45478752715368,118.29629238657486,138.24121405700313,,
labeled-data,P20221101_Video,frame_00331.png,121.02951897684461,162.3346580465689,114.69320208426024,165.98258211683762,117.14938607080059,153.55995889744918,122.92801270832638,152.99975737798187,110.18867278773841,153.45478752715368,118.83483043473727,138.24121405700313,,
labeled-data,P20221101_Video,frame_00332.png,122.11607821623278,162.3346580465689,116.24542956910047,165.98258211683762,116.21804957989644,153.55995889744918,123.43166551759936,152.68497437218625,109.80061591652836,151.5145031711034,118.83483043473727,138.24121405700313,,
labeled-data,P20221101_Video,frame_00333.png,123.04741470713691,161.4809329299068,117.40960018273064,166.21541623956367,114.51059934657219,153.55995889744918,123.17983911296287,152.87384417566363,110.03345003925439,151.5145031711034,118.50342240509886,137.6612500051359,,
labeled-data,P20221101_Video,frame_00334.png,123.04741470713691,160.9376533102127,117.33198880848863,165.8273593683536,117.2269974450426,154.41368401411128,123.17983911296287,152.62201777102712,110.03345003925439,151.5145031711034,118.50342240509886,138.40691807182233,,
labeled-data,P20221101_Video,frame_00335.png,123.90113982379904,161.09287605869673,119.97077553271703,166.21541623956367,117.38222019352662,154.02562714290121,123.17983911296287,152.62201777102712,110.26628416198042,151.43689179686137,118.50342240509886,138.40691807182233,,
labeled-data,P20221101_Video,frame_00336.png,123.90113982379904,161.09287605869673,119.50510728726496,166.44825036228968,117.38222019352662,154.02562714290121,123.17983911296287,152.18132156291327,110.26628416198042,151.43689179686137,117.96488435693645,139.77397619408072,,
labeled-data,P20221101_Video,frame_00337.png,123.90113982379904,161.09287605869673,117.40960018273064,166.44825036228968,117.38222019352662,154.02562714290121,123.17983911296287,152.18132156291327,110.26628416198042,152.67867378473358,117.96488435693645,139.11116013480392,,
labeled-data,P20221101_Video,frame_00338.png,123.35786020410497,162.1018239238429,118.4185480478768,165.9049707425956,117.38222019352662,154.02562714290121,123.17983911296287,152.18132156291327,110.26628416198042,153.29956477866966,118.17201437546045,139.11116013480392,,
labeled-data,P20221101_Video,frame_00339.png,123.04741470713691,161.5585443041488,118.88421629332886,165.9049707425956,117.38222019352662,154.02562714290121,122.73914290484902,152.87384417566363,110.26628416198042,153.99806714684775,118.17201437546045,139.11116013480392,,
labeled-data,P20221101_Video,frame_00340.png,122.50413508744283,162.800326292021,116.32304094334248,165.9049707425956,117.07177469655856,154.02562714290121,122.99096930948551,154.07001959768695,110.26628416198042,153.84284439836375,117.55062431988844,139.56684617555672,,
labeled-data,P20221101_Video,frame_00341.png,122.50413508744283,162.800326292021,115.7797613236484,165.36169112290153,116.76132919959052,152.93906790351306,123.36870891644023,153.81819319305046,110.73195240743249,153.29956477866966,117.55062431988844,139.56684617555672,,
labeled-data,P20221101_Video,frame_00342.png,122.81458058441089,162.95554904050502,116.4782636918265,166.21541623956367,117.38222019352662,152.93906790351306,123.11688251180374,153.1256705803001,110.57672965894847,153.29956477866966,117.71632833470765,139.56684617555672,,
labeled-data,P20221101_Video,frame_00343.png,122.96980333289491,162.95554904050502,116.71109781455255,166.5258617365317,116.52849507686449,154.95696363380537,123.11688251180374,153.1256705803001,110.57672965894847,153.29956477866966,117.71632833470765,139.11116013480392,,
labeled-data,P20221101_Video,frame_00344.png,123.82352844955703,164.1973310283772,116.71109781455255,166.5258617365317,117.3046088192846,155.50024325349943,122.92801270832638,155.3921082220285,110.57672965894847,154.46373539229987,117.84060634582204,139.44256816444232,,
labeled-data,P20221101_Video,frame_00345.png,123.82352844955703,163.73166278292513,117.87526842818272,169.70792808045417,116.76132919959052,155.96591149895153,122.67618630368989,155.83280443014235,110.73195240743249,155.00701501199393,117.84060634582204,139.44256816444232,,
labeled-data,P20221101_Video,frame_00346.png,124.05636257228306,165.6719471389754,118.65138217060283,170.4840418228743,116.52849507686449,158.13902997772783,122.67618630368989,157.72150246491603,110.57672965894847,157.80102448470637,117.21921629025003,139.89825420519514,,
labeled-data,P20221101_Video,frame_00347.png,124.05636257228306,168.77640210865587,118.65138217060283,171.49298968802046,116.52849507686449,160.07931433377814,122.80209950600813,159.7361137020079,110.65434103319045,160.90547945438678,116.88780826061162,142.59094444600717,,
labeled-data,P20221101_Video,frame_00348.png,124.28919669500911,171.33757745864227,118.96182766757087,173.1228285471027,116.76132919959052,161.63154181861836,122.92801270832638,161.12115892750862,111.27523202712655,163.00098655892108,116.4934622375516,143.45027106485043,,
labeled-data,P20221101_Video,frame_00349.png,124.9100876889452,172.42413669803045,117.95287980242472,174.36461053497487,117.3046088192846,162.56287830952252,123.242795714122,162.12846454605454,112.05134576954669,163.07859793316314,117.69481634499081,144.11308712412725,,
labeled-data,P20221101_Video,frame_00350.png,125.53097868288128,174.1315869313547,117.95287980242472,174.36461053497487,118.46877943291477,162.25243281255445,124.06123152919058,163.00985696228227,111.74090027257864,161.06070220287086,118.52333641908682,144.56877316488004,,
labeled-data,P20221101_Video,frame_00351.png,125.37575593439726,174.67486655104878,118.03049117666674,174.83027878042694,119.01205905260886,163.26138067770063,124.6907975407818,163.00985696228227,112.7498481377248,161.68159319680694,119.18615247836362,145.10731121304246,,
labeled-data,P20221101_Video,frame_00352.png,125.91903555409135,173.20025044045056,118.88421629332886,174.83027878042694,119.55533867230294,163.64943754891067,125.0055805465774,164.01716258082823,114.45729837104905,164.32037992103534,119.18615247836362,145.10731121304246,,
labeled-data,P20221101_Video,frame_00353.png,125.37575593439726,172.11369120106238,118.88421629332886,174.75266740618494,120.40906378896507,163.49421480042665,125.0055805465774,163.45055317039612,114.53490974529106,164.32037992103534,119.18615247836362,146.88862937234887,,
labeled-data,P20221101_Video,frame_00354.png,125.76381280560733,172.11369120106238,120.04838690695904,174.13177641224883,119.78817279502897,162.79571243224854,124.94262394541829,163.1357701646005,113.4483505059029,164.0099344240673,118.68904043390602,148.0899834797881,,
labeled-data,P20221101_Video,frame_00355.png,124.75486494046118,168.46595661168783,118.80660491908685,173.58849679255476,119.40011592381892,161.32109632165032,124.37601453498618,160.806375921713,112.51701401499875,163.4666548043732,117.69481634499081,147.7585754501497,,
labeled-data,P20221101_Video,frame_00356.png,124.59964219197715,168.00028836623576,118.96182766757087,172.88999442437665,117.84788843897869,160.77781670195623,123.36870891644023,159.1065476904167,111.97373439530467,164.70843679224538,116.6591662523708,147.42716742051127,,
labeled-data,P20221101_Video,frame_00357.png,124.3668080692511,166.9137291268476,119.50510728726496,171.95865793347252,117.61505431625265,160.93303945044028,123.242795714122,158.79176468462109,112.90507088620882,165.3293277861815,115.83064617827479,148.2971134983121,,
labeled-data,P20221101_Video,frame_00358.png,124.9100876889452,166.13761538442748,120.28122102968507,171.33776693953644,116.21804957989644,160.93303945044028,123.05392591064462,158.79176468462109,112.51701401499875,164.32037992103534,115.54066415234118,148.8770775501793,,
labeled-data,P20221101_Video,frame_00359.png,126.38470379954342,165.05105614503933,120.51405515241112,170.71687594560032,117.2269974450426,160.62259395347223,122.92801270832638,157.46967606027954,113.06029363469284,163.4666548043732,115.62351615975078,149.5398936094561,,
labeled-data,P20221101_Video,frame_00360.png,126.38470379954342,164.27494240261922,120.59166652665311,169.9407622031802,117.2269974450426,160.62259395347223,122.92801270832638,157.02897985216566,113.99163012559697,163.69948892709925,115.67742759981425,147.68081889901222,,
labeled-data,P20221101_Video,frame_00361.png,126.15186967681738,163.18838316323104,121.6782257660413,168.85420296379203,117.38222019352662,160.23453708226216,122.92801270832638,157.02897985216566,113.99163012559697,163.69948892709925,115.67742759981425,147.8850948036444,,
labeled-data,P20221101_Video,frame_00362.png,125.13123181051085,162.57885986119607,118.87994422555533,168.12245451200567,118.64404658084003,159.63013930225475,123.00815300807312,157.03526521038643,114.39788897596458,163.40450161769962,115.69532602189875,147.71730824413197,,
labeled-data,P20221101_Video,frame_00363.png,125.6862014313653,162.3346580465689,123.92895561905962,168.85420296379203,118.39116805867276,161.70915319286038,123.05392591064462,158.03628547071162,113.21551638317686,164.63082541800338,115.67742759981425,148.95754330296333,,
labeled-data,P20221101_Video,frame_00364.png,125.99664692833336,162.3346580465689,123.7737328705756,168.85420296379203,118.00311118746271,161.1658735731663,122.4243598990534,157.59558926259777,113.21551638317686,164.39799129527734,115.57528964749815,149.97892282612423,,
labeled-data,P20221101_Video,frame_00365.png,125.99664692833336,162.3346580465689,123.46328737360756,168.85420296379203,118.00311118746271,161.47631907013434,122.99096930948551,157.59558926259777,113.75879600287094,164.39799129527734,115.57528964749815,149.97892282612423,,
labeled-data,P20221101_Video,frame_00366.png,124.83247631470319,160.86004193597068,122.68717363118743,168.15570059561395,117.53744294201064,161.47631907013434,122.86505610716725,157.34376285796128,113.68118462862893,164.70843679224538,115.6263586236562,149.97892282612423,,
labeled-data,P20221101_Video,frame_00367.png,124.52203081773513,161.24809880718075,122.68717363118743,166.5258617365317,116.99416332231655,160.07931433377814,122.61322970253076,156.90306664984743,112.59462538924075,163.54426617861517,115.6263586236562,149.41716408838573,,
labeled-data,P20221101_Video,frame_00368.png,124.59964219197715,161.24809880718075,123.92895561905962,167.06914135622577,116.99416332231655,160.3897598307462,122.73914290484902,157.15489305448392,112.59462538924075,163.54426617861517,115.6263586236562,149.41716408838573,,
labeled-data,P20221101_Video,frame_00369.png,124.28919669500911,160.54959643900264,123.46328737360756,167.06914135622577,115.9076040829284,161.0882621989243,122.73914290484902,157.15489305448392,112.59462538924075,163.54426617861517,115.6263586236562,149.41716408838573,,
labeled-data,P20221101_Video,frame_00370.png,124.28919669500911,160.2391509420346,123.46328737360756,167.06914135622577,115.9076040829284,161.63154181861836,121.66888068514393,156.71419684637007,112.05134576954667,164.00993442406724,115.37101374286598,148.75326739833116,,
labeled-data,P20221101_Video,frame_00371.png,124.28919669500911,160.2391509420346,123.46328737360756,167.06914135622577,115.36432446323431,161.32109632165032,121.60592408398482,156.96602325100656,112.20656851803069,164.00993442406724,115.37101374286598,148.75326739833116,,
labeled-data,P20221101_Video,frame_00372.png,126.2294810510594,161.63615567839082,122.14389401149336,167.06914135622577,115.82999270868638,161.32109632165032,121.66888068514393,157.0919364533248,112.20656851803069,164.00993442406724,115.37101374286598,148.75326739833116,,
labeled-data,P20221101_Video,frame_00373.png,126.2294810510594,161.63615567839082,119.815552784233,165.9049707425956,115.82999270868638,161.32109632165032,122.29844669673516,157.84741566723426,112.67223676348276,164.00993442406724,115.37101374286598,148.75326739833116,,
labeled-data,P20221101_Video,frame_00374.png,125.53097868288128,161.63615567839082,120.90211202362116,166.99152998198377,116.37327232838047,161.32109632165032,122.29844669673516,157.84741566723426,112.67223676348276,164.00993442406724,115.6263586236562,148.60006046985703,,
labeled-data,P20221101_Video,frame_00375.png,125.6862014313653,163.49882866019908,120.90211202362116,167.2243641047098,116.29566095413846,160.77781670195623,122.29844669673516,157.84741566723426,112.67223676348276,164.00993442406724,115.6263586236562,148.60006046985703,,
labeled-data,P20221101_Video,frame_00376.png,126.07425830257537,163.73166278292513,121.75583714028329,168.07808922137193,116.29566095413846,159.53603471408405,122.04662029209867,157.21784965564305,112.67223676348276,164.00993442406724,115.6263586236562,148.60006046985703,,
labeled-data,P20221101_Video,frame_00377.png,125.37575593439726,163.18838316323104,121.6782257660413,168.07808922137193,117.07177469655856,159.8464802110521,122.61322970253076,157.78445906607513,111.74090027257861,162.22487281650098,115.98384145676252,148.29364661290876,,
labeled-data,P20221101_Video,frame_00378.png,125.37575593439726,163.18838316323104,122.84239637967146,168.07808922137193,117.9254998132207,160.07931433377814,123.17983911296287,158.22515527418898,112.51701401499874,163.1562093074051,115.88170350444642,147.93616377980243,,
labeled-data,P20221101_Video,frame_00379.png,124.75486494046118,163.18838316323104,119.89316415847502,168.07808922137193,117.3046088192846,160.07931433377814,123.17983911296287,157.97332886955252,112.20656851803069,164.2427685467933,115.37101374286598,147.68081889901222,,
labeled-data,P20221101_Video,frame_00380.png,125.06531043742922,163.18838316323104,119.89316415847502,168.07808922137193,117.3046088192846,160.3897598307462,122.92801270832638,157.97332886955252,112.51701401499874,164.2427685467933,115.57528964749815,147.68081889901222,,
labeled-data,P20221101_Video,frame_00381.png,125.06531043742922,163.18838316323104,119.89316415847502,168.07808922137193,116.76132919959052,159.53603471408405,122.67618630368989,157.53263266143864,112.51701401499874,164.55321404376133,115.57528964749815,148.03830173211853,,
labeled-data,P20221101_Video,frame_00382.png,125.06531043742922,163.18838316323104,119.34988453878094,168.07808922137193,116.76132919959052,160.3897598307462,122.67618630368989,156.96602325100656,112.51701401499874,164.2427685467933,115.72849657597229,147.47654299438003,,
labeled-data,P20221101_Video,frame_00383.png,125.06531043742922,163.18838316323104,119.34988453878094,168.07808922137193,116.76132919959052,160.3897598307462,122.67618630368989,157.21784965564305,112.51701401499874,164.2427685467933,115.93277248060447,147.47654299438003,,
labeled-data,P20221101_Video,frame_00384.png,125.06531043742922,163.18838316323104,118.80660491908685,168.07808922137193,116.76132919959052,160.3897598307462,122.67618630368989,157.21784965564305,112.51701401499874,164.2427685467933,115.88170350444642,147.68081889901222,,
labeled-data,P20221101_Video,frame_00385.png,125.06531043742922,163.18838316323104,119.50510728726496,168.07808922137193,116.21804957989644,160.3897598307462,122.67618630368989,157.21784965564305,112.51701401499874,164.2427685467933,115.88170350444642,147.68081889901222,,
labeled-data,P20221101_Video,frame_00386.png,125.06531043742922,163.18838316323104,119.50510728726496,169.08703708651808,116.21804957989644,160.3897598307462,122.67618630368989,157.21784965564305,112.51701401499874,164.2427685467933,115.88170350444642,147.68081889901222,,
labeled-data,P20221101_Video,frame_00387.png,125.06531043742922,163.18838316323104,119.66033003574898,168.77659158955004,116.6061064511065,160.3897598307462,123.43166551759936,157.78445906607513,112.51701401499874,164.2427685467933,115.88170350444642,147.68081889901222,,
labeled-data,P20221101_Video,frame_00388.png,125.60859005712331,168.93162485713992,120.20360965544306,170.71687594560032,117.61505431625265,160.5449825792302,123.43166551759936,157.78445906607513,111.89612302106265,163.1562093074051,117.72018664613603,147.27226708974786,,
labeled-data,P20221101_Video,frame_00389.png,124.9100876889452,170.32862959349612,118.72899354484484,172.4243261789246,117.61505431625265,160.5449825792302,124.06123152919058,160.2397665112809,111.89612302106265,161.99203869377493,118.92711533630688,145.2614377612156,,
labeled-data,P20221101_Video,frame_00390.png,123.04741470713691,171.10474333591623,116.63348644031052,171.57060106226245,115.20910171475029,158.60469822317992,123.80940512455409,159.54724389853055,109.41255904531828,158.18908135591636,120.21065952665194,144.64233949772614,,
labeled-data,P20221101_Video,frame_00391.png,120.25340523442449,171.10474333591623,112.36486085699988,171.0273214425684,115.51954721171833,159.303200591358,122.55027310137164,161.6877683379407,109.41255904531828,158.18908135591636,119.44462488428127,144.64233949772614,,
labeled-data,P20221101_Video,frame_00392.png,120.17579386018248,172.1913025753044,112.90814047669397,171.1049328168104,115.51954721171833,159.303200591358,122.67618630368989,161.87663814141808,109.41255904531828,159.58608609227258,119.44462488428127,144.9487533546744,,
labeled-data,P20221101_Video,frame_00393.png,120.17579386018248,173.04502769196654,113.37380872214604,171.8810465592305,116.06282683141242,160.5449825792302,122.67618630368989,160.99524572519036,109.95583866501235,160.67264533166073,119.49569386043932,144.9487533546744,,
labeled-data,P20221101_Video,frame_00394.png,120.48623935715054,173.04502769196654,113.60664284487207,172.4243261789246,116.6061064511065,161.39870769589234,122.80209950600813,160.99524572519036,110.73195240743247,160.98309082862878,119.03607307501692,146.07227083015138,,
labeled-data,P20221101_Video,frame_00395.png,120.3310166086665,174.36442105408074,113.45142009638805,173.8989422895228,117.61505431625265,162.09721006407045,123.05392591064462,163.3246399680779,110.1886727877384,160.98309082862878,119.03607307501692,146.4297536632577,,
labeled-data,P20221101_Video,frame_00396.png,119.39968011776237,173.5106959374186,113.29619734790403,172.5019375531666,117.3046088192846,162.09721006407045,123.05392591064462,163.3246399680779,110.1886727877384,160.82786808014475,119.34248693196518,145.4083741400968,,
labeled-data,P20221101_Video,frame_00397.png,119.39968011776237,173.27786181469256,113.29619734790403,171.41537831377843,117.3046088192846,162.09721006407045,123.05392591064462,164.01716258082823,110.1886727877384,160.82786808014475,120.0574525981778,145.61265004472898,,
labeled-data,P20221101_Video,frame_00398.png,118.00267538140616,172.50174807227245,112.75291772820995,170.0183735774222,117.61505431625265,162.09721006407045,123.05392591064462,164.01716258082823,110.8871751559165,159.50847471803056,119.9553146458617,145.61265004472898,,
labeled-data,P20221101_Video,frame_00399.png,116.45044789656592,172.42413669803045,112.20963810851586,168.466146092582,118.00311118746271,160.77781670195623,123.11688251180374,163.3246399680779,110.73195240743247,159.0428064725785,119.9553146458617,145.61265004472898,,
labeled-data,P20221101_Video,frame_00400.png,116.06239102535586,171.88085707833636,112.20963810851586,166.83630723349975,118.15833393594673,160.77781670195623,123.242795714122,163.63942297387348,110.73195240743247,157.95624723319034,120.00638362201975,145.9701328778353,,
labeled-data,P20221101_Video,frame_00401.png,114.04449529506357,171.80324570409434,110.96785612064367,166.29302761380566,118.46877943291477,160.77781670195623,123.242795714122,163.63942297387348,111.97373439530466,157.95624723319034,120.00638362201975,145.9701328778353,,
labeled-data,P20221101_Video,frame_00402.png,113.19077017840144,172.65697082075647,110.96785612064367,165.74974799411157,118.00311118746271,160.23453708226216,123.242795714122,163.63942297387348,112.12895714378868,158.11146998167436,120.36386645512607,147.04258137715425,,
labeled-data,P20221101_Video,frame_00403.png,112.25943368749729,172.50174807227245,110.26935375246558,164.66318875472342,118.00311118746271,160.3897598307462,121.92070708978042,163.387596569237,112.43940264075673,158.11146998167436,120.87455621670651,146.83830547252205,,
labeled-data,P20221101_Video,frame_00404.png,110.70720620265706,171.95846845257836,109.8036855070135,164.66318875472342,117.84788843897869,160.3897598307462,122.67618630368989,162.8209871588049,112.43940264075673,158.11146998167436,120.87455621670651,146.83830547252205,,
labeled-data,P20221101_Video,frame_00405.png,109.07736734357482,173.74353006014462,106.31117366612298,168.93181433803406,117.9254998132207,160.5449825792302,121.8577504886213,163.1357701646005,110.34389553622242,157.56819036198027,121.33417700212891,147.6095268077838,,
labeled-data,P20221101_Video,frame_00406.png,104.49829626329613,175.06292342225885,104.29327793583067,170.09598495166424,114.35537659808816,165.822556027687,118.20626762139223,168.92777747123975,109.33494767107628,162.147261442259,120.67028031207434,148.01807861704813,,
labeled-data,P20221101_Video,frame_00407.png,103.10128678991758,175.60620304195294,100.64554334645612,169.55270533197015,113.73448560415207,166.13300152465507,116.06574318198207,171.13125851180902,108.63644530289817,162.6905410619531,119.5978318127554,150.57152742495038,,
labeled-data,P20221101_Video,frame_00408.png,98.13415883842883,175.3733689192269,95.91457706251347,168.83135824178711,111.63897849961776,166.67628114434916,112.60313011823037,172.57926033846883,108.48122255441415,161.52637044832292,120.2111187408728,155.99061861529893,,
labeled-data,P20221101_Video,frame_00409.png,97.66849059297677,175.3733689192269,95.53186735297584,168.83135824178711,111.09569887992367,168.84939962312546,110.46260567882021,174.216131968606,109.64539316804432,162.06965006801698,121.15546775825963,159.2643618755733,,
labeled-data,P20221101_Video,frame_00410.png,96.42670860510458,175.3733689192269,94.19238336959413,168.83135824178711,110.00913964053551,168.84939962312546,109.58121326259248,174.34204517092425,109.64539316804432,162.06965006801698,121.21842435941875,160.08279769064188,,
labeled-data,P20221101_Video,frame_00411.png,92.23569439603594,175.3733689192269,92.47018967667479,168.83135824178711,106.98229604509706,170.2464043594817,106.43338320463637,176.04187340222055,107.16182919229995,164.16515717255132,121.47025076405524,160.58645049991486,,
labeled-data,P20221101_Video,frame_00412.png,89.51929629756555,175.994259913163,89.59986685514255,170.17084222516883,105.58529130874085,171.17774085038582,105.55199078840866,176.04187340222055,105.76482445594374,165.48455053466552,120.58885834782754,161.5937561184608,,
labeled-data,P20221101_Video,frame_00413.png,89.51929629756555,175.994259913163,88.9301248634517,170.17084222516883,102.17039084209233,172.96280245795208,102.08937772465696,177.8676148358351,101.57381024687511,166.95916664526374,119.51506240670443,164.26823362683288,,
labeled-data,P20221101_Video,frame_00414.png,85.40589346273892,176.6927622813411,86.92089888837913,169.7881325156312,102.09277473082794,172.80757970946806,101.082072106111,177.8676148358351,101.72903299535913,168.35617138161993,117.2780582066452,165.3038837194529,,
labeled-data,P20221101_Video,frame_00415.png,83.77605460365668,176.6927622813411,84.3376083490001,169.7881325156312,99.8420448778096,174.04936169734023,99.19337407133735,179.25266006133577,99.16785764537275,167.65766901344182,114.33681194360436,165.5524397416817,,
labeled-data,P20221101_Video,frame_00416.png,81.44771337639632,176.22709403588902,81.56296295485228,169.11839052394035,95.806253417225,174.04936169734023,95.3530214006309,179.5674430671314,94.82162068782009,167.89050313616787,112.97364574014794,165.92491139919144,,
labeled-data,P20221101_Video,frame_00417.png,78.49848115519988,176.69276228134112,80.41483382623939,168.35297110486508,92.93463257027057,173.1956365806781,91.82744789315409,178.49718084742634,94.20072969388399,167.2696121422317,112.15654212161922,167.20163580314255,,
labeled-data,P20221101_Video,frame_00418.png,76.86864229611763,175.68381441619496,76.10934959394103,167.20484197625217,90.5286799687682,171.7986318443219,90.12761966185779,177.61578843119864,91.6395543438976,166.4158870255696,109.90950717066528,168.88691201635802,,
labeled-data,P20221101_Video,frame_00419.png,75.85969443097149,174.90770067377483,73.81309133671523,167.30051940363657,87.8898932445398,171.7986318443219,87.79822541897028,176.6714394138118,87.52615150907098,165.87260740587553,104.54726467407059,172.15532649047287,,
labeled-data,P20221101_Video,frame_00420.png,70.81495510524073,173.89875280862867,72.1865750711803,167.30051940363657,84.47499277789129,171.7986318443219,84.77630856333242,176.9862224196074,84.49930791363252,165.7173846573915,103.93443696017404,173.94274065600445,,
labeled-data,P20221101_Video,frame_00421.png,68.40900250373836,173.89875280862867,69.41192967703248,167.30051940363657,82.37948567335698,171.7986318443219,81.62847850537632,176.9862224196074,83.56797142272839,166.88155527102168,101.17671224763964,173.84060270368835,,
labeled-data,P20221101_Video,frame_00422.png,67.01199776738216,174.59725517680678,67.01999399242227,167.6832291131742,81.60337193093687,172.34191146401596,80.74708608914861,177.8676148358351,82.63663493182425,166.72633252253766,100.00212579600462,174.04487860832052,,
labeled-data,P20221101_Video,frame_00423.png,66.85677738740931,174.83008929953286,66.44592942811582,167.6832291131742,78.96458520670848,172.574745586742,78.35473524510198,177.8676148358351,78.83367759396567,166.72633252253766,97.29547005962826,174.19808553679465,,
labeled-data,P20221101_Video,frame_00424.png,66.08066364498919,174.83008929953286,66.1588971459626,167.6832291131742,76.32579848248008,172.03146596704792,75.77351459757797,177.42691862772125,76.89339323791539,167.11438939374773,95.71233179872888,173.38098191826595,,
labeled-data,P20221101_Video,frame_00425.png,68.71945036921758,174.28680967983877,67.21134884719109,167.6832291131742,79.81831032337061,171.48818634735383,79.80273707176178,176.98622241960737,80.69635057577395,166.88155527102168,96.93798722652194,171.69570570505047,,
labeled-data,P20221101_Video,frame_00426.png,69.26272998891167,174.28680967983877,68.5508328305728,167.6832291131742,82.22426292487297,171.8762432185639,82.06917471349017,176.9862224196074,81.31724156971005,167.34722351647375,96.8869182503639,171.08287799115394,,
labeled-data,P20221101_Video,frame_00427.png,68.64183899497557,174.5972551768068,66.54160685550023,167.97026139532744,81.13770368548481,171.8762432185639,81.37665210073983,176.9862224196074,80.07545958183786,166.41588702556962,95.76340077488692,171.08287799115394,,
labeled-data,P20221101_Video,frame_00428.png,67.40005700710338,174.75247792529083,65.68051000904056,167.6832291131742,79.50786482640257,171.48818634735383,80.05456347639827,176.98622241960737,80.61873920153195,166.88155527102168,95.40591794178061,171.23608491962807,,
labeled-data,P20221101_Video,frame_00429.png,66.54633189044125,174.4420324283228,66.44592942811582,166.82213226671453,79.81831032337061,171.48818634735383,80.05456347639827,176.92326581844827,79.22173446517573,166.88155527102168,96.17195258415128,171.9510505858407,,
labeled-data,P20221101_Video,frame_00430.png,66.85677738740931,175.1405347965009,67.78541341149753,167.10916454886777,78.65413970974043,171.48818634735383,78.79543145321583,176.4825696103344,78.67845484548165,166.88155527102168,95.76340077488692,172.97243010900158,,
labeled-data,P20221101_Video,frame_00431.png,66.85677738740931,175.1405347965009,67.78541341149753,167.10916454886777,78.65413970974043,173.7389162003722,78.48064844742021,177.301005425403,79.29934583941775,167.73528038768382,95.61019384641278,172.61494727589528,,
labeled-data,P20221101_Video,frame_00432.png,66.31349776771522,175.68381441619496,66.44592942811582,168.25729367748067,80.20636719458066,173.7389162003722,80.30638988103476,177.42691862772125,79.29934583941775,167.73528038768382,95.45698691793865,172.61494727589525,,
labeled-data,P20221101_Video,frame_00433.png,66.31349776771522,175.68381441619496,66.25457457334701,167.874583967943,78.65413970974043,173.7389162003722,79.36204086364793,177.6157884311986,78.36800934851361,168.04572588465186,95.20164203714843,172.46174034742114,,
labeled-data,P20221101_Video,frame_00434.png,66.31349776771522,175.68381441619496,66.25457457334701,167.874583967943,78.65413970974043,172.88519108371005,79.17317106017056,177.17509222308476,77.59189560609349,167.11438939374773,94.84415920404211,172.6660162520533,,
labeled-data,P20221101_Video,frame_00435.png,66.31349776771522,175.68381441619496,66.25457457334701,167.874583967943,79.35264207791855,173.1956365806781,79.2990842624888,177.17509222308476,79.37695721365975,168.12333725889386,94.18026251398754,173.38098191826595,,
labeled-data,P20221101_Video,frame_00436.png,66.39110914195723,175.68381441619496,66.25457457334701,167.874583967943,78.49891696125641,173.1956365806781,79.17317106017056,177.17509222308476,78.91128896820769,168.12333725889386,,,,
labeled-data,P20221101_Video,frame_00437.png,66.39110914195723,175.68381441619496,66.25457457334701,168.06593882271184,78.80936245822446,173.1956365806781,78.92134465553407,177.17509222308476,78.36800934851361,168.12333725889386,,,,
labeled-data,P20221101_Video,frame_00438.png,65.22693852832705,175.52859166771094,66.25457457334701,167.39619683102097,79.35264207791855,173.1956365806781,79.04725785785232,177.17509222308476,78.36800934851361,168.12333725889386,,,,
labeled-data,P20221101_Video,frame_00439.png,65.22693852832705,175.52859166771094,66.35025200073142,166.0567128476393,79.19741932943452,173.04041383219408,79.48795406596616,177.17509222308476,79.6097913363858,167.96811451040983,,,,
labeled-data,P20221101_Video,frame_00440.png,64.06276791469689,174.4420324283228,63.384251751814766,164.81290629164198,76.86907810217417,172.34191146401596,76.78082021612391,177.0491790207665,76.9710046121574,167.26961214223172,,,,
labeled-data,P20221101_Video,frame_00441.png,64.06276791469689,173.58830731166066,63.19289689704595,164.1431642999511,75.782518862786,172.34191146401596,75.33281838946411,176.4196130091753,76.03966812125326,166.64872114829564,,,,
labeled-data,P20221101_Video,frame_00501.png,124.43923243063253,92.33228805531758,118.23621271674858,95.39288263548832,118.61110371892822,84.98659451334274,123.4632437248946,85.58155284936174,112.45287810293956,86.41247316132765,115.6639206726416,72.44017910223221,,
labeled-data,P20221101_Video,frame_00502.png,124.43923243063253,92.77298426343143,118.28728169290663,95.75036546859464,118.36254769669941,84.98659451334274,123.58915692721284,84.76311703429315,112.38992150178045,86.72725616712327,115.6639206726416,72.44017910223221,,
labeled-data,P20221101_Video,frame_00503.png,124.25036262715516,92.77298426343143,118.44048862138077,95.75036546859464,118.36254769669941,85.60798456891476,123.58915692721284,85.58155284936174,112.45287810293956,87.16795237523712,115.6639206726416,72.44017910223221,,
labeled-data,P20221101_Video,frame_00504.png,124.18740602599604,92.77298426343143,118.23621271674858,95.75036546859464,118.98393775227142,85.89796659484836,123.71507012953109,85.58155284936174,112.45287810293956,87.16795237523712,115.6639206726416,72.688735124461,,
labeled-data,P20221101_Video,frame_00505.png,124.25036262715516,93.02481066806791,118.23621271674858,96.46533113480726,118.81823373745222,86.18794862078195,123.90393993300844,85.45563964704348,112.45287810293956,87.41977877987361,115.6639206726416,73.26869917632821,,
labeled-data,P20221101_Video,frame_00506.png,124.25036262715516,93.02481066806791,118.44048862138077,96.66960703943944,118.5282517115186,86.39507863930596,123.4632437248946,85.45563964704348,113.01948751337167,87.92343158914659,115.6639206726416,73.26869917632821,,
labeled-data,P20221101_Video,frame_00507.png,124.25036262715516,93.02481066806791,118.44048862138077,96.66960703943944,118.36254769669941,85.85654059114356,123.58915692721284,85.70746605167997,113.01948751337167,86.97908257175976,115.6639206726416,73.26869917632821,,
labeled-data,f042814_Video,img0005.png,289.9517251894688,379.1297005223771,293.4651814407692,388.18989121573765,279.90121235885886,410.94018211874675,265.9639472424211,405.57269493963224,295.4727220945673,409.1620400936102,284.72481169050656,446.6940394725681,298.69126165070514,380.6967227775364
labeled-data,f042814_Video,img0015.png,275.7683292232521,414.95442836192905,289.2148955079865,417.13231447230527,282.2287498934779,423.79223720120865,273.19222688636546,423.72029064145,288.4901094907101,428.389524075246,283.60202965338397,430.60083027381097,282.39907470163763,410.8343649504923
labeled-data,f042814_Video,img0028.png,,,,,,,,,,,276.9900909903287,426.60871636404175,,
labeled-data,f042814_Video,img0038.png,283.0714986431056,270.2885086531615,290.9909424317072,271.0165316082223,288.55076141277647,325.84886796021124,276.8424029993888,325.4125029342028,301.31145905426774,325.8324420772719,293.582314427807,368.7230646723884,286.99621312070815,264.9762594502671
labeled-data,f042814_Video,img0040.png,282.9305350903294,223.07060349339372,293.29993289711797,223.53449805200904,287.3982367051676,266.7820893561997,276.0938816413071,267.02785223253426,298.7901449771616,266.3816406205893,290.3387218761195,319.94442283739573,287.9275496116123,217.01243016870387
labeled-data,f042814_Video,img0043.png,282.9305350903294,182.27618947793968,294.21070845414283,181.43641550745386,288.5507592145142,223.85062588304018,278.3394457155523,223.23935278475335,300.00451238652806,224.99195141801528,289.0911862793166,273.2865915169683,286.064876629804,174.94706532953356
labeled-data,f042814_Video,img0045.png,297.90096225196396,175.1652365761633,305.34240970666883,182.24599378036484,289.70328172386075,213.76605392625774,276.5928958800282,210.514489697364,301.7248662164639,215.78299856365282,290.83773611484065,252.70225416972087,309.3482889024075,173.3948378446933
labeled-data,f042814_Video,img0051.png,363.5213194150892,181.77717523921856,360.19135004957195,196.11002170396543,317.3638219481783,187.83429746596005,317.262556335802,175.5834929868835,320.3451664934165,200.80580051479967,285.84759372762915,211.53357947522588,371.2821655475328,188.1409989506755
labeled-data,f042814_Video,img0055.png,436.12790637772264,184.02273931346377,436.6964968396598,196.31241627219316,389.108348155002,188.98681997530662,393.6117348601381,175.95775366592432,390.37368710021644,200.70460323068573,343.3589847402417,191.32350280701934,447.1860895562201,190.31411742945187
labeled-data,f042814_Video,img0061.png,434.5061101018789,186.7673176264301,,,396.0234832110813,194.17317126736614,395.9820524940635,183.31821368706127,396.54672143116267,202.22256249239382,348.4738806871335,196.6879058732717,445.6351657709986,191.5181153270531
labeled-data,f042814_Video,img0064.png,,,,,389.108348155002,194.17317126736614,389.74437451004917,180.94789605313582,388.8557278385083,204.14531089055743,347.60060576937144,195.93938451518997,,
labeled-data,f042814_Video,img0067.png,427.76941787914336,185.76928914898778,,,396.0234832110813,189.5630812299799,400.47318064255387,176.70627502400603,393.5108029077465,200.502208662458,348.97289492585463,190.20072076989675,,
labeled-data,f042814_Video,img0069.png,429.0169534759462,186.6425640667498,427.99353040586675,201.16988590965906,396.8878750930913,189.85121185731654,399.10089148607074,179.9498675756935,397.25510241995977,201.71657607182448,349.8461698436166,190.20072076989675,438.7375912404167,194.04979957584405
labeled-data,f042814_Video,img0072.png,425.898114483939,185.27027491026664,428.29712225820833,200.76509677320357,394.87096070173476,189.85121185731654,394.7345168972607,180.57363537409495,396.64791871527655,201.71657607182448,349.5966627242561,190.20072076989675,437.6510320010285,190.16923086374345
labeled-data,f042814_Video,img0077.png,434.63086366155915,178.28407556817052,438.0120615331401,189.1274091001082,394.87096070173476,191.29186499399975,397.2295880908664,180.44888181441468,395.23115673768234,201.71657607182448,349.5966627242561,190.20072076989675,442.61815995251726,180.23497496076595
labeled-data,f042814_Video,img0082.png,449.2270301441528,187.39108542483152,448.73897364921066,201.4734777620007,397.7522669751012,193.8850406400295,400.3484270828736,180.94789605313582,397.5586942723014,203.0321407653048,356.957122745393,189.07793873277416,457.20909831001546,193.89457682736003
labeled-data,f042814_Video,img0091.png,434.88037078091975,178.6583362472114,440.9467827724425,191.45494663472726,399.7691813664577,192.44438750334632,401.2217020006356,181.8211709708978,400.29102094337594,203.0321407653048,356.957122745393,188.20466381501214,445.25694667674566,179.45886121834585
labeled-data,f042814_Video,img0098.png,423.90205752905445,185.76928914898778,425.4635983030199,202.08066146668392,393.1421769377149,193.8850406400295,395.35828469566206,182.9439530080204,393.106013771291,204.44890274289904,351.71747323882096,188.20466381501214,435.32269077376816,192.9632403364559
labeled-data,f042814_Video,img0105.png,431.512024669552,183.77323219410317,431.8390272021939,196.31241627219316,391.9896544283684,196.19008565872264,392.86321350205634,183.94198148546272,392.4988300666078,203.74052175410196,349.34715560489553,186.70762109884868,438.42714574344865,188.61700337890323
labeled-data,f042814_Video,img0106.png,430.3892426324294,182.02668235857914,432.9521973274465,193.07410318054923,394.2946994470615,192.44438750334632,395.9820524940635,182.56969232897956,393.0048164871772,203.5381271858742,,,439.97937322828886,186.28866215164288
labeled-data,f042814_Video,img0107.png,424.4010717677756,182.02668235857914,426.3743738600448,197.83037553390125,397.46413634776457,191.57999562133637,395.60779181502267,183.0687065677007,397.15390513584595,202.02016792416612,,,436.0988045161883,190.4796763607115
labeled-data,f042814_Video,img0114.png,,,,,394.2946994470615,214.9185764356043,378.70542055082944,213.3786590386713,404.54130687615867,215.9853931318806,,,,
labeled-data,f042814_Video,img0127.png,275.86074176787554,388.6081644810276,286.4051009979329,389.98920946917497,281.35189535403384,413.6409730371915,271.7296551985046,414.75588303503446,293.1338937496845,412.98043400403077,,,280.4942372052112,382.91653200075984
labeled-data,f042814_Video,img0137.png,283.0203692271158,401.33603912540116,292.5094731058567,409.05423916462337,278.3134693677398,423.2237011478111,267.27697469749415,417.6906042743368,293.43748560202613,429.5767885987059,,,297.7368400744878,403.152794643465
labeled-data,f042814_Video,img0139.png,285.5154404207216,407.6984706690958,289.7127471406872,417.31123963321903,278.3134693677398,425.7946769823676,269.806906800341,419.61335267250035,293.1338937496845,430.99355057630015,,,290.70393736116915,411.6380716559009
labeled-data,f042814_Video,img0149.png,275.5009368892459,416.66205514396626,286.0630558755501,417.8266521211039,283.43469243129096,434.17763318976296,274.7847459286709,436.3373620002619,293.9615152379476,432.49954485725755,,,279.4722682312795,412.4895604386698
labeled-data,f042814_Video,img0153.png,280.01582945523427,428.2365979040455,274.98104684994235,417.00576256365144,296.893931218436,421.1231835390733,300.4839792228101,434.7155657244182,288.65292484245845,411.2651832753009,,,268.6437328319105,426.7177523006314
labeled-data,f042814_Video,img0156.png,282.15014230461054,440.46785231008664,273.0930008678017,428.7444832352212,290.7208968874898,426.5878368812225,298.4879222679255,433.71753724697584,284.67148204584157,412.9715159024224,,,263.6072047391807,441.8273365788207
labeled-data,f042814_Video,img0157.png,282.15014230461054,440.46785231008664,273.5855346022732,428.7444832352212,293.6556181267921,426.5878368812225,301.23250058089184,433.84229080665614,282.01718684809697,415.2466260719178,,,265.11816316699964,441.07185736491124
labeled-data,f042814_Video,img0161.png,270.964188596977,462.394224944209,262.200742387359,455.13848745719224,291.63167244451466,433.77284405330744,297.3651402308029,437.46014403738445,277.6565590232309,424.3470667498992,,,259.26140745150724,467.85815143023683
labeled-data,f042814_Video,img0162.png,274.56644636534463,464.4797425995797,266.1410122631307,457.27280030656857,288.5957539210985,436.9099598608375,294.99482259687744,439.95521523099023,276.5190039384832,430.2244346877622,,,265.1854086858404,469.2880827626621
labeled-data,f042814_Video,img0174.png,,,,,289.70892404635106,435.69559245147104,298.86218294696636,440.4542294697114,276.5190039384832,431.7411748007591,,,,
labeled-data,f042814_Video,img0176.png,292.7987828579735,467.15533020686473,283.63167630488465,474.55927786374065,288.190964784643,437.11235442906525,299.23644362600726,441.2027508277931,273.8647087407386,435.722617597376,,,299.22050594946296,477.8174551802202
labeled-data,f042814_Video,img0187.png,301.7216704611333,463.82589453404387,298.30528250139616,472.8389240338048,284.5478625565436,432.2548847915994,293.99679411943515,433.84229080665614,273.29593119836477,433.63709994200525,288.65168760933346,404.76919564314085,309.9231281465137,472.7809270874904
labeled-data,f042814_Video,img0197.png,298.0592912210304,463.5595396802182,290.4118943405141,466.9694815552002,281.6131413172413,426.18304774476707,291.0027086871082,427.3551057032812,268.74571085937407,429.46606463126375,276.8651928297622,392.3254613777198,300.2278115680089,471.8995346712627
labeled-data,f042814_Video,img0201.png,293.33149256562484,467.5548624876032,286.1616084077315,469.1958218057054,282.52391687426615,429.82614997286646,293.6225334403943,430.2244375759278,271.58959857124324,429.46606463126375,276.3394012410824,392.1501975148266,295.6949362845521,478.5729343941296
labeled-data,f042814_Video,img0202.png,292.99854899834276,467.688039914516,286.2628056918453,470.0054000786164,283.23229786306325,429.421360836411,293.6225334403943,430.2244375759278,272.3479686277417,431.55158228663447,276.3394012410824,392.23782944627317,296.32450229614335,477.18788916862894
labeled-data,f042814_Video,img0210.png,,,,,,,,,,,268.43755831969787,384.01009663208833,,
labeled-data,f042814_Video,img0217.png,285.7918376533576,402.9890733701513,296.0727983832911,403.1439706210425,,,,,,,,,290.1591180539335,395.01988335662134
labeled-data,f042814_Video,img0239.png,294.0598749535666,449.87369143757206,281.5097425198351,447.50982499194777,290.948577494205,411.20165737981074,301.731514819613,412.01041786260583,275.5710413678601,408.99007310580555,270.9864905743785,389.99313752242847,285.1942677330803,460.21689986147265
labeled-data,f042814_Video,img0241.png,,,,,290.66044686686837,413.50670239850376,301.731514819613,418.2480958466202,275.5710413678601,409.748443162304,271.1402837582922,388.91658523503247,,
labeled-data,f042814_Video,img0269.png,280.8866752669277,352.3110809701998,292.48609277569386,352.5894723269857,286.91474871149205,386.42242342885953,273.37039228863455,386.78238975206,297.9429580345644,387.94530403797353,291.9553529158757,430.176094536546,287.1405216746002,344.30964066721816
labeled-data,f042814_Video,img0272.png,277.64836217528375,338.0422639101437,287.3250312858864,335.0823421752857,287.4910099661653,367.6939502380747,275.94136812319107,370.6553595171148,298.89092060518755,370.50279273850924,293.81983689265536,402.54177845213326,280.3466570670129,329.5619833483091
labeled-data,f042814_Video,img0275.png,280.6842806987,339.2566313195102,289.75376610461933,339.02903625572674,287.4910099661653,366.82955835606475,275.3896318760791,366.66011960777485,300.2180682040598,365.7629798853939,293.95301431956824,395.0172538315582,283.2958786351188,330.22279267155994
labeled-data,f042814_Video,img0279.png,288.7800634278098,311.12378633585354,297.8495488337292,315.1464772048528,282.88091992877906,346.0841531878266,271.34174051152416,338.93206376057367,292.44477512495064,349.83720869892636,291.1562883543987,377.7707770463464,296.80025775322883,304.92148466866416
labeled-data,f042814_Video,img0281.png,285.0357639155965,248.3814701852524,295.4208140149962,249.46941510858107,288.06727122083856,294.2206402672312,276.8063938536733,294.30406146635573,299.08050154750345,293.33865106160044,292.62124005043995,339.61544423581984,290.1256795684158,238.4861672655916
labeled-data,f042814_Video,img0284.png,297.4830298616028,188.16908613749808,307.56448810866095,194.62049947204616,288.93166530111074,224.78115907910143,277.31239262742673,219.7216630744315,300.4076491463757,226.79167860386127,292.155119056245,263.90406077886445,307.8568217452843,184.63205008091592
labeled-data,f042814_Video,img0286.png,310.1326903758369,196.2648688666079,313.5351278713794,207.67494912273574,288.93166530111074,220.45919966905183,278.02077361622383,214.1558124481685,301.35561171699874,226.41249357561207,291.1562883543987,251.58514878942745,318.70811340218825,200.4371922768412
labeled-data,f042814_Video,img0294.png,305.7812071589404,210.1288967902085,304.42737230113096,220.62820148931144,288.06727341910084,220.45919966905183,280.14591658261514,210.7151047882968,298.7013165192542,231.5314914569766,290.02428022563964,249.05477767808364,311.3952864160139,218.6013109199195
labeled-data,f042814_Video,img0302.png,274.1064572312982,186.65112687579,281.35439152316786,178.12534216148487,289.2197959284474,208.64584394824954,278.1219709003377,209.09594824247483,303.44112937236946,204.60935445128155,292.7544174773527,247.39005984167324,267.3928589827506,177.78458996404237
labeled-data,f042814_Video,img0304.png,248.80713620283,195.15169874135532,250.3880225843228,180.45287969610393,278.270832089655,200.5781863828236,269.8237936030001,211.92947219766327,287.13617315765276,190.95869343430942,299.6130549633636,239.73235779418536,236.07480018192143,188.96961096433853
labeled-data,f042814_Video,img0305.png,223.81140702670342,194.54451503667207,224.07672871471587,182.1732335260398,264.72869040657065,197.1206100617348,261.1208271692071,207.98277811722224,268.3665258311248,183.18540035520027,294.61890145413236,225.68213925488152,214.86468628506358,189.05246297174813
labeled-data,f042814_Video,img0306.png,201.44679488435344,194.3421204684443,203.02769361903034,181.56604982135656,245.42393837501572,190.49360563299203,239.4646083688383,203.93488675266732,248.45931184804044,179.58314258683265,287.09437683355736,205.43917036413097,191.08616015850808,188.38964691247133
labeled-data,f042814_Video,img0307.png,177.66543311759332,193.83613404787496,178.03196444290373,182.88161451483688,225.54292508878748,188.47669124163554,225.39818587700995,201.20256008159276,222.86432244121772,176.36006984671423,274.24275513646904,191.32236311137075,167.5562001679518,187.7268308531945
labeled-data,f042814_Video,img0309.png,141.84159454128235,195.86007973015242,142.71411228716212,186.3223221747086,188.95033541703404,190.78173626032867,188.05638803899092,201.00016551336503,189.87522498353505,177.87680995971112,243.74512437343037,188.99175814039617,131.51557694477532,192.53224728295137
labeled-data,f042814_Video,img0312.png,130.6086960046425,195.75888244603857,130.97522732995287,184.70316562888664,177.13697969623178,190.78173626032867,177.63306777526196,199.48220625165695,175.46619969596878,180.15192012920647,222.63650220774642,180.20204796414922,120.08199992225039,189.54957501620575
labeled-data,f042814_Video,img0316.png,134.25179823274192,194.74690960489983,134.82072412628003,183.28640365129243,178.0013715782417,187.61229935962564,176.41870036589552,199.68460081988468,173.75986706884729,177.6872174455865,220.971784371336,179.93569311032357,125.05312036682645,187.56112683837532
labeled-data,f042814_Video,img0320.png,114.11353869408123,196.77085528717728,115.5932401446442,185.10795476534213,161.86605644738978,188.76482186897218,162.04868602172556,202.01213835450378,159.54042850950128,177.6872174455865,204.9239044283397,181.0011125256262,105.42872315614629,186.12493644778425
labeled-data,f042814_Video,img0324.png,117.45304906983904,188.8774671262952,123.7902201578679,178.22653944559877,156.9678357826669,191.6461281423386,157.19121638425966,202.01213835450375,159.16124348125206,177.6872174455865,208.78604980881184,182.1331206543853,114.99646589458709,173.3041611782736
labeled-data,f042814_Video,img0326.png,126.25721278774597,192.6217666385085,127.43332238596732,179.44090685496525,162.7304483293997,191.6461281423386,161.74509416938395,200.89896822925115,163.14268627786893,180.5311051574557,212.64819518928397,182.66583036203662,116.52730473273762,184.0200330453273
labeled-data,f042814_Video,img0328.png,122.31051870730494,197.37803899186054,121.5638799073627,183.58999550363404,164.17110146608292,191.6461281423386,163.66784256754752,200.49417909279566,163.14268627786893,180.5311051574557,211.38300963361206,182.66583036203662,112.8915624921301,192.82235636469284
labeled-data,f042814_Video,img0329.png,119.57819203623036,196.77085528717728,120.04592064565462,184.60196834477276,163.59484021140963,190.49360563299203,163.97143441988914,201.60734921804828,161.81553867899663,180.5311051574557,210.9834773528736,182.9321852158623,108.29904597767853,189.76067868839178
labeled-data,f042814_Video,img0332.png,134.55539008508356,199.80677381059348,128.04050609065055,185.41154661768377,167.91679962145926,190.49360563299203,168.3229176367857,201.60734921804828,162.9530937637443,179.77273510095725,217.10963899086386,181.66699966019038,122.84201494010854,198.75435686252612
labeled-data,f042814_Video,img0336.png,170.78401779785003,201.5271276405293,157.893704904243,192.59655378976873,188.6622047896974,188.47669124163554,192.91385767645676,198.57143069463208,178.49967992196258,178.82477253033417,235.35494647792194,179.86910439686716,159.77350191049,210.2356481486551
labeled-data,f042814_Video,img0337.png,177.8678276858211,196.6696580030634,165.17990936044188,195.83486688141264,198.4586461191432,184.44286245892258,209.00422585056253,200.3929818086818,187.03134305757015,175.0329222478419,,,176.80408398491463,210.61835785819275
labeled-data,f042814_Video,img0338.png,186.57079411961416,195.6576851619247,176.71639974942337,203.62705775818077,195.00107859110352,182.42594806756608,211.53415795340936,193.91635562539395,180.2060125490841,175.79129230434035,237.21943045470158,178.404152700826,194.98279518795215,210.42700300342392
labeled-data,f042814_Video,img0345.png,261.3925972193176,186.8391052781778,262.1244633270647,197.86124097304614,222.37348818808442,198.27313257108136,221.5526890806828,185.921770180398,,,,,273.65441562476394,194.6421213886333
labeled-data,f042814_Video,img0346.png,275.35782242703203,192.80974504089633,268.80775656429387,205.4821354138669,226.9835782254707,194.52743441570502,227.32093427517356,182.8858516569818,225.7082159389912,206.31568707840304,,,287.15929283252893,206.24140242597747
labeled-data,f042814_Video,img0348.png,275.76261156348755,190.17861565393562,276.59994744106206,200.32107392405936,236.7800195549165,199.71378570776454,233.79756045846142,184.60620548691764,240.87561706896025,212.38264753039067,,,282.6035445149562,196.5128209315617
labeled-data,f042814_Video,img0372.png,284.5630512081183,386.0268780264515,294.9954698273679,384.7299615466826,291.27306957712926,412.7895589138743,278.2970736019016,413.70497887862024,306.2683747722684,411.99768666437683,292.0149661158063,456.82030898752157,288.2548985361444,377.3456978300969
labeled-data,f042814_Video,img0375.png,271.491356792959,391.86052677371276,279.23773891965897,386.13833586560065,290.4086776951193,411.34890577719113,274.91362355580003,412.6284265912243,302.40101442217946,406.6332835981245,292.17914402729684,443.43980920104696,269.3679181884078,382.004486315872
labeled-data,f042814_Video,img0397.png,271.12893618888563,446.8091943298851,267.717013300647,432.89825007794127,293.8849920490853,425.26683678673993,298.9226946425109,429.76754646751533,284.9387820623997,416.2301007547347,,,253.2715498757396,442.42898064864977
labeled-data,f042814_Video,img0398.png,267.8660892295212,439.4844358496793,273.83956441782846,429.4925979768345,294.0873866173131,424.5584557979428,299.1250892107387,429.76754646751533,287.0918866371916,414.07699617994274,,,258.62620055747107,427.1080068309735
labeled-data,f042814_Video,img0402.png,255.0810562458893,434.4236936269917,258.8819738686393,422.57138289938683,293.1766110602882,424.5584557979428,296.49395982377797,429.56515189928757,287.0918866371916,411.00113250166856,,,243.70052188550343,426.3425874118983
labeled-data,f042814_Video,img0403.png,248.68853975407333,434.0907500597096,251.3209454827291,424.2766156231521,291.55745451446626,423.74887752503184,296.19036797143633,429.1603627628321,284.784988878486,410.3859597660137,,,239.2993602258207,427.2993616857424
labeled-data,f042814_Video,img0415.png,264.470064843244,446.1433071953209,259.73198325670467,436.4932383801838,288.5215359910501,425.77282320730933,296.19036797143633,431.18430844510954,281.4015388323844,413.1542370764604,,,251.5460709310249,447.7743311460057
labeled-data,f042814_Video,img0421.png,280.5154668213704,435.0693373876103,266.6283283556477,426.9899051404001,290.4442843892137,413.73034639775847,298.61910279016934,425.4160632506188,275.4036046597497,409.3094074786177,,,267.2371690220678,442.22504035771
labeled-data,f042814_Video,img0434.png,,,,,,,,,,,289.98276610170944,377.6285987484621,,
labeled-data,f042814_Video,img0438.png,,,,,,,,,,,284.1193487967359,379.0008879049453,,
labeled-data,f042814_Video,img0444.png,291.83044977388346,400.78099787585336,299.9823230073766,408.1633091567164,279.18327798406716,411.22008761036733,281.1627013483417,400.94285217059553,278.94084788976505,418.2294121456128,273.1410355448706,377.12958450974094,304.0507631157972,396.92313700127386
labeled-data,f042814_Video,img0448.png,297.98769334109284,395.3616045535734,297.86725925675574,407.5387189435794,281.48832300276024,405.1693444362979,282.30025643308943,393.92792914798486,284.01602295891746,412.846650708633,273.1410355448706,377.6285987484621,304.8268768582173,402.82160144366674
labeled-data,f042814_Video,img0456.png,291.67122576974464,372.9708027655659,303.12085939621727,377.3097851220185,289.2678499408496,394.7966418521788,281.1627013483417,391.27363395024025,295.8580981202731,400.69698917944993,,,300.64990876305893,367.9404568544741
labeled-data,f042814_Video,img0458.png,297.28827275862653,343.743537597845,283.3564515401754,345.7323614752807,295.31859311491905,375.4918898206238,279.6459612353448,373.6415301366513,305.7008618907505,376.85904567282495,,,287.07363227015736,331.58291948197166
labeled-data,f042814_Video,img0459.png,284.0997617089327,350.44948636549225,296.1888278954131,347.93853075585895,294.74233186024577,373.4749754292673,280.32850184729807,372.9451437040315,306.7774141781465,372.55283652324107,,,286.0663266516114,341.1523228581582
labeled-data,f042814_Video,img0465.png,277.0159494393532,302.59157543092755,290.4353911024948,303.3210755331912,283.38887345528275,339.1977103640506,272.20467880561523,339.4510208354541,295.2429253846183,336.87281785526045,290.98079457915173,384.1157838518371,286.06632665161146,290.2833891215876
labeled-data,f042814_Video,img0469.png,291.3155916679201,196.51872344075105,300.8558637964396,202.3379279588544,286.8952341206233,238.43818231829346,274.3605046607768,237.89528313647006,295.8352672084104,239.27568212287088,289.4837518629883,287.18226798025364,303.4423485715291,188.67143485076463
labeled-data,f042814_Video,img0471.png,311.83003356040365,185.201758832449,317.56417588994526,194.6921529008987,290.09203853027776,216.77095243063505,277.02405319903346,210.39414447897013,299.6974125888825,221.696261770377,287.86195558714456,250.75422855360964,325.3512457749036,187.1604764229457
labeled-data,f042814_Video,img0477.png,325.0406997931171,191.62731994966083,324.77030090220444,207.20670222999496,300.7480532291262,200.78693038236247,299.9305706280407,188.81940131909127,303.1600256886161,211.2418337577196,281.125263364409,226.55203797563382,339.70536620944733,201.01092867795256
labeled-data,f042814_Video,img0478.png,336.83323120907835,186.57602135019303,338.6737234815021,199.32895115461406,302.52405567893425,198.30052695263117,302.19458688555886,184.75748979824988,305.42404194613425,212.97314030758642,277.00839589495956,223.30844542394635,347.51198475317847,195.21892137131334
labeled-data,f042814_Video,img0479.png,358.7509823930582,184.68797536805243,359.5477083173947,196.07141423923017,317.0872757673604,191.55171764336052,316.77751513251405,178.89768301408526,318.87496206433036,204.84931726590364,281.2500169240893,217.5697816786531,371.3095799913266,190.5601328855383
labeled-data,f042814_Video,img0484.png,413.9147606538614,177.62832517396157,414.88420408246145,192.5189579895105,376.0505571009882,188.354913233706,375.84168771134506,175.83460219509007,374.8094651107099,202.1191800141906,339.260406946717,194.7398802571605,425.70408339280806,183.50899355571664
labeled-data,f042814_Video,img0489.png,391.25820886817445,182.47157356293087,397.5189560031179,194.19050654650886,364.32894093225497,197.23492548274632,362.85688858734386,183.95842523677285,366.7522307824836,207.84580937144239,333.8960038804646,196.11216941364364,404.55066540334303,180.36116349776054
labeled-data,f042814_Video,img0495.png,411.77693356377085,187.72175248991218,412.6665287356091,198.58043741088534,376.0505571009882,195.81412352289988,376.4409861324528,181.56123155234187,375.07581996453564,205.18226083318575,328.65635437389255,194.86463381684078,423.4376457510797,192.70065732494845
labeled-data,f042814_Video,img0500.png,,,,,396.2969850288002,189.4205147035908,399.94680198256776,176.43390061619783,395.7849098494811,199.6553976163032,354.6050947873924,191.74579482483358,,
labeled-data,f042814_Video,img0509.png,451.84354592683553,183.27269615343346,453.52395688487314,197.01900843264852,415.47781148672726,189.4205147035908,417.45966613562547,178.89768301408523,415.76152388640594,201.45329287962645,370.6983039861494,191.74579482483358,467.3919531461119,185.38373929738262
labeled-data,f042814_Video,img0520.png,449.4336678120533,187.961004485828,450.0503346822129,197.6640703316812,413.3466085469576,195.81412352289988,415.2622385915637,179.5635701486494,414.42974961727765,202.18576872764703,365.4586544795774,192.36956262323503,455.7507975876131,192.56381586495831
labeled-data,f042814_Video,img0522.png,452.58841734413187,187.87337255438138,451.359935948666,201.0348552956721,412.2810070770728,189.06531421362922,412.93163362058914,178.03202973915182,413.0979753481493,200.58763960469304,368.70224703126485,190.623012787711,461.1650652872976,196.97077794609686
labeled-data,f042814_Video,img0524.png,469.98335573628725,189.45074732042065,469.03721425095205,202.3024739049439,431.1066330450383,189.06531421362922,431.2435298211036,175.63483605472084,431.80943634342253,199.52222018939037,389.91035217691376,189.749737869949,478.415174004897,204.14783047823673
labeled-data,f042814_Video,img0525.png,,,,,447.4458555832725,189.06531421362922,447.69094204483844,177.76567488532615,447.5909614325932,201.3201154527136,403.13422950302424,196.11216941364364,,
labeled-data,f042814_Video,img0532.png,,,,,462.08700231131303,189.93857382454317,465.47012853770156,177.29955389113124,460.043050848943,199.7219863297596,,,,
labeled-data,f042814_Video,img0534.png,,,,,469.44746233244996,191.5603701003869,468.7329754970659,180.0296911428443,468.1002851771694,201.85282516036494,,,,
labeled-data,f042814_Video,img0554.png,280.891872529828,389.3632286138932,290.1454582889549,393.64776706432104,283.11258187133456,420.5079993426313,269.65352480893034,418.0360208866462,298.6689351411609,419.9106990570602,302.27773754614657,449.8963960803573,290.72757263504485,383.62502184732443
labeled-data,f042814_Video,img0557.png,277.0336916098016,404.38550751527265,286.61563319190947,405.7148435588717,284.0353409748168,424.5066221243877,272.27334956221637,424.64795954970145,299.7454874285568,421.2948377122836,300.8733406255096,441.41599929035726,281.382291806956,400.72661470075434
labeled-data,f042814_Video,img0563.png,276.5985747301416,420.69975328082035,287.2290156576172,418.18903798482114,289.4181024117966,432.65766087181436,283.1269092544014,437.99659043549224,301.1296260837802,422.8327695514207,,,279.66009811403666,412.9733254059586
labeled-data,f042814_Video,img0578.png,282.3225652854862,438.51816465874253,273.98294677791927,427.3744321375156,291.50435749197015,423.7762684173651,295.3894592845673,436.28269094566576,283.9168866192916,414.3381477616465,,,267.9928943750058,439.18678671243083
labeled-data,f042814_Video,img0579.png,281.666898123339,440.83268641664023,271.78947132909985,434.66812056172137,289.258793417725,424.7742968948074,298.75780539593507,431.5420556778148,278.45223327714245,413.6297667728494,,,266.6078491495051,447.2452316607984
labeled-data,f042814_Video,img0590.png,,,,,290.3815906835536,438.9223130167722,299.2885759893366,443.32135583689364,278.0057644975473,433.58401328121704,298.2822932257937,409.2355415389809,,
labeled-data,f042814_Video,img0591.png,,,,,290.3815906835536,438.9223130167722,299.2885759893366,445.01308085994447,278.30935634988896,436.11394538406387,298.2822932257937,409.4379361072086,,
labeled-data,f042814_Video,img0592.png,,,,,289.75782288515217,437.42527030060876,299.2885759893366,442.3985967334114,278.30935634988896,434.4947888382419,298.079898657566,409.2355415389809,,
labeled-data,f042814_Video,img0593.png,,,,,291.13011204163536,437.42527030060876,297.90443733411325,442.3985967334114,278.30935634988896,433.28042142887546,,,,
labeled-data,f042814_Video,img0596.png,,,,,287.8865194899479,439.67083437485394,296.21271231106243,445.782046779513,275.3746351105866,432.87563229241994,,,,
labeled-data,f042814_Video,img0600.png,,,,,285.01718761730126,449.65111914927695,294.6747804719253,454.70205144650816,274.6662541217895,443.9061362608321,,,,
labeled-data,f042814_Video,img0609.png,275.2928929622578,336.9229582195475,285.88261894838985,336.22995083547875,283.14090443522974,370.1152120615159,272.68235517226486,370.42338666179535,295.2093027969056,370.5381052782743,,,279.9646908275038,326.02946679558283
labeled-data,f042814_Video,img0613.png,277.75667536014515,247.49433230459059,287.89727273504207,248.2002574779892,284.9967354651222,288.32090310033857,272.7044030397307,288.0136782418908,296.0188810698166,288.36591057780953,284.63660702526386,337.5597716598303,282.8164073004671,236.74843699125404
labeled-data,f042814_Video,img0615.png,284.38685026667144,194.81513755309584,294.2995305644061,196.78559286812276,285.7452568232039,238.29472566854315,275.0373901614706,236.98667119403405,298.2452213203218,237.76726852087313,286.2584033011076,290.02868065034664,292.2598974743354,186.13132965931987
labeled-data,f042814_Video,img0622.png,303.91487922150657,205.43231834407416,308.7323954763489,217.50830757306272,288.11557445712936,231.30852632644704,278.655243392199,223.26377962920242,301.1799425596241,233.31458801986278,287.5059388979105,255.22243749954643,314.0428968456556,210.30666450442277
labeled-data,f042814_Video,img0626.png,296.33117865652207,213.5847964514325,303.22436386831845,221.31493090318006,288.61458869585044,233.6788439603725,277.781968474437,223.01427250984185,301.1799425596241,234.02296900865989,288.5039673753528,254.97293038018586,308.37680274133464,212.19536253919642
labeled-data,f042814_Video,img0627.png,295.7624011141482,212.82642639493406,303.5986245473593,220.94067022413918,288.86409581521104,233.6788439603725,280.6513003470836,225.5093437034476,301.8883235484213,237.16008481618996,288.5039673753528,254.97293038018586,309.3841083598806,212.19536253919642
labeled-data,f042814_Video,img0633.png,298.9854738542666,211.49927879606176,307.92478192776684,220.93082152572245,288.86409581521104,233.6788439603725,279.15425763092014,225.01032946472645,300.87635070728254,238.7792413620119,288.5039673753528,254.97293038018586,312.0282856085637,212.19536253919642
labeled-data,f042814_Video,img0642.png,317.3759477243541,184.95632681861593,325.1973981099401,193.1050410922796,295.10177379922544,219.45693815681972,286.51471765205713,211.03793078053423,306.03741219709,223.70084602904487,288.1297066963119,254.4739161414647,332.17439797948276,182.60575999440908
labeled-data,f042814_Video,img0649.png,328.56190605770627,192.91921241184968,326.6624274866466,206.5020930554184,300.2166697461172,198.24883301117083,299.11482717976617,187.085247321919,305.73382034474844,214.28949860645469,289.1277351737542,225.4063367359577,339.8551033208956,203.75917798387408
labeled-data,f042814_Video,img0650.png,331.97457131194926,199.55495040621116,326.8963391436464,211.68100554201894,308.3256511253359,202.11619336125972,308.22183703642713,186.71098664287817,307.4541741746843,213.0751311970882,288.3792138156725,225.15682961659712,343.3806729858064,213.95814737165185
labeled-data,f042814_Video,img0653.png,324.2012782328402,201.26128303333266,319.80180411896634,212.7684947199474,303.95927653652586,200.74390420477658,307.09905499930454,189.20605783648392,306.1386094812039,214.1883013223408,285.63463550270615,225.15682961659712,331.796658372528,216.098671811062
labeled-data,f042814_Video,img0664.png,273.9592619898177,184.19796833392627,279.2757924833812,176.12378392813542,295.8502951573072,202.11619336125975,280.5265467874033,205.04975991588043,307.15058232234264,195.16321190893274,289.25248873343446,229.77271132476776,265.62232319498315,174.2745697121624
labeled-data,f042814_Video,img0669.png,225.97758286866554,207.79772320060002,218.88359634864463,194.3591357285568,261.66781980490833,190.514112310993,263.18580199184333,201.4319066851521,258.27229409534203,175.5309387908414,298.2347450304152,201.07939259830164,207.83469910012124,209.8917589559287
labeled-data,f042814_Video,img0672.png,190.84305315037614,204.2200871782742,188.18028017360967,190.71666075178666,235.0953115930071,188.6428089157887,236.98755445898297,200.55863176739007,233.58015677155709,175.834530643183,281.26826091389603,189.22780442867432,169.83938083853616,199.47368781968765
labeled-data,f042814_Video,img0674.png,162.96310487564133,199.3604451146869,163.53030080152715,188.12243528857974,197.91875842263443,195.12999401916366,196.9416694159637,205.17451347556073,197.85751547936002,183.52552423583734,250.454131672865,184.86142983986426,150.6374458031114,192.93685887145796
labeled-data,f042814_Video,img0675.png,143.33001975795935,199.55496197801992,143.76992494959615,187.08236101206185,183.44734549972108,192.7596763852382,182.22074937368976,202.92894940131555,184.1958821239872,179.98361929185177,231.11732992242042,180.37030169137387,134.39750515084737,193.44754863303837
labeled-data,f042814_Video,img0677.png,124.84173536534007,201.68346558708473,127.19377103185982,188.1356410448699,162.61350103311304,193.25869062395935,160.88789066836057,205.54877415460157,164.3612144376681,180.79319756476275,209.53497171208372,189.22780442867423,115.84066852733685,193.4563945117164
labeled-data,f042814_Video,img0678.png,114.29619783051855,199.34086222157876,116.99373622625002,187.29255499356003,153.38173761677177,196.7517902950074,150.65809877457698,206.2972955126833,153.2295131851421,185.04348349754542,203.7963079667905,189.6020651077151,107.0383452079713,189.8206522711089
labeled-data,f042814_Video,img0682.png,132.52324645285643,207.13866254300444,125.99229502624343,199.87750865217947,159.993676279827,192.88442994491848,162.75919406356488,202.3051816029141,152.9259213328005,180.18601386007953,208.41218967496113,183.489140683381,123.49486271808948,212.20917027906037
labeled-data,f042814_Video,img0691.png,172.14808190490055,199.74455449214452,159.2678653179739,201.33433884000928,173.2175536059375,182.6546380511349,184.21680632857436,189.70507207520507,161.93247961893516,182.00756497412925,207.78842187655968,177.12670913968634,170.18544728168058,214.50542853628616
labeled-data,f042814_Video,img0693.png,178.5942273851374,195.38392666727844,169.12404015518302,206.72107330640017,170.47297529297117,186.5219984012238,184.09205276889406,183.34264053151037,159.2001529478606,190.20454498735296,208.6616967943217,177.25146269936664,190.6604225816306,215.2708479553614
labeled-data,f042814_Video,img0696.png,193.57203600098183,196.5214817520261,184.60722462460558,208.54262442044987,172.59378580753605,186.27249128186324,186.7118775221801,181.47133713630606,163.95642530121262,187.97820473684774,205.91711848135537,172.01181319279456,202.14171386775956,216.03626737443668
labeled-data,f042814_Video,img0697.png,198.88062639647097,196.90066678027534,190.99664607086618,209.13971989663156,173.3423071656178,187.52002687866613,183.96729920921376,181.97035137502724,165.17079271057906,191.11532054437782,,,210.36997262281864,213.54865426244206
labeled-data,f042814_Video,img0704.png,264.8588213118363,187.98981861641852,262.0128326078018,200.16372895602598,215.75851745691557,191.63689434811562,214.15766065184337,176.73070186845516,217.2873940292236,203.36019192215642,179.09510315009354,185.85945831730646,276.96146208236667,199.00568530001206
labeled-data,f042814_Video,img0706.png,278.88866735705767,191.40248387066157,273.2560393317661,204.5959303400088,229.23190190238662,190.13985163195215,230.0013627312399,175.35841271197202,228.6214898499773,201.94342994456218,190.82193776004056,200.70513191926068,291.50443104479666,204.3636212335389
labeled-data,f042814_Video,img0711.png,305.62121184862815,230.45854178033184,292.8834889795139,234.4197774386609,280.37567427308585,206.2434659364217,286.01570341333604,197.56454633506317,270.2135736207791,214.5930904587963,,,303.17707718569443,244.16543102545262
labeled-data,f042814_Video,img0714.png,,,,,,,,,,,278.77970180587806,273.9050432608836,,
labeled-data,f042814_Video,img0717.png,,,,,,,,,,,269.37679664143997,434.4966774296804,,
labeled-data,f042814_Video,img0724.png,295.73297400456454,414.2088431219836,305.773738053702,415.5504851257109,299.22586761580766,448.47821927240085,287.0743372981343,447.3329019767639,310.6330437444586,450.8220416705713,,,302.5856650578397,405.489173050721
labeled-data,f042814_Video,img0728.png,292.3203087503215,404.5396249016283,304.28376250472934,406.0311071707641,297.9124443238838,434.6051857514548,285.6788250504652,430.4225770932439,307.6983225051562,436.6544218946291,289.88309829880325,468.7934321069419,299.0230287392269,396.87256428012245
labeled-data,f042814_Video,img0733.png,288.14927343958004,390.50977885640697,301.4577225175479,401.2279774686397,290.4423493510667,418.51575042538724,277.2236626087052,415.7286540148454,300.1085261966158,421.47482927754817,278.39064449446926,459.68155801921995,299.3544367688653,391.4043317910888
labeled-data,f042814_Video,img0741.png,290.8035686373246,423.4988763140896,295.07392214607245,435.26939527910866,278.5394507680065,427.54553555736396,279.6042423253172,415.4002981918644,278.1487155439054,433.92209522355455,,,307.9875802942629,424.4571412406643
labeled-data,f042814_Video,img0759.png,316.3985580441473,428.6178741954542,314.2326899883882,440.37089671489554,288.4933529672598,425.87673338069294,294.4836672041009,412.6135224413059,284.4802704303693,433.08066934553483,,,328.58569732031265,434.68643262130604
labeled-data,f042814_Video,img0761.png,309.9524125639105,428.6178741954542,309.09208626101554,439.60283263799624,288.4933529672598,425.00345846293095,291.6105537530174,414.17321260046555,284.8544993509359,433.54481326334627,,,322.4574201813473,432.1329838134038
labeled-data,f042814_Video,img0768.png,312.03793021928124,412.12332546661287,317.6545038310866,420.98302620058485,289.6161350043824,425.87673338069294,289.88668568236733,414.9120132021727,290.5931630962291,435.91513089727175,,,321.7424545151347,410.581875874709
labeled-data,f042814_Video,img0773.png,299.5248242870568,404.3500323875037,309.5746883808488,411.1306145017702,289.6161350043824,424.1301835451689,284.71508147041703,416.8821481400586,293.4624949688757,434.54284174078856,273.06501358384526,432.16149114417533,310.40514180804877,399.4488390722553
labeled-data,f042814_Video,img0784.png,288.630047331149,370.69284597116535,296.6717659008116,372.198318863821,286.65114570961305,399.1101837277108,272.2679836030271,398.57747402005947,298.637114131768,396.38004647599774,,,295.23201278856396,361.6621505571077
labeled-data,f042814_Video,img0785.png,286.57746721637193,372.6914108197641,296.29365903756315,376.6275706904452,286.5767019993791,395.6831661763413,273.8661127259811,394.78191735304375,299.05457789467016,397.4332731337095,,,296.20389614042716,364.8613885637909
labeled-data,f042814_Video,img0787.png,288.68406259732734,368.74829638874496,298.71332922966536,373.1407440736548,,,,,,,,,297.1152682219328,362.0444203118645
labeled-data,f042814_Video,img0791.png,296.0841540637605,372.6914108197641,299.6195033053359,380.33045837194896,281.9133405329259,391.06735898661844,271.73452235303836,384.4260489662846,,,,,303.97634153410587,371.81731141840163
labeled-data,f042814_Video,img0793.png,288.92450809197516,309.59033424511244,299.67228283901903,310.76300158649167,294.067044478102,345.0235190404705,282.25903990088113,344.9591081618742,304.1914277471875,345.8683473132787,291.2965311097171,388.2278050505612,294.4476508371413,299.31686051542283
labeled-data,f042814_Video,img0794.png,294.38386806412814,275.4579801816421,284.2693360883477,274.04881412903313,287.5227423537764,317.4439458225089,277.1991756951875,317.5346441670147,299.5123572697087,319.18943669607484,286.3237242502545,366.20537467294116,290.1815195879205,263.11809611373945
labeled-data,f042814_Video,img0797.png,298.157955785721,193.87288539615528,305.765762358335,201.0553077752095,287.7564674296452,239.61350269093134,274.2644544558852,236.17202773946093,299.0949232610037,242.19494956621386,284.1971035442983,286.52000578167656,309.0024276209599,189.25194697982272
labeled-data,f042814_Video,img0801.png,323.2262447636557,181.2618443152311,328.24997941833084,190.3136898643246,292.89841909875815,212.03394373841633,284.28298558315856,202.87812126599678,303.5860514094941,221.61061221896642,285.4274490156079,248.84067572281774,336.0285224066927,180.8522741716463
labeled-data,f042814_Video,img0805.png,352.7763145002938,183.46947160981028,354.16078627537485,196.41015699890008,315.56975145802903,195.67318842760233,309.4811093275129,182.3350725908806,314.5643646613594,208.8857491315771,286.50400130300386,230.69308002100001,364.1071665236612,189.41437192928694
labeled-data,f042814_Video,img0810.png,445.9652557366649,183.98555741105284,444.9566105973183,200.52445937495776,407.1899811985873,189.36261137914545,410.98198529372735,176.76922196461757,406.13347746669047,202.39856402820212,359.555773048807,184.40133166297343,457.1570230368435,192.8140283918795
labeled-data,f042814_Video,img0811.png,456.28217157672873,187.44253444646685,457.1069372789944,196.72387991223715,409.52723195727503,187.96026092393282,410.88078800961347,176.5668273963898,409.62657713773854,200.65201419267808,363.0930162788223,188.39995444472987,465.4672943898476,192.8140283918795
labeled-data,f042814_Video,img0812.png,448.3959427146904,183.3373742169127,450.4652643026031,196.35643190901325,408.8260567296687,190.76496183435808,411.3867744301828,179.70394320391986,409.62657713773854,201.15102843139925,360.1709457844618,189.47650673212587,459.29754747625367,185.88880226437607
labeled-data,f042814_Video,img0813.png,442.56229396742924,184.52571007283626,443.1684707491133,199.20294609212138,409.05978180553745,190.29751168262055,411.28557714606893,179.80514048803374,409.37707001837794,201.15102843139925,359.24818668097953,189.47650673212587,450.60953651629484,188.78480591769568
labeled-data,f042814_Video,img0818.png,442.29104897602815,184.9606381167853,,,402.5154796812119,190.29751168262055,403.1897944169591,179.50154863569213,405.1354489892482,200.27775351363724,357.8640480257562,189.47650673212587,,
labeled-data,f042814_Video,img0822.png,441.48198864386234,181.8789620300974,441.77952403467873,195.13426275065254,406.2550808951122,190.29751168262055,406.83289664505855,178.99556221512276,407.38101306349336,201.77479622980067,360.63232533620294,189.47650673212587,451.99026741783405,188.05948201855324
labeled-data,f042814_Video,img0823.png,450.88064495889427,184.6877558713713,451.39257065885397,195.49560454831956,407.8911564261936,190.76496183435808,408.24965862265276,179.40035135157825,412.4959090103851,201.77479622980067,363.70818901447717,190.3992658356081,459.383112423989,189.80688174728078
labeled-data,f042814_Video,img0826.png,459.5230875474293,186.1461680581866,460.19538829035406,198.63172448166594,417.9413346885508,189.83006153088303,422.01248926213947,178.89436493100888,416.363269360474,200.27775351363724,371.3978482101626,190.3992658356081,467.58244961263364,192.42798134037207
labeled-data,f042814_Video,img0840.png,447.96382058526365,184.2016184757662,448.70972389964163,196.16350285634155,412.0982077918315,191.4661370619644,413.5119173965742,179.80514048803374,413.11967680878655,202.772824707243,364.47715493404564,192.39857722648634,457.6357126952615,189.80688174728078
labeled-data,f042814_Video,img0844.png,446.45139313227,189.5491298274223,437.7545970742896,199.69367696826703,407.4237062744561,191.4661370619644,407.54127763385566,179.602745919806,411.3731269732625,200.02824639427666,362.6316367270812,191.32202493909037,449.23098260393823,199.5799834517877
labeled-data,f042814_Video,img0850.png,447.58571372201527,193.3301984599064,440.79428457939645,203.35294272937747,407.4237062744561,190.06378660675176,406.83289664505855,179.602745919806,408.8780557796568,200.02824639427666,362.6316367270812,191.47581812300407,453.8234991183898,202.8330159828576
labeled-data,f042814_Video,img0857.png,456.4982326414421,179.61032085060694,456.6035455535407,191.20518294887424,430.32876370959565,188.4277110756704,431.12024483238804,178.18598394221178,432.830739238272,202.27381046852184,,,465.4961452592876,182.93211108690073
labeled-data,f042814_Video,img0861.png,,,,,399.24332861904907,240.5484029944064,385.11024242062183,243.27959280044848,414.8558450007388,247.93254312202217,,,,
labeled-data,f042814_Video,img0863.png,,,,,339.44995846979134,353.4438474994478,319.3229971165403,361.50138359958294,355.76310082152924,349.23156972623667,,,,
labeled-data,f042814_Video,img0876.png,268.0470352455894,388.65082233706795,275.9512841514064,385.55971426705287,281.90747909601,417.02473520257666,270.96726567298083,421.088325307048,295.4528219213687,412.58398164033713,299.00908142579397,451.25918306076056,267.5614353083736,379.91957909015895
labeled-data,f042814_Video,img0880.png,275.76000563407007,415.66638786317674,282.9909286518563,410.02582311750643,293.27389477478164,425.5495469616554,287.22087891053894,436.6031379428989,301.69158255800716,409.3004234105274,304.76100807669457,443.3102201893961,273.29748092229426,407.88276031837205
labeled-data,f042814_Video,img0885.png,289.563700914108,441.0114110644134,289.9053734816132,435.28269113955946,,,,,,,,,285.48655671343784,438.35544979623097
labeled-data,f042814_Video,img0896.png,245.39893245948127,404.05294611958357,253.31143942666685,399.78650298420825,279.68467835318796,418.4515383835243,276.96747089748885,428.00726332905873,281.9181908453062,403.847799121013,297.90773463037794,430.63204822738675,246.8819905356399,396.5470922972942
labeled-data,f042814_Video,img0901.png,247.03931107249403,403.0674118166766,254.5589750234697,399.46664218325225,275.01017683581256,418.21781330765555,273.5645091282532,428.97953812026896,279.8942451630287,409.413649747276,298.0719125418684,426.85595626310555,247.76338295186758,394.9102206671571
labeled-data,f042814_Video,img0910.png,250.4187526592819,435.53113153596206,247.7573750461976,421.8269232950394,279.91840342905675,421.4899643698183,280.23865770635,430.9742416058055,275.94755108258767,408.50287419025113,299.8583652894056,429.7044715217231,236.83990543204945,431.45612801316474
labeled-data,f042814_Video,img0956.png,301.66763215949044,459.5949751359827,290.6398382555089,466.2186824523142,284.82663002230095,429.6703420252253,,,271.0280931673284,434.04409526968584,,,301.3885555527934,468.7445154960696
labeled-data,f042814_Video,img0961.png,268.7497178039303,456.67828592563933,273.0372062272558,464.8292963183771,284.12545479469463,436.2146441495509,294.90248843610163,436.54231824010867,272.74844699726424,433.5381088491165,,,264.58852297720614,465.20605082534007
labeled-data,f042814_Video,img0972.png,277.7425161181514,242.8133385217199,289.55243911969694,244.7587553581255,280.61957865666307,288.50041046593407,269.00325083048875,287.40855981115965,294.34024712620635,288.601492008677,282.6365634581488,335.2438399189582,287.2909356516293,232.19442316295232
labeled-data,f042814_Video,img0973.png,282.6579053403807,220.1269267268153,294.62286704100114,225.25144048299387,281.7882040360069,260.92085151341905,268.53712983629384,258.9085904518135,294.2313505898532,261.4472688953292,284.77087630752516,308.5649293017543,294.3304415324511,213.64615899542446
labeled-data,f042814_Video,img0979.png,297.13605389822874,226.12197509389014,309.36903470768914,240.05162341586023,286.2289804775136,249.00087264411172,279.52426755660247,237.33384729193457,296.6285442742842,259.91572848583166,284.032075705818,267.02791769466137,315.5600221070912,230.0713018084989
labeled-data,f042814_Video,img0983.png,294.91165282611416,210.5372559968677,303.8054622913197,221.20029551961804,284.12545479469463,244.79382127847384,276.727541591433,235.802306882437,298.2266733972382,251.05942959612827,283.29327510411076,267.02791769466137,310.2824486586344,211.4445719904161
labeled-data,f042814_Video,img0985.png,298.7571496224414,199.91154116491106,304.9397828810649,214.50240251350334,283.4242795670883,234.5099179402479,271.3338558014633,228.67731454260044,298.69279439143315,234.9449609396755,285.67385482072285,265.38613857975656,311.98989889195866,207.71922602679956
labeled-data,f042814_Video,img0994.png,329.62233363035665,191.41096929934574,324.3852787052689,204.61760880286633,297.91523427095206,191.03705382865635,304.2952689623894,179.06872301757036,298.026907256869,205.64592701885235,275.3306463968222,208.74474909491448,338.3777661342426,204.30432556015103
labeled-data,f042814_Video,img0995.png,327.39599337985146,195.2564660956729,321.5224695978166,207.85852477356698,299.08385965029595,191.9719541321314,301.831486564502,178.8023681637447,295.7628909993508,207.4438222821756,274.3455789278793,207.67759267022635,335.58375666153023,209.73712175709184
labeled-data,f042814_Video,img1002.png,335.694170677189,194.34569053864803,334.5568259045669,205.7750067619644,301.1873853331149,192.67312935973771,305.02774481040996,181.46591670200132,299.6916250932794,207.71017713600125,276.4798917772556,207.4313258029906,345.51801256450767,202.9073208237948
labeled-data,f042814_Video,img1010.png,309.9900605122653,190.398996458207,320.60170342787563,199.7004240368164,299.3175847261647,200.15233178753843,293.77425223627563,186.92619120542747,303.02106076610016,210.2405482473451,279.3530052283391,208.90892700640498,325.4942780100687,189.09249620871674
labeled-data,f042814_Video,img1019.png,333.4678304266838,187.56547250301855,331.27326767475716,201.7526479304475,304.4595363952777,192.43940428386898,305.36068837769204,181.6656828423706,303.6203591872079,204.5805076035497,275.41273535256744,206.03581355532148,354.52093197658104,199.02675211169424
labeled-data,f042814_Video,img1020.png,337.2121299388971,192.11935028814284,332.5866909666811,204.625761381531,303.52463609180256,192.9068544356065,304.09550282202014,182.1983925500219,305.3516657370747,205.24639473811385,277.13660342321754,208.33430431618828,348.0015765402521,205.85655304499127
labeled-data,f042814_Video,img1021.png,337.0097353706694,198.1911873349752,327.49717571047603,210.53616619518846,305.6281617746215,196.17900549776928,304.6282125296715,184.1960539537144,304.8855447428798,205.91228187267802,275.82318013129367,208.33430431618828,344.1210078281515,215.16991795403266
labeled-data,f042814_Video,img1022.png,329.52113634624277,199.81034388079718,321.5867708968185,210.86452201816945,303.99208624354014,196.17900549776928,305.2275109507792,187.0593686323403,302.08881877771034,207.64358842254484,275.9052690870389,208.33430431618828,334.186751925174,217.96392742674507
labeled-data,f042814_Video,img1023.png,324.2588775723214,198.49477918731682,321.0121482066018,212.17794531009332,302.3560107124587,196.17900549776928,306.4261077929947,186.79301377851465,296.42877813391493,208.6424191243911,276.4798917772556,208.0059484932073,333.87630642820596,214.8594724570646
labeled-data,f042814_Video,img1025.png,328.0031770845347,199.91154116491106,323.80317270194007,214.47643607096012,302.82346086419625,197.11390580124439,306.3595190795383,186.79301377851465,302.22199620462317,209.9741933935194,275.98735804278414,208.33430431618828,339.77477087059884,217.18781368432496
labeled-data,f042814_Video,img1027.png,329.72353091447053,199.9115411649111,327.82553153345697,215.05105876117682,303.7583611676714,200.38605686340716,306.3595190795383,187.5254896265352,301.48952035660255,209.5080723993245,276.15153595427466,208.33430431618828,341.17177560695507,217.18781368432496
labeled-data,f042814_Video,img1033.png,337.11093265478326,199.9115411649111,332.8329578339168,214.14808024797915,312.4061889748159,200.38605686340716,315.4155841096109,189.78950588405337,308.81427883680834,209.70783853969374,279.1067383611034,206.77461415702868,346.60457180389585,217.18781368432496
labeled-data,f042814_Video,img1043.png,356.3384166364191,212.05521525857583,350.153727496163,223.4241322471916,318.7167660232727,201.32095716688227,320.54291504575497,189.72291717059696,316.07244860355775,210.70666924154,288.1365234930801,203.24478905998322,366.47308360985085,231.62352929333912
labeled-data,f042814_Video,img1047.png,355.93362749996356,198.7983710396585,354.4223531949157,214.39434711521488,325.02734307172955,202.95703269796368,327.4681412452222,192.18669956848436,322.59814252228654,212.17162093758117,285.5096769092323,202.01345472380459,376.25211676434435,209.73712175709187
labeled-data,f042814_Video,img1057.png,340.45044303054107,191.0061801628903,343.42243312505315,207.334696921124,318.0155907956664,202.95703269796368,319.94361662464723,193.31870769724344,316.9381018784911,210.3071369608015,280.99478434324396,209.1551938736407,363.67907413713846,194.99096065110965
labeled-data,f042814_Video,img1063.png,328.4079662209902,188.88103719649897,330.3702891615595,201.4242921074665,306.7967871539654,198.7499813323258,307.1585836410153,190.12244945133546,308.0818029887878,210.17395953388865,278.3679377593962,208.82683805065975,343.5001168342154,194.52529240565758
labeled-data,f042814_Video,img1072.png,344.80192624743756,194.85167695921746,343.42243312505315,205.69291780621913,314.2759895817661,198.7499813323258,314.74969697504673,188.99044132257637,313.07595649801897,208.1762981301962,275.57691326405796,208.82683805065975,357.9358324432296,206.0117757934753
labeled-data,f042814_Video,img1075.png,316.46668669555316,203.35224882478278,302.8704889869032,202.40935957640943,305.16071162288404,184.25902662846195,315.4155841096109,183.13063453841175,294.36452801676603,191.26276491226645,270.4873980078529,204.96865713063332,308.8854439222782,214.85947245706464
labeled-data,f042814_Video,img1076.png,308.37090396644334,212.76359624737293,294.41532654514316,213.73763546925295,297.91523427095206,189.86842844931246,310.0884870330976,189.32338488985846,286.9065921096474,191.72888590646136,268.02472933549564,203.5731448829642,299.41685626475277,232.7100885327273
labeled-data,f042814_Video,img1077.png,303.31103976074974,224.4012839204683,286.20643097061884,225.5584450965679,294.4093581329205,194.30920489081913,309.02306761779494,190.98810272626886,280.7138417582007,194.59220058508726,266.8754839550622,197.08811737909002,294.449728313264,243.57568092660892
labeled-data,f042814_Video,img1089.png,292.60747516262046,359.31906701419007,281.421383014092,358.17934447270443,290.2023067672826,318.8846703288743,302.1255575877682,320.1500103686073,279.60865421483635,320.44158277955523,286.9925088786256,264.199195610027,286.99903638603087,370.54788918654
labeled-data,f042814_Video,img1095.png,283.6009168764858,338.87721562318774,275.64174953300915,331.60383351295906,291.60465722249523,303.2250902456666,300.37900775224415,308.54792931834055,278.45962847778566,302.2686375666609,284.61192916201355,259.43803617680294,266.66485633462383,342.1421262139637
labeled-data,f042814_Video,img1098.png,283.7021141605997,324.6083985631317,275.85781059772256,315.02114679620735,292.0721073742328,293.642362135047,302.1255575877682,304.1815547295305,278.0600961970472,292.54668540202414,285.18655185223025,252.2962970269668,266.8200790831079,325.37806937768914
labeled-data,f042814_Video,img1119.png,280.3626037848419,355.9795566384323,268.9422811741589,352.55672261063626,283.65800464295705,322.85799661864337,292.3947799327058,329.63128090430916,274.9304266645956,322.2452516035858,285.84326349819213,275.9379162815967,265.56210160105957,369.6157303641446
labeled-data,f042814_Video,img1143.png,269.99385548521366,389.06891137027355,281.27850830478826,383.0636628279064,287.7719399007265,407.1700821734026,276.4716596242258,413.13138991368317,301.1006047580902,404.90123149072735,287.5059162595999,450.41877778557927,270.0930924097861,377.71442642470413
labeled-data,f042814_Video,img1146.png,279.84898507676326,384.0747578610424,288.8306922333506,388.89197868581863,281.5153869346143,412.4786725688918,268.07228504277435,409.48828768558377,297.108490848321,413.3844735489869,293.81649330805675,450.41877778557927,292.5634419193257,380.8807029465029
labeled-data,f042814_Video,img1148.png,281.7134690535429,401.9205330673618,289.6899222984771,409.77383946062787,282.4633495052374,419.6831881056271,269.8938361568241,411.71462793608896,296.6094766095998,427.4816257928594,292.4141428528441,440.1348744473533,293.28085466417065,403.0395773961023
labeled-data,f042814_Video,img1152.png,295.96345373321594,418.2347678641838,289.95627715230273,428.08573566114234,281.5153869346143,418.35604050675477,282.8470885233998,404.83321261634563,277.27267485915525,428.35490071062145,,,303.3246580360386,429.19334273703276
labeled-data,f042814_Video,img1171.png,297.0941516262629,422.26219652545467,298.4111507630354,434.780907422347,282.2656058882891,424.93571235201915,287.7182233399481,414.57661544671254,278.6246219612011,431.0438280355706,,,304.57435142961344,429.28521511995797
labeled-data,f042814_Video,img1172.png,301.749226695501,417.6071214562165,307.2767579835216,428.29587991847285,283.530791443961,422.0058089599368,286.98574749192755,408.18409895489657,281.55934320050346,430.2342497626596,,,312.6191348943616,418.88984714987004
labeled-data,f042814_Video,img1176.png,288.1887906242421,426.61367974235117,304.8140893111643,425.99738915760605,,,,,,,,,295.7522171360156,418.88984714987004
labeled-data,f042814_Video,img1177.png,282.4205454297513,412.5472572505229,299.2320403204878,414.5870243090173,,,,,,,,,292.84412786733526,399.9872669034478
labeled-data,f042814_Video,img1178.png,286.4684367943062,399.59400488394715,299.8887519664497,399.8110122748736,290.90811826500965,424.17591970336787,278.5778325210215,420.28755994254396,297.2449222381537,428.3115013644961,292.9072171154819,434.50995332269486,292.84412786733526,385.44682056004604
labeled-data,f042814_Video,img1181.png,299.3204918767681,390.89103845015404,312.28418428398135,394.88567493015887,295.34889470651626,418.0990677307798,283.65300759017384,408.4454847811883,295.11977927176235,426.69234481867414,290.9761444252458,432.8452354862844,310.87428133315336,379.0490241689493
labeled-data,f042814_Video,img1189.png,309.74381214049697,407.28499847660146,316.3886320712435,416.47507029115775,287.4022421269781,414.5931915927482,287.0364576362755,404.908241551173,288.3395612361329,426.3887529663325,291.1759105656151,433.24476776702295,326.8687723108953,409.00234363635684
labeled-data,f042814_Video,img1196.png,296.3857706374658,424.08374763950434,306.20960155883336,432.15406083849916,,,,,,,290.5100234310509,432.77864677282804,309.1294277719452,419.18065607673805
labeled-data,f042814_Video,img1202.png,294.1594303869606,417.80951602444424,302.51559855029745,426.0794781133512,,,,,,,282.42578792027064,432.67433181264875,305.6397206495288,414.52771324684954
labeled-data,f042814_Video,img1214.png,282.2181508615236,351.8288867821992,295.19190490114227,350.932931255776,287.6132557772126,385.4786884894671,275.8095552105747,384.9151276423908,298.56047457845,384.7966691955307,,,288.1238977764572,340.657646283035
labeled-data,f042814_Video,img1217.png,280.67473732564173,275.3071819172441,291.744168759842,277.4633158637837,286.6133629341349,316.4002857547257,275.04058929100614,315.40060851339416,297.18193289880975,317.02098011608905,288.26992890899163,365.0053308906165,287.40267060429466,263.0733080847269
labeled-data,f042814_Video,img1218.png,276.8073769755528,250.6059771005472,290.5949233794086,248.15755866273201,286.3796378582661,283.67877513309776,275.3481756588336,284.79576491456595,297.51487646609183,284.7254540897271,284.2713061272352,336.70738505049394,284.91711038200657,233.41228943208966
labeled-data,f042814_Video,img1222.png,297.26696076312,194.7163823637783,307.91569304165483,207.35934765734632,287.7819883134787,220.33927957266067,276.11713219161106,214.35848668208692,301.3104331331075,223.86336999056272,286.2706175181134,254.12044528883195,316.5665772124742,196.791702157046
labeled-data,f042814_Video,img1227.png,298.5144963599228,204.44716001884075,303.48288943141176,218.2771787714636,290.8204142997728,226.6498566211175,279.346789053799,216.20400488905142,303.5078606771692,232.45331402644035,289.80786074812875,253.5052725531771,315.90176984777213,211.96060425753205
labeled-data,f042814_Video,img1231.png,302.0075960309709,214.42744479326376,305.2888464578071,228.70247615110947,286.84708801000363,226.6498566211175,283.34541183555547,212.97434802686354,298.18076360065595,241.9755000507079,289.5002743803013,253.96665210491824,316.0569925962561,224.06797863928588
labeled-data,f042814_Video,img1234.png,302.8808709487329,219.54234074015557,308.81867155485253,234.69496992051216,287.08081308587236,225.7149563176424,287.80541416905305,214.35848668208692,291.78824710884,241.77573391033866,287.0395834376819,250.12182250707548,319.62711581138865,225.77542887261012
labeled-data,f042814_Video,img1244.png,305.8749563810598,219.54234074015557,309.311205289324,231.90394542517393,288.24943846521626,227.3510318487238,285.03713685860623,214.35848668208692,298.4471184544816,242.70797589872848,286.4244107020271,250.12182250707548,321.0241205477449,227.01721086048232
labeled-data,f042814_Video,img1251.png,311.1146058876319,216.79776242718924,317.9305456425745,232.72483498262636,287.08081308587236,227.11730677285502,285.03713685860623,212.97434802686354,293.0534326645119,241.44279034305657,285.3478584146311,250.73699524273033,331.4240446961744,222.36052840596162
labeled-data,f042814_Video,img1257.png,313.60967708123763,228.2750899177757,312.92311934211466,239.62030726522676,287.08081308587236,227.11730677285502,285.9598959620885,211.28262300381272,290.7894164069937,241.44279034305657,284.88647886289,250.12182250707548,329.8939943566727,240.99698051698016
labeled-data,f042814_Video,img1258.png,317.227530311966,224.90674380640792,314.97534323574575,236.99346068137896,294.5600155136731,223.61143063482345,295.8026597325659,210.20607071641678,292.6539003837734,239.57830636627693,283.1947538398392,246.7383724609739,333.91244630681786,235.4476897286845
labeled-data,f042814_Video,img1265.png,312.61164860379535,219.0433265014344,315.54996592596245,233.87408036305976,291.7553146032478,224.54633093829855,290.1123119277587,210.05227753250304,292.6539003837734,238.7126530913435,278.58095832242793,244.12388833444084,331.23347834005443,227.79349553793188
labeled-data,f042814_Video,img1274.png,306.37397061978095,218.54431226271325,312.5947635191337,232.2323012481549,291.7553146032478,224.54633093829855,291.03507103124093,212.5129684751224,292.6539003837734,241.97550005070792,279.8113037937376,246.8921656448876,321.8570904563824,222.62691445917383
labeled-data,f042814_Video,img1275.png,304.37791366489637,218.04529802399207,311.52760709444556,230.67261108899527,288.483163541085,231.5580832143617,284.8833436746925,215.7426253373103,291.18894868773225,242.44162104490283,278.11957877068676,247.35354519662872,319.75218705392547,220.52201105671685
labeled-data,f042814_Video,img1284.png,321.71865846045637,222.53642617248244,320.5573922264223,236.09048216818132,288.95061369282257,229.92200768328027,287.19024143339817,214.51227986600063,290.72282769353734,243.10750817946698,278.88854469025534,248.43009748402469,338.12225311173177,232.19465719761462
labeled-data,f042814_Video,img1294.png,318.35031234908854,225.1562509257685,319.0797910230079,237.81435023883142,290.3529641480352,228.28593215219888,288.881966456449,214.51227986600063,291.78824710884,244.17292759476965,279.50371742591017,251.19837479447145,331.23347834005443,235.6390445834533
labeled-data,f042814_Video,img1297.png,322.8414404975789,226.9028007612925,320.2290364034413,239.53821830948152,290.3529641480352,228.28593215219888,289.3433460081901,214.51227986600063,292.5207229568606,244.17292759476965,279.9650969776513,249.50664977142065,340.4185113689576,235.6390445834533
labeled-data,f042814_Video,img1316.png,310.49083808923046,242.3722421616482,302.0052882279974,253.00080705170134,289.41806384456015,231.5580832143617,294.1109347095151,216.81917762470627,283.86419020752646,239.77807250664617,279.6575106098239,250.12182250707548,316.88186423239324,258.79298201048005
labeled-data,f042814_Video,img1322.png,322.71668693789866,254.97235168935723,321.54245969536527,269.09024237776896,290.3529641480352,238.8035605662936,297.8019711234441,227.27711413083853,280.60134324816204,246.63670999265702,271.9678514141384,246.7383724609739,341.37528564280166,271.4224024252219
labeled-data,f042814_Video,img1323.png,320.8453835426943,256.4693944055207,320.4753032706771,268.2693528203165,291.98903967911656,240.43963609737497,297.8019711234441,227.27711413083853,281.06746424235695,249.10049239054442,270.1223332071739,249.50664977142065,338.88767253080704,269.70020873230254
labeled-data,f042814_Video,img1332.png,314.3581984393194,248.73467370534286,317.2738339966126,262.76939278538526,289.41806384456015,247.4513883734381,295.0336938129974,234.65918695869658,281.7333513769211,253.0958151979294,270.1223332071739,248.43009748402469,330.85076863051677,255.34859462464135
labeled-data,f042814_Video,img1333.png,315.60573403612227,249.85745574246545,320.22903640344134,263.0977486083662,289.6517889204289,249.3211889803883,293.03438242211917,236.3509119817474,282.33264979802885,254.1612346132321,270.7375059428287,250.27561569098918,331.80754290436084,253.05233636741556
labeled-data,f042814_Video,img1351.png,297.6412214421608,200.0807854300307,304.71422376759045,208.3444251469137,289.41806384456015,218.00202881397294,275.65575263987,216.51159125687886,297.3816990391789,223.19748285599852,283.80992657549405,232.12801998917146,312.0979928631728,197.94213819399658
labeled-data,f042814_Video,img1354.png,284.29259055637004,192.9698325282543,299.7067974671306,191.43410026339365,293.15766505846045,214.72987775181016,277.34747766292077,216.35779807296512,305.23916722703603,215.07365981431573,284.5788924950626,234.89629729961825,287.79592630753325,175.36227701064973
labeled-data,f042814_Video,img1356.png,256.7220538670265,194.59162880409804,262.0279667800641,181.2550697509836,285.67846263065974,203.51107411010915,275.65575263987,216.81917762470627,294.71815050092226,194.23139250245745,289.9616539320424,235.66526321918678,243.10055331805944,186.46880929000383
labeled-data,f042814_Video,img1360.png,231.02282057288727,200.45504610907156,224.10286922576194,190.53112175019604,256.2291030711946,189.02011940624533,256.12401828282884,203.74675699204096,255.76375312891878,176.65197214996354,292.1147585068344,204.59904006861746,213.52911467064348,206.05638290533904
labeled-data,f042814_Video,img1363.png,203.07802320450284,204.94617425756192,195.61800158216263,193.65050206851527,234.49267101539886,189.48756955798288,235.27948143693934,197.99126503225713,235.3876068112554,176.98491571724563,278.4271651385142,189.83489441290132,187.50485442208452,207.0131571791831
labeled-data,f042814_Video,img1367.png,162.40836274872908,198.45898915418695,162.53615241682976,185.11325067101,202.47233562137723,193.69462092362076,202.45124570292612,204.98307994518083,201.02783066774464,182.04565793993328,247.6685283557723,179.83833745851018,146.1722057920203,190.55663966906496
labeled-data,f042814_Video,img1369.png,130.9704695164731,200.57979966875183,129.6184811629874,186.09831813995288,167.64729931693034,190.65619493732683,164.36250160585604,202.6524749742063,166.73464323769025,180.24776267661002,216.1409256534618,186.6052375507134,,
labeled-data,f042814_Video,img1374.png,128.35064476318706,199.20751051226864,134.54381850770199,182.40431513141695,155.25987029588543,189.0201194062454,152.4431218971575,202.85224111457555,154.215965107884,180.1811739631536,204.29885049210617,182.76040795287068,120.72201010776777,188.45173626660798
labeled-data,f042814_Video,img1380.png,127.22786272606446,191.47278981209084,131.01399341065655,178.38195629990005,155.02614522001667,189.0201194062454,153.37536388554736,200.18869257631889,157.21245721342274,179.58187554204588,203.99126412427876,182.76040795287068,121.1047198173054,180.22347751154888
labeled-data,f042814_Video,img1385.png,155.92118145253062,193.09458608793457,140.94675705583091,192.7475235553176,173.95787636538716,184.11189281300122,180.2844282743932,201.0560051885487,168.73230464138274,175.2536091673788,211.52713013605054,179.9921306424239,145.9408966781076,210.18582376413394
labeled-data,f042814_Video,img1390.png,188.1075998500448,195.21539660249945,182.81212448590477,208.42651410265893,173.02297606191206,189.0201194062454,180.89960101004806,185.36910042935034,163.73815113215153,194.0316263620882,203.37609138862393,173.8404032858755,197.83801657960058,205.86502805057023
labeled-data,f042814_Video,img1394.png,247.86455112972607,189.60148641688653,249.14000072806095,203.25489987008416,210.18526312504673,196.96677198578365,209.65892640191174,183.5235822223858,210.28366183818648,210.8119821531051,200.45402089426346,172.91764418239325,268.06523660038255,196.29728531212942
labeled-data,f042814_Video,img1398.png,269.44691695441577,191.22328269273027,268.5950832396835,203.25489987008416,233.5577707119238,196.03187168230855,231.95893572270185,181.83185719933505,233.19017926719368,206.88324805917654,193.84091398597394,197.06317405684567,284.7131089652695,199.74167269796808
labeled-data,f042814_Video,img1400.png,269.82117763345667,191.09852913305,269.66223966437167,204.6504121177533,232.15542025671118,190.65619493732683,232.2665220905293,180.75530491193908,233.45653412101933,205.8844173573303,194.91746627336988,198.13972634424164,283.7563346914254,200.31573726227452
labeled-data,f042814_Video,img1404.png,272.565755946423,191.09852913305,271.05775191204077,204.97876794073426,235.19384624300523,191.35737016493314,234.1120402974938,180.60151172802537,233.92265511521424,206.15077221115595,197.37815721598926,201.36938320642952,284.90446382003836,203.3774149385756
labeled-data,f042814_Video,img1405.png,288.5342115854998,197.58571423642496,282.1397609376486,208.75485990501542,248.74990064339397,193.22717077188332,250.87549734408813,182.60082311890358,248.37240593525658,203.8201672401814,204.76023004384732,197.98593316032793,301.3609813301565,213.32786738655403
labeled-data,f042814_Video,img1409.png,,,,,255.9953779953259,211.69145176551626,264.56309071240827,221.51049864907213,242.11306687035346,199.95802185970925,,,,
labeled-data,f042814_Video,img1428.png,277.1693427555958,403.288545770622,288.1204504114132,411.16365832645397,276.8995496353953,425.8373306674781,265.6512228948366,426.2575728607327,295.22038454845733,428.88300693168856,286.45425706003533,448.63859567882326,289.10117479840784,402.9036503221422
labeled-data,f042814_Video,img1433.png,300.6471126700143,410.16996109036535,302.48601766683066,424.05162437845706,287.41717804949,418.59185331554625,285.98605312272355,406.42175687156697,288.46847627616427,426.93845734926816,282.0594019719118,432.99024801656543,314.02283516353356,415.56875640933725
labeled-data,f042814_Video,img1434.png,299.7363371129894,413.61066875023704,305.8516648523856,423.96953542271183,286.4822777460149,419.5267536190213,283.49098192911777,410.1643636619756,,,,,312.18435202184395,415.7730323139694
labeled-data,f042814_Video,img1447.png,298.8267624412884,438.7499279553906,287.57448670721107,446.9655058008064,283.21012668385214,418.59185331554625,293.5974209205025,415.5794459490607,271.5827506264188,426.8134945630779,,,310.0674549250499,457.01543216529143
labeled-data,f042814_Video,img1452.png,316.48724239388883,462.19023227942984,313.1031123171765,473.0000836735204,283.67757683558966,435.88750892983535,297.59604370225895,431.2769765556827,276.6587581816102,441.2769337856423,,,330.2404279322436,467.6903491512198
labeled-data,f042814_Video,img1453.png,316.9932288144582,462.89861326822694,312.49592861249323,472.2917026847233,283.67757683558966,435.88750892983535,295.442939127467,430.3542174522005,275.85969362013327,440.9439902183602,,,331.1972022060877,471.5174462465961
labeled-data,f042814_Video,img1459.png,317.2968206667998,468.2620693262621,307.942050827369,476.23839676516434,282.27522638037703,435.88750892983535,295.442939127467,430.5080106361142,274.9274516317434,440.54445793762176,,,322.4958349886887,477.4115879902282
labeled-data,f042814_Video,img1461.png,,,,,283.67757683558966,437.5235844609167,294.9815595757259,433.8914606822158,274.7942742048306,442.14258706057575,,,,
labeled-data,f042814_Video,img1463.png,,,,,285.3136523666711,438.92593491612934,295.7505254952945,434.9680129696118,274.7942742048306,442.14258706057575,,,,
labeled-data,f042814_Video,img1467.png,316.1884400353697,470.55517813812884,306.72768341800247,477.65515874275854,285.3136523666711,438.9259349161291,295.7505254952945,436.0445652570077,275.0606290586562,442.60870805477066,,,,
labeled-data,f042814_Video,img1470.png,315.74063010923095,464.7273630210649,307.0312752703441,476.13719948105046,287.41717804949,439.8608352196044,296.3656982309493,436.0445652570077,275.5267500528512,442.60870805477066,,,,
labeled-data,f042814_Video,img1473.png,321.86478867401144,457.05730353567753,322.210867887425,467.0294439108019,,,,,,,,,326.5146139328793,460.47423210524875
labeled-data,f042814_Video,img1479.png,328.1295089309727,454.8382390025613,327.0683375248909,462.5767634097915,286.2485526701461,443.1329862817672,297.13466415051784,438.50525619962707,278.0941006828723,446.6511957611018,,,336.5383936837053,454.37763737411206
labeled-data,f042814_Video,img1481.png,328.7288073520804,452.3078678912175,329.90186148007933,459.8444367387169,289.52070373230896,442.66553613002964,299.5953550931372,436.0445652570077,281.3171734229907,449.87426850122023,273.31583910451593,424.09768362925945,337.4576352545501,452.028464470842
labeled-data,f042814_Video,img1483.png,,,,,,,,,,,272.16331659516936,424.09768362925945,,
labeled-data,f042814_Video,img1491.png,295.5899738218533,444.08919534154103,303.9605508374301,457.9005441625416,277.60072486300163,450.6121887095679,283.7659880433596,439.9018072744253,275.81899051337695,456.13082146733245,,,316.2025707672281,442.813135792593
labeled-data,f042814_Video,img1498.png,305.4327375923307,453.7781659281048,294.1177870669527,445.2895030816174,278.30190009060794,450.3784636336991,282.5346537071809,438.7525618939919,277.36034747365886,454.61678847611216,,,306.42353761273466,442.03702205017294
labeled-data,f042814_Video,img1500.png,293.4368692470613,445.1657476289371,305.49848267656716,451.9026099899069,282.97640160798335,447.1063125715363,282.5346537071809,438.1779392037752,281.7419440459902,453.6090212644759,,,307.3548741036388,439.2430125774605
labeled-data,f042814_Video,img1526.png,291.2837646722694,392.41468554653466,303.3063096100482,393.6856390324197,,,,,,,,,298.3582511323,383.6484740634532
labeled-data,f042814_Video,img1529.png,286.3623827870307,396.7208946961185,297.15458292104177,395.7958076684656,,,,,,,,,290.5147987527008,387.1857172934685
labeled-data,f042814_Video,img1558.png,279.53166631174224,350.3588412177543,291.15732252841497,352.66213375583794,286.7160028218837,392.8820949699814,275.6181657818538,394.90928217287876,298.8854269197031,391.32783216706576,291.00495184718056,428.208541115598,285.4748535787869,340.49294778084976
labeled-data,f042814_Video,img1559.png,278.3433304558187,332.6418339112573,290.6513361078456,332.8274660695189,286.0148275942774,369.04213723136667,272.78464182666534,371.93749867902966,297.0397653452999,368.8735430051579,295.99910535641175,410.96206433038617,285.2705776741547,322.10811636395374
labeled-data,f042814_Video,img1562.png,279.9297251288607,242.8143868320049,293.88964919948955,244.07744790165242,284.1450269873272,287.70581082903425,271.5045412233052,284.71663931860706,295.63988538175346,285.72415745252636,290.6573932277995,333.7768365928533,290.7860270992236,230.59251108873795
labeled-data,f042814_Video,img1569.png,314.056377671291,194.08909913017064,315.84945985219997,209.97395080209319,288.5858034288338,215.71848746145255,282.16227732925137,206.17685167680543,297.4614364958031,224.80339241597494,279.4039006536652,246.67879939186082,330.0070007886018,201.17678082170434
labeled-data,f042814_Video,img1571.png,351.5956954679644,182.71354828269386,354.20321817817364,194.7943581850123,307.2838094983355,197.95538169542593,303.4951360345806,186.46578924732,311.2242671352899,209.92739165123564,284.66440901672206,232.76175827946983,361.7719039589054,189.02236449608972
labeled-data,f042814_Video,img1572.png,382.4992752702763,182.90314079681846,383.9552197076523,194.18717448032905,340.47277027170105,191.6448046469691,343.7905358113135,179.10532922618304,340.3690849600852,203.04597633149228,297.8489742810925,203.79566792592874,393.53680712920914,188.92022654377365
labeled-data,f042814_Video,img1578.png,438.1401146394786,181.81525060412378,441.3340798002181,193.88358262798744,405.6820664390882,193.98206253838012,407.9138654869813,179.97860414394506,404.62936037239444,207.39745954838884,365.30334101244216,195.2723126035075,448.7934393322134,185.75395002197487
labeled-data,f042814_Video,img1580.png,,,,,406.6169667425633,193.2808873107738,408.662386845063,181.10138618106765,410.3976055668852,205.37351386611138,369.3652525332835,194.872780322769,,
labeled-data,f042814_Video,img1582.png,,,,,406.1495165908258,191.17736162795487,408.03861904666155,179.35483634554362,407.1592924752413,205.37351386611138,367.833712123786,194.40665932857408,,
labeled-data,f042814_Video,img1583.png,,,,,404.04599090800684,195.61813806946154,405.1692871740149,179.35483634554362,407.0580951911274,206.3854867072501,366.43534914120124,195.53866745733316,,
labeled-data,f042814_Video,img1593.png,437.73532550302315,186.06553653690642,439.46717701598334,198.6995612022015,401.4750150734503,195.61813806946154,402.05044818200776,181.6004004197888,406.2485169182164,205.9806975707946,363.4388570356625,195.47207874387675,451.3885484112952,190.53458792383492
labeled-data,f042814_Video,img1602.png,460.2011225763029,187.2799039462729,459.83093236521916,203.29085882736075,425.54869788793377,192.34598700729873,426.876406558385,181.6004004197888,424.05923892225803,201.42681978567032,374.2928173290584,195.53866745733316,473.7406241929945,193.3285973965473
labeled-data,f042814_Video,img1606.png,455.14125837060925,187.07750937804516,459.50684076814906,197.40319481392123,419.23812083947695,193.2808873107738,421.6367570518129,182.09941465850994,420.7197285465002,203.65316003617554,370.4306719485862,196.27114330535375,469.0927782366117,189.2101429679225
labeled-data,f042814_Video,img1612.png,445.6287136639052,195.37568667538272,439.1971006850916,207.01791219366652,411.05774318407,193.2808873107738,411.7812258370702,179.85385058426476,411.0047892715684,202.43879262680906,362.97273604146756,197.07020786683074,454.6634743749181,211.52297497222693
labeled-data,f042814_Video,img1616.png,441.07483587878096,190.51821703791683,437.3605816350279,205.7755610715646,408.95421750125104,192.34598700729873,411.1574580386688,181.22613974074793,409.1832381575187,202.64118719503682,364.90380873170363,197.07020786683074,452.90068954246266,207.1160128910884
labeled-data,f042814_Video,img1623.png,474.7735314887006,193.45293827721918,474.5851948439739,207.6360612992017,438.63730213658494,192.34598700729873,442.5953550781012,181.97466109882967,438.02446412997244,207.90344596895818,398.99723002138876,196.67067558609222,,
labeled-data,f042814_Video,img1625.png,473.2555722269925,192.2385708678527,473.775616571063,205.00493191224103,438.63730213658494,192.34598700729873,441.7220801603392,180.7271255020268,438.02446412997244,206.08189485490848,399.52993972904017,194.27348190166123,,
labeled-data,f042814_Video,img1626.png,469.5112727147792,194.16131926601628,469.0193442177109,205.00493191224103,438.63730213658494,192.34598700729873,441.7220801603392,180.7271255020268,438.02446412997244,205.5759084343391,405.3785948751201,195.17089085706755,,
labeled-data,f042814_Video,img1643.png,265.80287034934054,427.4339599430303,284.21791820743556,424.449282840346,280.02138568752207,457.20039987829784,268.3054188376,459.82282875831675,292.8693545389096,453.30211411620957,,,272.78426716120964,411.1955688202587
labeled-data,f042814_Video,img1654.png,269.4207235800689,390.5069062776653,281.50650863212513,380.97014688997496,285.6307875083726,411.1565599321499,272.1727791876889,415.28583840986596,299.1286936038127,409.4201519484313,284.2021957591712,447.51002948261106,269.7175977799107,381.0006702966999
labeled-data,f042814_Video,img1661.png,284.5159043013837,393.37623815031185,298.5076523632558,401.2096037127495,287.7343131911915,422.8428137255884,274.54309682161437,417.905663163152,300.7934114402231,429.5965321257253,291.2860056471423,441.33699515166484,296.1381339880246,390.6724737300274
labeled-data,f042814_Video,img1662.png,290.3793216063572,403.855537163456,291.92982889585403,417.50236645508306,284.22843705315995,423.310263877326,272.2975327473692,416.15911332762795,301.3927098613309,430.46218540065865,290.4764273742313,441.33699515166484,302.0355751059072,408.60069472839035
labeled-data,f042814_Video,img1664.png,293.62291415804475,401.1109588504897,300.4304007614194,410.82334570356744,282.5923615220786,420.27183789103196,273.7945754635326,413.2897814549814,295.93243535790475,430.8617176813972,,,306.51763035549794,400.58017480807007
labeled-data,f042814_Video,img1675.png,298.8625636646168,417.70318228796793,287.07235925838813,429.7472378328617,281.4237361427347,416.9996868288692,287.89172770740515,406.0540749935247,275.4231116133285,424.26943504921195,,,297.98928874685475,438.5370267545759
labeled-data,f042814_Video,img1678.png,296.7417531500519,446.77076169347487,285.6555972807939,452.3142321902552,283.9947119772912,425.41378956014495,291.2600738187729,420.6502414761183,274.69063576530795,433.65844364656664,,,298.1165057325002,466.2876963912106
labeled-data,f042814_Video,img1714.png,275.2190861363075,281.9220790074181,289.4743864931057,281.80834633232513,283.76098690142237,326.0806465813637,272.843961816694,326.03783490760827,296.2971597401057,325.5109877321722,287.93180966163834,372.37655307519327,281.89554055416505,268.79569962481065
labeled-data,f042814_Video,img1717.png,287.604586839201,203.7469294095854,300.1001013250623,211.88102300963908,286.3319627359789,249.18509662053802,271.4271998390998,246.80036144644595,297.2001382533034,250.7279490482559,284.43870999059027,293.0332891185304,300.12869269021473,195.565684149483
labeled-data,f042814_Video,img1718.png,297.3931277172942,192.09390455471254,308.09468677005833,200.5469271888853,285.86451258424137,228.38356486821738,275.4750912036547,223.32259153202745,296.4613376515962,232.25793400557632,278.70004624529713,272.4489517712829,309.7253872768598,188.00465205091407
labeled-data,f042814_Video,img1720.png,308.8463864317978,192.2270819816254,315.2796939421433,205.80918596280668,294.97979054312344,219.2682869093353,282.5589010916258,212.7980739841847,305.7373896508086,225.19828381148542,284.5634635502706,253.73591781923977,321.9393622053173,195.856493076351
labeled-data,f042814_Video,img1725.png,313.70736251411614,194.95721923333844,315.58328579448494,208.94630177033673,292.408814708567,210.15300895045323,287.2139761608639,201.36278087931706,300.31951857162255,222.6535261833829,283.1911743937875,242.75760456737447,321.9393622053173,200.21862697937155
labeled-data,f042814_Video,img1729.png,302.25410379961255,199.7516066022004,307.0827139289196,215.92891437419397,288.43548841879783,218.09966152999147,283.87446578510617,204.601093970961,298.5956505009725,228.15348621831419,281.44462455826346,244.12989372385763,315.2578534455981,207.37251908226523
labeled-data,f042814_Video,img1731.png,303.18634578800237,207.0763650824062,303.6420062690479,222.70913240982344,288.43548841879783,218.09966152999147,283.6720712168784,206.22025051678295,297.8568498992653,229.87735428896428,281.44462455826346,244.12989372385763,312.47602868889504,215.69600493733267
labeled-data,f042814_Video,img1732.png,296.6606518692736,212.07051859163744,304.2491899737312,223.72110525096218,284.69588720489753,221.37181259215424,280.9397445458038,209.96455002899626,295.065825403927,235.29522536815028,281.694131677624,244.62890796257878,307.98195878698715,217.228074222074
labeled-data,f042814_Video,img1734.png,298.6583132729661,210.47238946868345,303.5408089849341,223.11392154627893,285.16333735663505,221.37181259215424,278.1062205906154,210.87532558602112,292.7673346430602,233.24300147451925,281.694131677624,244.62890796257878,316.4594088292225,215.79814288964877
labeled-data,f042814_Video,img1742.png,302.72022479380746,205.54482467290865,306.0707410877809,221.69715956868473,286.79941288771647,221.37181259215424,279.42178528409573,208.75018261962978,292.7673346430602,233.57135729750019,281.694131677624,244.12989372385763,317.78720220933167,211.8147627493213
labeled-data,f042814_Video,img1747.png,305.3171846186077,201.01679215787232,311.0294080093606,212.58940399843615,286.79941288771647,221.37181259215424,279.6241798523235,208.04180163083268,297.3643161647938,232.58628982855728,281.694131677624,244.12989372385763,317.4807883523834,204.15441632561462
labeled-data,f042814_Video,img1751.png,295.59523245397094,191.0284851394099,306.88031936069183,193.76670915325582,291.4739144050919,220.2031872128104,277.3978396018183,212.89927126829855,305.3269448720824,226.18335128042835,281.694131677624,244.12989372385763,304.2028545512918,183.52254995776462
labeled-data,f042814_Video,img1763.png,299.124434267161,192.49343683545104,304.7551763943005,205.60679139457895,287.9680382670603,213.89261016435356,274.56431564662984,205.20827767564424,296.1329818286152,222.8177040948734,285.93575270675376,237.26844794144182,310.33113169025717,196.08551809264358
labeled-data,f042814_Video,img1769.png,295.7949985943402,192.2270819816254,305.86834651955314,201.55890003002403,285.39706243250384,213.89261016435356,272.33797539612465,205.81546138032746,299.82698483715114,223.72068260807106,285.93575270675376,238.64073709792498,309.3097521670963,192.2042759046322
labeled-data,f042814_Video,img1775.png,287.53799812574454,184.83573478796316,305.969543803667,186.98649111762634,286.79941288771647,212.49025970914093,272.4391726802385,208.3453934831743,307.0508129427325,216.41476554674443,285.93575270675376,241.3853154108913,296.70441831696996,176.13123565154078
labeled-data,f042814_Video,img1785.png,276.01815069778456,188.165170460784,291.1947403230416,182.83740246895755,289.8378388740105,210.15300895045323,275.3738939195408,208.3453934831743,305.3269448720824,206.15364607858908,287.68230254227785,240.01302625440815,276.2150155170789,176.7521266454769
labeled-data,f042814_Video,img1792.png,263.299706427609,193.22591268347162,266.8061948515982,181.21824592313558,286.79941288771647,206.88085788829042,272.1355808278969,213.00046855241243,296.1329818286152,196.46714930065045,287.43279542291725,237.76746218016297,255.25994447173574,185.28937781209817
labeled-data,f042814_Video,img1802.png,294.78950202719,234.9864657908019,281.277406479882,236.37076576519627,280.72256091512844,197.76557992940835,301.28039865269227,202.37475372045583,268.05855896374214,195.64625974319802,308.64090056856617,177.51149285458405,297.80869398514295,249.7088561267296
labeled-data,f042814_Video,img1807.png,296.2479142140053,283.43817274009757,281.3786037639959,283.02271374169163,284.69588720489753,238.90119328231208,297.8396909928206,239.91894612670262,271.67047301653287,238.66087255370527,283.69018863250864,193.35519493398056,292.9896836849738,297.60708060084414
labeled-data,f042814_Video,img1812.png,298.78360418014336,344.67560665620283,285.32798294614975,347.35885508102416,284.9296122807663,307.38264051186206,297.6372964245929,307.4175346306557,274.46149751187113,308.8469297158879,277.45251064849424,257.9775388483696,296.2630415221474,357.2033182545524
labeled-data,f042814_Video,img1814.png,299.70636328362565,352.519059035802,286.47722832658314,354.5005942308603,285.6307875083726,312.7583172568439,298.75046654984544,313.99535809805747,273.8047858659092,313.69017810485724,280.5713496405014,259.47458156453297,295.95259602517933,366.51668316359377
labeled-data,f042814_Video,img1824.png,,,,,,,,,,,273.8227034187718,242.43856856582556,,
labeled-data,f042814_Video,img1827.png,,,,,,,,,,,272.9583115367619,236.67595601909272,,
labeled-data,f042814_Video,img1833.png,295.33819286694467,269.3938905266909,291.0137253589517,285.50931616675103,276.9829597012281,264.8446767037456,288.6861636141241,259.1337022090785,269.92233055795225,269.72376806875394,273.1527790659082,237.6791285523487,307.4357583306981,281.119914416449
labeled-data,f042814_Video,img1838.png,,,,,,,,,,,269.6108741219226,240.10786337108163,,
labeled-data,f042814_Video,img1861.png,273.51941852195006,224.4583608998364,288.63204613587067,224.94111221953725,280.7225609151284,251.98979753096322,268.59518297237105,255.4834516070286,292.95964437950875,255.46783399044105,288.50777856906427,296.7633850567219,281.348769896868,212.52298433345356
labeled-data,f042814_Video,img1862.png,271.8776394070452,214.77186412189775,287.50924352711587,214.21229363467452,280.7225609151284,239.36864343404957,268.99997210882657,243.64336936570547,294.7762986167024,239.7254821235532,286.6379779621141,288.81673247718373,282.395408581871,202.8437689318984
labeled-data,f042814_Video,img1865.png,273.84777434493105,227.16729643942944,281.3963191027818,218.70342178316488,287.0331379635852,244.7443201790313,272.1370879163566,245.7685123320968,300.4666464215096,241.72479351443144,291.0787544036208,278.7665542148265,270.2880342001172,215.26158881062028
labeled-data,f042814_Video,img1868.png,276.0641761500526,228.72698659858904,291.5013574368851,228.5589529979076,287.0331379635852,244.7443201790313,270.72032593876236,248.3996417190575,302.0045782606467,248.18410723880726,285.703077658639,280.402629745908,284.72374980913133,218.6764892772688
labeled-data,f042814_Video,img1872.png,292.5640562548464,206.89132437035445,304.3509740839547,212.09148312010964,286.09823766011016,242.4070694203436,276.4885711332531,231.80328712438236,301.5431987089056,247.26134813532497,282.19720152060745,268.4826508766006,304.9027071120544,195.5482997531493
labeled-data,f042814_Video,img1877.png,299.95206227191824,185.63029485296107,308.96685579212533,196.49728816007368,287.7343131911915,226.28003918539835,274.05983631452017,218.44524562135115,302.0045782606467,233.57375476700483,285.3528340948617,263.47310116016126,314.5265175180638,182.35436613200733
labeled-data,f042814_Video,img1879.png,310.7878044302903,187.60042979084687,314.33125885837774,202.85971970376835,287.96803826706036,207.8157581917655,284.0783674417936,195.87825126395757,303.3900089354401,219.2811447171438,285.51701200635216,238.51805861360748,324.3055506725573,194.61696326224518
labeled-data,f042814_Video,img1880.png,310.2952706958189,193.67501251599487,310.2143913889282,207.60035497161928,287.7343131911916,208.7506584952406,283.77477558945196,195.27106755927431,299.71697083531274,223.2782744143413,281.65883108632573,234.00316604761912,321.0458729543928,198.96320021979784
labeled-data,f042814_Video,img1884.png,305.0415775281233,201.71973017902866,306.5965381581999,213.96278651531395,286.79941288771647,209.4518337228469,286.40590497641267,195.97944854807142,286.80732221868845,226.35714458650693,,,319.9593137150046,206.25866939854694
labeled-data,f042814_Video,img1889.png,343.95174255136845,183.66015991507524,341.90179554772124,199.11711291335973,310.63937062633113,187.24795151531364,315.3483282329803,172.80527048599455,309.2776729488797,203.18458220867637,285.099963413343,195.15713414235753,352.71129469704414,195.2378542561813
labeled-data,f042814_Video,img1892.png,348.1382792943758,196.38394805558787,344.89588098004816,208.5983834490616,319.0534733576069,190.7538276533452,324.65847837145657,184.03816902263443,311.16820726512174,203.5086738057464,292.28497058542797,194.75234500590204,357.8336453970169,207.65567413490317
labeled-data,f042814_Video,img1896.png,358.8098435412574,196.54812596707836,355.7494406722331,209.72116548618416,323.72797487498235,194.9608790189831,331.2363018388583,186.16331198902577,316.13761175352937,205.34519285581013,292.28497058542797,194.34755586944655,367.9231240484784,206.41389214703096
labeled-data,f042814_Video,img1898.png,339.6831168526158,190.71981010916613,349.13750200917787,202.61021258440778,316.4824975230504,192.3899031844266,320.8129815751294,181.00225049921823,316.1376117535294,206.37149610051958,292.8921542901113,195.05593685824363,357.98886814550093,192.44384478346888
labeled-data,f042814_Video,img1904.png,340.5860953658135,189.24220890575174,338.5334494363534,202.98447326344862,318.3522981300006,191.45500288095153,320.2057978704462,180.29386951042113,318.24420713448484,205.12914497841766,292.284970585428,195.05593685824363,348.3650577394915,197.10052723798958
labeled-data,f042814_Video,img1915.png,341.48907387901113,192.44367817981623,343.27408470420437,205.72905157641495,318.11857305413184,191.45500288095153,319.4974168816491,181.71063148801537,318.24420713448484,205.34520604313104,292.284970585428,195.05593685824363,353.64263118794827,198.80797747131382
labeled-data,f042814_Video,img1922.png,339.92938371985156,190.14518741894943,342.4008097864423,203.85774818121064,319.0534733576069,191.45500288095153,320.1046005863323,182.3178151926986,317.65003920652305,205.34520604313104,291.6777868807448,195.05593685824363,353.64263118794827,196.0139679986014
labeled-data,f042814_Video,img1924.png,354.86957366548575,191.70487757810903,351.7573267624639,206.4775729344967,318.11857305413184,191.45500288095153,320.40819243867395,181.204645067446,319.48655825658676,205.50725184166606,291.6777868807448,195.05593685824363,375.68426147267957,209.67356986519545
labeled-data,f042814_Video,img1928.png,333.52644517172257,182.2646476674061,344.02260606228606,197.49531663751597,318.58602320586937,192.3899031844266,319.69981144987685,180.29386951042113,318.7843597962683,205.45323657548772,289.8562357666951,195.05593685824363,350.22773072129974,188.25283057440024
labeled-data,f042814_Video,img1935.png,348.0561903386306,188.5854972597898,341.2780277493198,203.2339803828092,315.0801470678378,186.54677628770733,317.3722739152578,174.72801888415813,315.2733674946759,203.3466411945323,285.80834440214016,193.23438574419393,352.8665174455282,205.79300115309488
labeled-data,f042814_Video,img1940.png,339.35476102963486,204.2644878071312,329.17693246033184,196.2477810407131,317.41739782652553,183.50835030141332,331.2363018388583,177.0555564187772,307.54918443117265,196.21661287166995,277.8137589571442,180.48352794584594,322.1324132456915,210.44968360761555
labeled-data,f042814_Video,img1943.png,300.60877391788017,220.02556731021775,283.7666367367072,214.08754007499422,301.52409266744905,194.72715394311433,313.9315662553861,200.43212904908182,284.8087573700897,193.893969613322,279.4329155029662,172.28654793262226,281.1536265939988,232.4913138923469
labeled-data,f042814_Video,img1955.png,281.8104030522196,212.14502755867446,273.9111055219645,200.2398949504823,299.8880171363677,192.6236282602954,307.35374278798434,206.4027688118003,289.18399393053556,182.76682478058308,,,266.25224273953256,214.95114331365227
labeled-data,f042814_Video,img1958.png,287.31036308715085,217.89125446084148,273.5368448429236,211.46771532170817,297.78449145354875,194.25970379137678,305.0262052533653,202.658469299587,285.40292529805146,186.8179697439589,,,270.7537024455692,232.02564564689482
labeled-data,f042814_Video,img1960.png,283.28800425563395,219.04049984127488,272.28930924612075,209.59641192650386,294.9797905431235,200.10283068809605,301.4843003093797,206.30157152768646,284.9167879024464,191.62532843383156,,,264.7000152546923,222.86750348633745
labeled-data,f042814_Video,img1962.png,282.0566699194553,214.77187414252228,272.03980212676015,201.4874457759912,298.0182165294175,199.16793038462097,301.28190574115195,208.12312264173616,284.80875737008967,188.70850406020097,,,261.9060057819799,217.9003755348487
labeled-data,f042814_Video,img1969.png,267.0343910180759,228.8090855749588,264.3050814265823,202.7349813727941,287.7343131911916,208.28320834350308,293.99570128495316,214.90334067736563,282.3240551258859,189.7347941175895,302.50589628092916,176.84042571774654,244.05538970631721,220.07349401362504
labeled-data,f042814_Video,img1975.png,286.325295618208,218.8763219297844,271.4160343283587,219.20245125059205,,,,,,,306.3513930772564,172.69133706907775,286.5864227909396,234.19876412567115
labeled-data,f042814_Video,img1978.png,296.9968598650895,214.36142936379605,285.8874472512721,215.58459801986373,297.55076637767996,192.85735333616415,,,281.63236404602446,191.6876668539718,,,303.04003413024606,228.92119067721435
labeled-data,f042814_Video,img1981.png,303.0714425902375,214.8539630982675,292.2498787949668,223.94308651844298,299.4205669846301,198.9342053087522,313.223185266589,201.54529917433442,285.4997243961134,199.04812687510878,305.84540665668703,171.98295608028064,311.7325080453514,227.36896319237414
labeled-data,f042814_Video,img1983.png,309.88482591709266,212.06293860292925,301.48164221130804,224.816361436205,291.24018932922314,202.67380652265254,310.28846402728664,196.7890268209824,283.12940676218795,207.03235469464718,303.6190664061818,176.84042571774654,323.52943693013714,224.10928547420963
labeled-data,f042814_Video,img1986.png,311.9370498107237,209.8465367978077,302.35491712907003,217.33114785538774,294.9797905431235,197.06440470180203,309.7824776067173,191.72916261528877,286.1234921945148,200.79467671063279,298.55920220048813,175.4236637401523,320.11453646348866,225.66151295904987
labeled-data,f042814_Video,img1987.png,313.4967399698833,212.96591711612692,300.7331208532263,224.19259363780355,294.9797905431235,199.63538053635853,309.3776884702618,198.91416978737374,285.8739850751542,201.7927051880751,294.713705404161,176.1320447289494,319.3384227210685,231.55997740144275
labeled-data,f042814_Video,img1993.png,,,,,,,,,,,299.685034361243,172.4158752178426,,
labeled-data,f042814_Video,img1998.png,301.2993552745867,191.60568341637534,301.77452601652953,208.39310148015275,286.56568781184774,194.25970379137678,296.42443610368605,187.78246853484774,287.99479558971916,204.53728350104143,293.6101831156873,171.40390057578387,318.5147356313957,201.68092487711218
labeled-data,f042814_Video,img1999.png,319.6051924057758,196.03848702661844,316.7517240653827,211.5302172876828,289.6041137981417,198.46675515701466,296.0196469672306,187.0740875460506,287.74528847035856,204.53728350104143,290.5742645922711,171.30270329166999,336.8995670482917,208.83058153923838
labeled-data,f042814_Video,img2000.png,320.09772614024723,193.41164044277068,316.7517240653827,208.69669333249436,294.9797905431235,197.53185485353958,297.2340143765971,188.28845495541708,290.8641274623658,204.16302282200056,293.81257768391504,173.8326353945168,336.6952911436595,205.56216706512356
labeled-data,f042814_Video,img2003.png,304.8291803716321,190.70270490317768,301.67332873241565,206.57155036610303,291.47391440509193,192.6236282602954,299.56155191121616,184.84774729554542,284.87595659771193,196.17879500246215,294.3185641044844,171.6062951440116,313.73304013805034,198.81345943175174
labeled-data,f042814_Video,img2015.png,313.36643176913736,194.3967079117136,306.935587506337,207.88711505958338,291.70763948096067,190.98755272921397,303.609443275771,184.84774729554542,286.62250643323597,194.43224516693812,294.52095867271214,170.99911143932837,323.16894592666245,206.1262864179261
labeled-data,f042814_Video,img2027.png,300.31428780564374,190.53852699168718,295.0955052650139,206.2679585137614,290.7727391774856,187.24795151531364,301.28190574115195,183.43098531795118,283.7531745605894,188.44407430228432,295.0269450932815,170.7967168711006,307.3638037307371,199.75705001061294
labeled-data,f042814_Video,img2028.png,300.88891049586044,191.27732759339438,296.4110699584943,204.24401283148396,288.2017633429291,186.54677628770733,298.85317092241905,183.0261961814957,283.7531745605894,189.81636345876748,295.0269450932815,170.7967168711006,311.138166046182,201.64423116833538
labeled-data,f042814_Video,img2034.png,329.8663118739312,203.91902677816176,319.3828534523434,216.99487062983195,297.78449145354875,194.02597871550802,305.1274025374791,184.54415544320378,291.23838814140663,198.17485195734676,295.0269450932815,172.92185983749195,336.37921403071937,220.51604274555962
labeled-data,f042814_Video,img2045.png,338.4856522271816,193.98626313298738,338.003153729296,210.72063901477182,307.36721956416835,195.6620542465894,308.66930748146467,182.72260432915405,306.583075982082,207.28186181400775,297.7592717643561,174.03502996274455,349.35358449006105,205.18269583906493
labeled-data,f042814_Video,img2048.png,332.4931584577789,194.15044104447784,332.0325139665775,209.50627160540535,304.3287935778743,191.45500288095153,310.89564773196986,182.72260432915405,295.729516289897,197.67583771862562,297.5568771961283,173.63024082628905,343.4561433721785,201.88012881305067
labeled-data,f042814_Video,img2050.png,329.2096002279692,192.01612819510154,330.6157519889833,207.68472049135562,304.7962437296119,191.45500288095153,313.4255798348167,182.52020976092632,297.2265590060604,199.6718946735102,297.5568771961283,172.92185983749195,340.8612692803101,198.34166414232112
labeled-data,f042814_Video,img2054.png,332.4110695020336,194.88924164618504,326.87145247677,210.01225802597472,304.7962437296119,191.45500288095153,314.1339608236138,182.3178151926986,298.97310884158446,199.04812687510878,296.8484962073312,172.21347884869485,344.8715292404703,206.83397935207205
labeled-data,f042814_Video,img2065.png,285.86663159448096,212.53836713141226,277.7907696815417,198.57696492110708,300.589192363974,194.02597871550802,307.1513482197565,204.37882312952286,288.1195491493994,185.32523531027712,,,266.3176135502745,213.6750110488158
labeled-data,f042814_Video,img2080.png,262.553368162832,188.24004625144488,277.48717782920005,175.9087732795996,289.1366636464042,194.02597871550802,282.7628027483132,203.87283670895349,295.1057484914955,182.20639631826992,301.4682074163337,199.30803408104362,259.712479498246,168.618560908193
labeled-data,f042814_Video,img2091.png,233.0013440945446,202.4414355953719,229.21606095369864,191.59435231724984,272.7759083355902,196.59695455006448,271.42870692755946,205.89678239123094,271.7768328312817,178.58854308754158,307.1282480601291,196.17836454859207,214.4201461109575,202.11603365679076
labeled-data,f042814_Video,img2093.png,200.74038448666414,202.6877024626076,200.88082140181425,187.85005280503657,243.79399892786256,193.3248034879017,242.78987552333348,209.5398846193304,243.9567890225776,182.33114987795022,291.8128439651534,191.850098173925,183.5175546532528,194.56730902590107
labeled-data,f042814_Video,img2094.png,187.0315288772086,199.73250005577884,186.81439890998593,185.117726133962,227.43324361704856,193.3248034879017,227.00309920156928,205.6943878230032,226.52821051249947,183.39869525883879,273.9004800453774,188.92019478184267,168.18420774675812,195.275001960047
labeled-data,f042814_Video,img2105.png,117.74845022822365,202.19516872813617,116.91238347270641,188.75283207918227,157.0819957805484,195.42832917072064,155.9626057536306,207.11114980059742,155.39010495562002,184.47900058240563,203.24985506811976,193.38163858342259,98.12260366680079,199.5211523658976
labeled-data,f042814_Video,img2112.png,140.15873514667493,194.3967179323381,145.05653612891527,181.8321388030653,173.20902601549363,194.49342886724554,172.45776306419185,205.99797967534482,173.48521912536535,181.9942983382018,220.09679957259306,192.5825740219456,130.91237628222785,181.121136078104
labeled-data,f042814_Video,img2125.png,150.41985461483029,201.78472394940997,142.44205200238218,194.7507662518169,174.84510154657502,192.15617810855784,173.97572232589997,202.96206115192862,175.4837839739641,183.18263419412537,,,135.3944315318186,208.4852628650791
labeled-data,f042814_Video,img2128.png,164.74091636533382,202.9433651925512,155.0530930833064,193.82800714833465,179.98705321568798,190.52010257747645,180.85713764564332,202.55727201547313,176.13196716810424,181.40013041024002,,,148.84059728059088,212.25962518052395
labeled-data,f042814_Video,img2131.png,158.390672526535,211.43691643536636,148.28619299110315,203.8245641027258,182.79175412611323,193.79225363963923,183.488267032604,208.02192535762228,179.31886787262656,182.75051206469863,,,146.00982554400724,222.63912154799726
labeled-data,f042814_Video,img2134.png,,,,,,,,,,,199.52573453118504,206.6893442686898,,
labeled-data,f042814_Video,img2136.png,,,,,,,,,,,181.68484052375095,276.5119451351619,,
labeled-data,f042814_Video,img2138.png,207.14002753404083,356.05430527223086,218.43123585222867,348.4443893310098,235.74764844389392,367.5979983293634,227.0184170973634,376.1843082699369,247.17749180371064,357.69227620059684,248.8004429833027,397.69839472795627,206.97164868590625,346.748848578018
labeled-data,f042814_Video,img2147.png,278.6616460063589,380.59006213803764,289.07436568571126,387.4738018400646,280.3416398389612,411.01324219270055,266.14595786716734,410.2131868934618,293.55866335829484,412.7730908655353,287.79093219599247,445.586186882298,289.0489724828446,375.7449770607817
labeled-data,f042814_Video,img2150.png,277.5399535998115,402.74336765788655,288.0623928445725,413.38030657321605,277.7218150856752,422.6153232429673,264.14990091228276,415.078575720993,293.7228412697853,428.2879035013862,,,288.35937994656547,400.9923894565901
labeled-data,f042814_Video,img2152.png,279.8384443606783,402.907545569377,289.88394395862224,409.93959891334435,280.0921327196006,423.6133517204096,267.64300058333083,417.4488933549185,295.2004424731997,429.10879305883867,,,288.35937994656547,400.9923894565901
labeled-data,f042814_Video,img2174.png,310.22950739278116,431.85933249696865,311.4602376578904,446.6941263794429,279.38187687859573,437.3377646809228,284.6668279532476,424.7804911389059,277.52450899860435,444.4682173864531,,,324.6739918237086,438.1781841713101
labeled-data,f042814_Video,img2179.png,308.93314100450095,434.5600958058859,309.1327001232713,448.6168747776065,279.38187687859573,437.95293741657764,284.0516552175928,426.16462979412927,279.25581554847116,444.8011609537352,,,328.88379862862257,442.00528126668644
labeled-data,f042814_Video,img2182.png,312.0660264428449,435.5863858632745,317.6332719888366,447.7060992205816,279.38187687859573,437.95293741657764,284.2054484015065,425.24187069064703,279.3224042619276,443.4693866846069,,,329.64921804769784,438.1781841713101
labeled-data,f042814_Video,img2186.png,307.25866775297226,430.77902717340186,312.4722104990291,441.73545945786316,279.38187687859573,437.95293741657764,282.66751656236937,425.24187069064703,278.1903961331685,444.53480609990953,,,318.1679267615689,428.03637686856285
labeled-data,f042814_Video,img2203.png,264.34744072859337,413.63730960324204,271.68970500113835,403.3816887787053,284.45705194774814,421.4970667378107,279.4378597001815,431.85497759893656,293.0396792339493,412.6388123542862,,,257.5084377998542,401.4380520556974
labeled-data,f042814_Video,img2207.png,274.362293329513,413.63730960324204,286.16091662942216,420.7876216462914,278.15153140728603,429.1867259334962,273.4399255275468,433.5467026219873,285.24879975954866,438.0757008946373,,,282.5759237745691,410.04902052029416
labeled-data,f042814_Video,img2221.png,278.3025632052846,278.84724426955324,294.4600586128246,276.7934972410011,284.14946557992073,315.37975106376905,270.05647548144526,314.3569850888625,296.28782051808975,316.117413849051,282.1384598121312,360.2267969759167,287.8282046384935,261.88132391048094
labeled-data,f042814_Video,img2222.png,278.1050823293508,249.38620215497812,291.915300984722,249.2116081105995,283.99567239600697,288.927323430611,270.8254414010138,287.90455745570443,294.07141871296824,290.42357070079,277.7436047240077,337.1205134065402,286.4431594129928,236.44685704219563
labeled-data,f042814_Video,img2226.png,290.80778077569994,205.02154227800995,298.34525513645076,216.44609001887085,284.9888445748228,230.63414878099834,273.1323391597194,227.61762936153028,295.1385751376564,232.30459003315804,284.1361212158237,268.0014450957903,304.9524001537747,205.4722092719076
labeled-data,f042814_Video,img2230.png,285.1200053519615,221.13690597860204,300.807923808808,225.7221420180833,282.97193018346627,243.88815763848385,272.20958005623714,236.0762544767843,298.9967560576828,244.53584443919922,286.06719390605974,269.9325177860264,295.5089099799064,215.92300506432184
labeled-data,f042814_Video,img2231.png,283.79285775308927,224.17038620459587,293.41991779173617,234.1773044598433,284.12445269281284,243.88815763848385,271.13302776884115,236.0762544767843,298.91466710193754,247.08060206730175,285.40130677149557,269.9325177860264,298.02717402627127,224.98875563123542
labeled-data,f042814_Video,img2232.png,287.77430054970614,227.96223648708812,288.8229362700026,237.95339642412446,276.9211870093968,239.85432885577086,269.13371637796297,233.30797716633754,296.698265296816,251.75967254478059,285.5344841984084,270.1322839263956,303.8191813329105,233.1731137819213
labeled-data,f042814_Video,img2236.png,305.02721933504586,188.71658606329322,315.33766897571604,193.87162718892907,290.46332649421896,219.68518494220598,277.43854830930326,217.92865877496658,303.10120384494496,221.05840309605975,286.1337826195162,265.87060626518496,319.6842448250092,181.29687442680475
labeled-data,f042814_Video,img2240.png,342.37694461759463,181.70166304068255,342.5912022831367,195.59549525957917,309.4799478984373,191.7365140905518,309.888910115096,178.5576036930569,313.6085901803361,205.62567941595415,286.20037133297257,226.5832653258994,355.8213338903453,188.72575336358113
labeled-data,f042814_Video,img2243.png,352.23575535207453,181.70166304068255,354.00156713172544,197.07309646299353,321.29330361923957,188.56707718984873,324.4992625868984,176.404499118265,319.84735081697454,202.50629909763495,287.2657907482752,212.79940164042125,368.6644805268062,190.1107985890818
labeled-data,f042814_Video,img2246.png,365.69682385492206,185.11432829492557,366.47908840500236,197.81189706470073,329.93722243933877,187.99081593517545,330.9585763112742,176.404499118265,331.91442731152523,203.32718865508735,287.79850045592656,209.13702240031836,382.26310637717654,193.00680224240142
labeled-data,f042814_Video,img2259.png,442.10259547533246,183.40799566780413,442.8218172480782,199.6178540910961,403.41053241018227,188.56707718984873,404.1641318542,179.7879491643666,403.57808567712215,202.09585431890872,356.1851091756661,193.88820701879902,459.95155220753315,191.244017409946
labeled-data,f042814_Video,img2263.png,432.4333772549772,187.76862349267023,431.49354135523464,200.76709947152946,395.63100547209297,188.85520781718537,398.1661976815653,178.0962241413158,393.8915888991835,199.63318564655142,348.9935281223731,193.6884408784298,445.2197075362986,197.79150393049468
labeled-data,f042814_Video,img2264.png,432.4333772549772,188.71658606329328,425.2547807185962,200.602921560039,396.20726672676625,187.99081593517545,398.1661976815653,177.01967185391982,397.7497698192099,200.1257193810229,349.7925926838501,190.75853748634745,439.42770022965937,199.30246235831362
labeled-data,f042814_Video,img2273.png,372.52214279159944,212.2260578147453,363.19553017519263,202.81932336516056,379.78382096857774,185.3976402891457,388.784813462829,189.01554019918916,,,330.81480934877146,176.50855280667437,354.8140282717993,214.2861334341847
labeled-data,f042814_Video,img2278.png,281.8969210400344,212.41565032886987,276.92003768694235,196.4984737727769,314.95442981783344,196.34660412793804,314.5027056325073,210.23899957928109,315.5787251182218,183.6258392762291,358.3825367197278,192.42325532275785,265.919307435119,212.27152219709276
labeled-data,f042814_Video,img2279.png,280.56977344116206,214.311575470116,275.1140806605471,197.7298081089555,310.34433978044717,197.4991266372846,311.58063513814676,208.3934813723166,305.9743172960284,186.0885079485864,360.7131416907024,196.1522232763172,264.66017541193656,210.6346505669556
labeled-data,f042814_Video,img2281.png,283.9824386954051,219.62016586560517,276.18123708523524,211.43866371841105,310.34433978044717,197.4991266372846,312.65718742554276,209.47003365971256,305.9743172960284,185.76015212560543,360.44678683687675,196.1522232763172,273.47409957421365,225.36649523819014
labeled-data,f042814_Video,img2285.png,289.6702141191435,225.30794128934355,281.43493025293077,215.62520046141844,311.2087316624571,203.54986981135409,314.0413260807661,211.6231382345045,304.49671609261407,189.04371035541513,,,277.75514845303394,233.04720057960304
labeled-data,f042814_Video,img2290.png,287.963881492022,252.41967080916322,277.0296551685574,250.4341363818665,,,,,288.37396324956285,203.90561490376638,,,281.2807181179448,260.2444522803438
labeled-data,f042814_Video,img2312.png,282.99848451920434,416.08647000411247,295.98934619731,425.76362802972216,,,,,,,,,294.5172205495386,413.81838123862354
labeled-data,f042814_Video,img2323.png,257.81111267348865,400.86524635289135,271.4920169960511,395.78354171771605,274.7991338199188,422.3519682415497,270.31778891789395,426.5903295493733,,,,,259.69427109697665,385.57171559480304
labeled-data,f042814_Video,img2324.png,263.2757660156378,393.78143646492026,274.73033008769505,390.6224802279085,282.2783362477195,416.9762914965679,271.9595680327988,425.4410841689399,291.6846114381001,410.40991089255266,,,266.36884928178966,379.0523601584741
labeled-data,f042814_Video,img2325.png,265.29971169791526,389.02516411156824,275.3375137923783,386.6757861474675,282.2783362477195,416.9762914965679,269.332721448951,421.91125907189445,292.4429814945985,411.1682809490511,289.07180849960326,430.1931849576335,267.45540852117784,375.1717914463735
labeled-data,f042814_Video,img2328.png,279.4673314738575,392.56706905555376,289.100344431865,394.46797702423567,282.2783362477195,416.9762914965679,268.10138711277233,417.8889002403776,296.42442429121536,417.61442642928796,290.22105388003666,430.35736286912396,287.32392032713284,384.32993360693087
labeled-data,f042814_Video,img2329.png,282.9080391337291,401.47243005757457,293.1482357964199,405.49848099264784,285.3167622340135,423.7543186967623,270.48196682938436,417.97098919612284,292.6325740087231,424.81894196602326,289.89269805705567,431.26034138232166,290.7388207937813,397.36864447958885
labeled-data,f042814_Video,img2334.png,276.73500480278284,434.46274467869705,266.53335007447134,425.8391350995363,288.5889132961763,419.54726733112443,295.7653651989192,427.3291301510805,277.6547653928787,409.2723558078049,,,258.71192937219615,440.26528739361567
labeled-data,f042814_Video,img2335.png,275.41944010930246,445.49324864710917,263.4974315510552,435.25048252212645,,,,,,,,,259.21558218146913,450.21243037675697
labeled-data,f042814_Video,img2355.png,297.39143981860616,442.7693374311565,290.2132068811384,461.5448603771555,278.53873503381914,429.12999544174403,295.6436407497186,428.20131096236037,270.0710648278942,433.9193826440046,298.0764388481891,406.6465966903723,320.9392658603673,453.99315740218947
labeled-data,f042814_Video,img2359.png,299.54454439339804,442.4617510633291,300.442998774922,458.4260213851483,,,296.5080288436735,428.20131163437844,,,298.2660313623138,404.56107903500157,317.2937775343449,451.17618915026304
labeled-data,f042814_Video,img2361.png,302.3734200068791,457.4321046583303,289.4646855230567,458.4260213851483,285.99683601436163,428.80038476264014,296.5080288436735,426.184397243022,273.4837300821372,432.9714200733815,,,301.1378585795766,471.55890802237917
labeled-data,f042814_Video,img2367.png,285.65644300972053,448.44984836134955,276.61506887598705,437.8416840379009,,,301.4062495083965,424.7437441063389,,,,,269.18159783318424,450.3185191430406
labeled-data,f042814_Video,img2369.png,,,,,,,,,,,286.1321104583385,382.56834739654647,,
labeled-data,f042814_Video,img2370.png,,,,,,,,,,,287.45925805721083,380.1036447129265,,
labeled-data,f042814_Video,img2372.png,276.49349221170223,402.9672048845012,290.77978385982715,403.91550014463365,285.4280584719878,424.2501644236494,272.3050561473957,421.8624378329725,299.2683120030846,421.59586922590483,,,284.04830726577075,394.2012818530521
labeled-data,f042814_Video,img2373.png,277.4618538018034,388.133412458051,288.97382683343176,389.6320218449614,286.71911268922617,424.92294407610615,276.915146184782,427.048789125032,299.4195477718911,424.713023827379,,,285.2900892536429,375.5745520349693
labeled-data,f042814_Video,img2374.png,281.20615331401666,371.2334660110343,291.51858446153426,374.77392085507233,282.0446111718507,417.4437416483055,270.28324557908013,417.3235664684785,294.1590394088342,416.4560233587834,,,289.01543521725944,365.7955188804758
labeled-data,f042814_Video,img2377.png,276.75347281300634,322.3551777840337,290.07628303499587,323.03662883150173,281.8108860959819,366.49167510891334,269.574864590283,364.0937950245813,294.29221683574696,366.31472212610197,279.6859649781017,400.9588212666339,284.9796437566748,305.56911141676426
labeled-data,f042814_Video,img2389.png,293.3498274076814,222.9794324310265,303.33312725391323,235.39978078888788,282.04461117185065,252.20011300908416,272.98204403787923,243.79903463048592,294.8443516690752,257.2095780222423,282.6531175297908,279.85748354719146,310.90184275350674,224.69805945658803
labeled-data,f042814_Video,img2390.png,294.462997532934,225.003378113304,305.6606647885323,234.48900523186302,287.88773806856994,253.6024634642968,273.91694434135434,243.33158447874834,298.82579446569207,254.36569031037308,281.0113384148859,277.55899278632467,308.1078332807943,221.43838173842354
labeled-data,f042814_Video,img2394.png,299.0168753180583,213.97287414489185,304.4462973791658,221.02976644471792,289.2900885237826,249.16168702279015,275.0855697206982,238.65708296137294,300.34253457868897,251.7113951126285,281.3396942378669,275.26050202545787,310.7466200050227,211.50412583544605
labeled-data,f042814_Video,img2400.png,320.3695022660854,180.2741785349722,326.91209445244556,197.04601010973005,302.8461429241713,202.18294677316712,294.01730086606864,189.3410919530622,310.58051876960934,210.56981954758749,291.84708057325804,226.33548440129312,337.28970999579076,180.77002163560945
labeled-data,f042814_Video,img2408.png,324.6197881988681,188.57235583230977,326.30491074776234,201.7010851789682,301.6775175448274,203.1178470766422,300.09415283865667,186.0689408908994,302.2384481481264,211.32818960408594,291.02619101580564,212.29827296885657,336.9792644988227,191.48039128100706
labeled-data,f042814_Video,img2409.png,318.14316201558023,188.57235583230977,326.30491074776234,201.7010851789682,300.7426172413524,200.54687124208573,300.09415283865667,186.0689408908994,307.04474303423564,210.84962013819282,292.17543639623904,213.03707357056376,332.477804792786,184.65059034771002
labeled-data,f042814_Video,img2410.png,318.85154300437733,186.34601558180458,322.7630058037768,201.29629604251272,302.8461429241713,200.7805963179545,295.41965132128126,194.48304362217516,312.122178055,207.50067363513546,292.3396143077295,212.46245088034706,329.2181270746215,186.5132633295183
labeled-data,f042814_Video,img2412.png,340.81135365708775,190.49510423047337,337.33541471617445,203.11784715656242,299.10654171027096,195.63864464884153,298.4580773075753,183.26423998047414,303.10162860321645,210.52552854112275,291.60081370602234,211.88782819013036,355.14032607145344,202.34598367488869
labeled-data,f042814_Video,img2413.png,345.97241514689523,193.2274309015479,343.8120408994623,206.45735753232023,302.144967696565,195.8723697247103,303.3663039008195,183.26423998047414,303.10162860321645,211.5518185985113,289.30232294515554,211.23111654416843,362.12533080514504,205.9161068900212
labeled-data,f042814_Video,img2417.png,343.74607489639004,197.78130868667216,340.2701359554768,211.71961630624162,302.8461429241713,195.8723697247103,305.23610450776965,185.13404058742432,303.5337507326432,211.5518185985113,288.15307756472214,211.80573923438513,355.140307123364,206.84744338092537
labeled-data,f042814_Video,img2423.png,334.9419111784831,194.94778473148372,337.5378092844022,208.7848950669393,304.4822184552527,196.80727002818537,307.5733552664574,185.83521581503064,304.61405605621013,211.7138643970463,286.429209494072,213.2833404377995,347.3791696991628,205.45043864456915
labeled-data,f042814_Video,img2431.png,335.34670031493863,195.15017929971148,335.8174554544664,210.40405161276126,304.4822184552527,202.88412200077343,307.1059051147198,188.4061916495871,304.61405605621013,212.3080323250081,286.757565317053,213.52960730503523,347.68961519613083,205.45043864456915
labeled-data,f042814_Video,img2436.png,337.7754351336716,195.85856028850858,338.04379570497156,209.1896842033948,304.4822184552527,198.4433455592668,307.1059051147198,190.04226718066852,306.12648350920375,212.63212392207816,286.757565317053,213.52960730503523,349.70751092642314,203.27732016579282
labeled-data,f042814_Video,img2439.png,332.1083872232947,194.94778473148372,334.0971016245305,208.4813032145977,302.6124178483025,200.07942109034818,305.00237943190086,189.1073668771934,304.50602552385345,214.30659717360683,287.1680100957792,213.8579631280162,344.1194919809983,203.27732016579282
labeled-data,f042814_Video,img2440.png,325.2269719035513,193.2274309015479,327.41808087301496,207.77292222580058,302.6124178483025,200.07942109034818,302.4314035973444,190.04226718066852,304.18193392678336,213.60439871328836,287.3321880072697,213.8579631280162,340.8598142628338,198.31019221430407
labeled-data,f042814_Video,img2448.png,350.6274902161334,194.6441928791421,341.3833060807294,204.63580641827053,315.9347471728225,191.66531835907242,319.4933341357647,178.12228831136116,316.55142988162424,205.93423091596347,283.22774022000755,206.63413502243483,357.15820285365623,210.26234384757385
labeled-data,f042814_Video,img2453.png,344.45445588518714,201.82920005122708,333.79350977218894,213.54116742029134,313.59749641413475,198.9107957110043,318.55843383228967,184.19914028394922,312.60831545060506,210.9576506705495,286.2650315825815,209.6714263850088,354.8298616263959,217.0921447808709
labeled-data,f042814_Video,img2455.png,352.550238614297,192.31665534452304,351.19944263977504,206.05256839586474,315.46729702108496,197.04099510405416,317.85725860468335,184.432865359818,316.4433993492675,209.87734534698262,289.9590345911175,209.0968036947921,366.1611222657296,198.31019221430407
labeled-data,f042814_Video,img2469.png,353.6634087395496,184.52446446775483,354.1341638790774,199.67713949669076,315.9347471728225,195.40491957297274,316.9223583012082,182.7967898287366,316.55142988162424,208.3109026278106,289.30232294515554,205.15653381902047,367.5581270020858,191.94605952645912
labeled-data,f042814_Video,img2471.png,343.64487761227616,186.1436210135768,345.4311974452843,199.37354764434915,317.5708227039039,188.86061744864716,318.3247087564208,181.1607142976552,318.33393366550956,205.28604772182334,285.77249784811005,202.9401320138989,357.3134256021403,191.01472303555497
labeled-data,f042814_Video,img2480.png,326.23894474469006,200.2100435054051,313.95884208586983,200.89150690605723,307.98809459328425,182.55004040019034,320.194509363371,180.9269892217864,290.2459952527705,190.75594111984873,275.8397342029357,185.94771817463362,316.64506549932617,211.34890308696203
labeled-data,f042814_Video,img2481.png,310.7557602752675,212.25252031495597,300.1960114463832,203.11784715656242,311.2602456554471,184.88729115887804,318.3247087564208,190.04226718066855,296.7278271941719,184.1660786460907,275.8397342029357,185.94771817463362,297.70790913236476,225.0085049535561
labeled-data,f042814_Video,img2484.png,298.3084943292612,241.2961408556375,278.843384498356,235.50097807300173,291.86106435833904,209.19469904923025,304.80720221110585,211.28406947001451,281.33347633334375,208.6349942248807,276.41435689315233,177.8209115558546,283.8930845172867,258.6918413745891
labeled-data,f042814_Video,img2489.png,292.034262714201,326.60546371681636,279.0465145358594,326.4988274491239,284.3818619305384,291.93337590677527,296.442280646254,294.9110190276733,274.38762805450574,293.0994036596887,290.6978351928246,246.69354542611336,285.6005347506109,344.21957578928595
labeled-data,f042814_Video,img2501.png,283.0576732526832,340.2224526648666,272.4826681264016,333.95626387016864,,,,,,,,,274.8790516317463,349.5591325292676
labeled-data,f042814_Video,img2504.png,,,,,,,,,,,287.6787920733155,294.86716484280703,,
labeled-data,f042814_Video,img2507.png,,,,,,,,,,,291.65211836308464,304.6836180292954,,
labeled-data,f042814_Video,img2510.png,266.0185805400098,307.05934170461,272.19875501136346,292.7374059529416,285.65898548687255,307.17664808999615,278.9420995008868,316.8033857184964,292.6071248988641,294.409674912936,,,261.6983409939877,297.0526033003129
labeled-data,f042814_Video,img2512.png,249.11863409299303,295.1180621791731,257.5251488148519,281.7069019845294,276.01613498571675,301.45730499097294,266.95711196208134,313.6840054001771,287.02507590818755,293.8350522227193,,,242.26780568792128,280.7197742859283
labeled-data,f042814_Video,img2517.png,263.2862538689352,297.546796997906,282.8244698433201,300.52959682970976,274.9365128312313,317.65163730825486,257.18852622839745,317.6242752759488,287.68178755414954,326.83481243230693,,,274.2824831063264,289.7695278390649
labeled-data,f042814_Video,img2519.png,267.0899866920237,298.616500526577,281.54654597991237,296.61718913569877,280.3162005086027,317.9944416997044,269.85826400247043,324.7613417919076,291.6968961182172,311.68892115924234,,,274.62585270379543,290.0040822274092
labeled-data,f042814_Video,img2522.png,262.0801136801767,296.98210824651284,275.6148142766777,295.02758643156915,276.9327504625011,321.377891745806,262.91569390280233,327.4072706676358,288.4947042873239,316.9271229603476,,,265.88537811998606,290.65343362710075
labeled-data,f042814_Video,img2526.png,292.4392989143385,292.2258358931608,309.84141299327564,290.9656749107277,297.07965755519706,315.68754394099875,283.766288662094,314.19094879265174,313.2251008814627,318.741053833065,,,303.89332700552677,284.4660931108499
labeled-data,f042814_Video,img2538.png,284.64710803757026,211.87520465992984,298.16912453619375,215.46889031155678,288.0058597042882,248.17233620288027,274.40814770713627,246.71382717006213,299.3520673605166,249.1296193610991,287.90348736152924,285.43369123162984,296.38012780722215,201.82090192949977
labeled-data,f042814_Video,img2541.png,292.6416934825662,213.4943612057518,299.2919065733163,227.0709713618235,284.83641707162207,236.358966605168,274.2439697956458,230.21394706526831,301.15802438691196,241.00281274232003,291.748316959372,261.9033340928323,305.50443855397754,216.85484268684942
labeled-data,f042814_Video,img2549.png,275.33695789909393,228.87634839106047,286.94130416496785,221.20755405685,290.5990296183549,242.40970977923746,273.9977029284101,244.82578118792156,301.15802438691196,235.66703061887927,292.36348969502683,260.8267818054363,274.02613797441654,219.3731067332143
labeled-data,f042814_Video,img2559.png,306.20212955382516,226.75120542466914,311.5177554219845,240.29484868793398,290.5990296183549,241.2571872698909,283.5200217948582,228.49007899461822,299.9266900507333,253.48033401559695,288.82624646501154,260.3654022536952,323.38411328316823,231.3348609534475
labeled-data,f042814_Video,img2569.png,298.8147278135125,226.75120542466917,303.90778828148694,238.79780597177054,288.29398459966177,240.39279538788097,281.9603316356986,228.2438121273825,300.2550458737143,251.8385549006921,,,313.9406231092999,231.3348609534475
labeled-data,f042814_Video,img2579.png,275.03336604675235,198.11237402044316,258.74699967722285,199.99944891120109,286.2770584659767,176.7336866948342,295.58709828940897,189.49783503625235,,,307.28142853465664,207.30675380346543,267.7826658388911,212.46276451499756
labeled-data,f042814_Video,img2580.png,282.2183732188373,212.78598021695473,270.72334140653044,213.97184759539329,287.77410118214016,181.47432196268514,299.28110129794493,199.84104346015295,,,312.35660360380905,192.85019451557673,281.9429250917835,229.68470144419098
labeled-data,f042814_Video,img2581.png,290.5165505161749,226.2452190040998,278.45806210670827,228.19375339894606,286.0275513466162,187.33773926765866,299.85572398816157,202.3037121325102,,,313.12556952337764,179.00880796334286,288.640345008692,241.35734758508875
labeled-data,f042814_Video,img2584.png,297.70155768825987,233.63262074441252,287.3155648440087,243.03942700090033,284.28100151109214,203.30619490673547,300.4643494207559,209.9995462321504,,,292.82486924676795,177.77846249203319,305.8622819378854,247.86341264722853
labeled-data,f042814_Video,img2585.png,298.3087413929431,227.96557283403564,290.3096502763356,238.54829885240997,282.5344516755681,203.68045558577631,298.21878534651074,205.0094038449389,,,289.74900556849377,179.470187515084,308.34989504988005,240.5919281660135
labeled-data,f042814_Video,img2593.png,316.42305524932635,233.83501531264028,315.13560865271285,246.15826599290753,284.9047693094936,213.16172612147818,298.09403178683044,209.9995462321504,,,284.67383049934136,189.62053765338882,335.90499413658955,244.227670406621
labeled-data,f042814_Video,img2597.png,315.20868783995985,231.81106963036282,313.2643052575085,247.6553087090709,283.90674083205124,219.64891122485312,298.21878534651074,212.49461742575616,,,284.67383049934136,187.6212262625106,329.59028392921863,239.4437990374006
labeled-data,f042814_Video,img2598.png,,,,,284.15624795141184,217.77760782964882,298.21878534651074,212.49461742575616,,,283.59727821194537,186.39088079120094,,
labeled-data,f042814_Video,img2601.png,,,,,,,,,,,285.5965896028236,181.62329208987595,,
labeled-data,f042814_Video,img2604.png,,,,,284.63470544073795,210.41551536760227,296.84649619002755,210.37380691119125,,,283.44348502803166,178.39363522768804,,
labeled-data,f042814_Video,img2609.png,296.4871902788934,288.58273366506137,284.2996212869321,290.04014117439067,288.23024943869854,248.7742477476806,296.7217426303473,250.91871380728475,,,292.0559033271994,201.77019918257187,297.866539397679,305.16306499154
labeled-data,f042814_Video,img2614.png,298.9322807133693,330.0919028642112,286.33108770933785,332.66765322363017,285.033445029044,288.5567026233813,299.34156738363333,291.0893447956314,,,278.36830995887925,248.5233270923396,295.2382990819106,343.18200450771445
labeled-data,f042814_Video,img2615.png,296.70594046286413,339.0984611503458,285.0039401104656,338.92420618974245,283.6126430691976,303.475123201769,298.59304602555164,303.065686524939,,,282.3669327406357,254.8288476328017,291.6998344111811,350.2589338491735
labeled-data,f042814_Video,img2624.png,300.5514372591913,354.98643475622384,289.7437529635809,357.5042725739545,291.78225433831466,316.2623408403871,302.9594206143617,317.412345888172,,,287.1345214419607,274.2067888059291,299.2485590420707,369.13074542639777
labeled-data,f042814_Video,img2628.png,296.40234861052255,363.5882039059031,284.0559775398425,362.0544929129452,291.78225433831466,322.3007491697345,301.8366385772391,322.152981156023,,,278.82968951062037,282.05024118552825,289.10496031931274,375.9717771231415
labeled-data,f042814_Video,img2639.png,291.8484708253983,384.63723900158857,279.12657217260255,390.11418500338795,280.0606381695814,345.3887810172394,295.9732212722656,351.22056056153,,,284.2557075085205,320.2631332064672,291.9357320558964,399.5615415946718
labeled-data,f042814_Video,img2643.png,308.0358229449698,400.9993137441864,295.8107134155685,405.66077116160625,289.29585090858336,365.2800084550897,300.464349420756,363.82067008923906,,,285.6060891629791,332.79467495984306,310.8294600226359,415.6688043595408
labeled-data,f042814_Video,img2659.png,297.76065190425135,410.48401949168033,283.6569468596326,404.34466306825607,295.26514735736146,387.68103713198724,309.61180672059453,390.30086188527326,275.6788384875563,386.9325157739055,,,286.24334868399967,418.5181608185042
labeled-data,f042814_Video,img2664.png,,,,,294.83823451725397,412.03665239007523,308.14121989628575,414.8696987427461,277.4253883230803,413.50502398580676,288.4339391629553,366.5429225470468,,
labeled-data,f042814_Video,img2670.png,,,,,287.3590320894533,417.8797792867945,301.8306428478289,415.8045990462212,272.4352459358688,415.87534161973224,287.857677908282,374.61058011247275,,
labeled-data,f042814_Video,img2685.png,285.60739803916726,446.1802095015091,275.0295944263349,443.1682418291219,285.97534083829555,413.3944518557897,300.62871496059665,418.9189001894916,274.4313028907534,410.01192431475874,290.53762544862843,384.2689836229333,277.13417970842625,453.30457145584245
labeled-data,f042814_Video,img2690.png,285.52530908342203,459.3144424207479,275.56230413398623,456.8189280876872,291.7315333770455,428.5182362249025,300.30035913761566,435.9934029845021,275.6788384875563,425.3566121554341,296.8584750410122,393.7913024893815,275.022602350729,469.62288291022367
labeled-data,f042814_Video,img2699.png,,,,,288.5018765148576,423.7506475235775,300.1361812261252,427.7845074099778,273.30852085363085,422.6120338424678,296.69429712952166,393.5450356221458,,
labeled-data,f042814_Video,img2700.png,,,,,283.5804946296189,425.90375209836947,299.47946958016325,427.12779576401584,270.4391889809842,424.85759791671296,295.13460697036203,393.1345908434196,,
labeled-data,f042814_Video,img2704.png,301.5216556928582,456.2527638512458,292.6242229510974,466.38897370142615,283.5804946296189,432.516859006659,297.09888986355116,430.7397098168065,271.1877103390659,436.9586932057008,291.27642605033566,401.50766432943436,308.234959681567,467.2542009407115
labeled-data,f042814_Video,img2705.png,300.00922823986457,454.2001837364687,295.6626489373914,466.15524862555736,284.65704691701484,430.9789271675219,295.94964448311777,430.7397098168065,272.5599994955491,432.71707217657104,290.7838923158642,401.17930850645337,310.89054644178526,465.4157177990219
labeled-data,f042814_Video,img2709.png,295.85005274413203,443.0730389037298,297.76617462021034,457.9748709701504,276.81359453741567,429.28720214447105,291.43475191712946,426.6352620295444,267.320349988977,430.47150810232586,289.71673589117603,399.5375293915485,309.97130487094046,452.64847375951075
labeled-data,f042814_Video,img2711.png,301.95377782228496,450.20305403927125,297.76617462021034,463.3505477151321,282.6577355261366,438.3609999953799,294.9645770141749,431.8889551972399,269.5659140632222,436.4596789669797,290.7838923158642,401.5897532851796,317.0188235807506,464.70075213280927
labeled-data,f042814_Video,img2712.png,306.24796161799827,451.3876130879147,304.07675166866716,466.15524862555736,282.6577355261366,437.7458272597251,294.80039910268437,432.29939997596614,269.44116050354194,434.0893613330542,288.40331259925216,402.08228701965106,321.1043416733942,466.2328214175506
labeled-data,f042814_Video,img2717.png,321.1659004576281,458.76968591577275,321.37240728295626,469.8948498394577,286.50256512397937,442.8210023288775,297.59142359802263,434.59789073683294,275.05507068915483,443.3211247493955,281.67201822814224,408.156869744799,339.8977248995546,466.5392352744989
labeled-data,f042814_Video,img2726.png,313.78382762977003,449.08071532920906,313.89320485515555,466.8564238531637,288.9632560665987,444.51272735192833,299.2332027129275,436.89638149769974,278.04915612148176,451.92912036733543,278.2887018260805,417.36994032157463,325.5873791400421,458.1542150217072
labeled-data,f042814_Video,img2732.png,325.9334891589531,450.46485398443247,331.45388867364574,461.3492040701203,307.11672029828276,461.41039090303735,308.4890094547659,449.30929561404946,306.7424596192419,470.1431400806575,,,337.0950836645857,452.5374621958323
labeled-data,f042814_Video,img2733.png,317.84552643078746,446.56471730108314,318.5940477888692,465.27775125312627,305.6196775821193,458.4163054707105,305.86918470147987,443.6953854284365,303.9978813062756,470.6421543193786,,,326.57827560840764,455.54697359806386
labeled-data,f042814_Video,img2756.png,279.37815699578545,385.3188644910169,294.6661828583909,384.37961131719925,286.6563583078931,404.2189131665364,275.78855665643437,403.3484229116388,295.7167373476167,404.64319209441913,,,289.14395399674373,372.9770049094906
labeled-data,f042814_Video,img2762.png,281.29745506092604,242.05783354947602,295.17350326939567,240.60027364232957,286.9639446757205,283.4912637942744,275.4093716281851,285.61147164025414,297.32367657430234,285.83982013148403,296.7327468723523,330.66595532914914,288.3318460381193,226.51444063283225
labeled-data,f042814_Video,img2765.png,329.2643611344531,182.5257956861563,334.7416413579199,194.0495229499481,301.4205039636091,211.97743327439943,290.38718024402954,200.67403688423627,307.62781989652086,220.93909651989856,288.4765252471126,250.15823791498073,346.6950767426081,184.79908229323036
labeled-data,f042814_Video,img2767.png,353.15301791415436,189.16153368051775,350.62961496379796,202.44889753139955,318.03016782628976,195.2139762278051,320.3427974757184,182.66274804239805,318.70092913830797,208.6356418068018,288.1022645680717,219.2193551142694,368.12682047671547,200.4901803842733
labeled-data,f042814_Video,img2774.png,390.4163361230595,200.5487801259702,375.72654142403843,211.75904766987583,358.17018882776796,198.5974262739067,363.94907572437944,185.88582078251645,356.5340523810805,208.02046907114695,321.4114650027085,196.26470013309645,395.10785499911856,217.90347216823554
labeled-data,f042814_Video,img2782.png,424.8236683597101,211.92376938075915,422.3784894005338,225.3194837411348,384.56501679500604,209.2824745229446,389.73365764532673,191.004818663881,383.29406638206603,218.4784055772792,,,435.1010196458011,222.3046338279183
labeled-data,f042814_Video,img2783.png,426.071203956513,209.55345174683367,427.2359590379997,221.06919780835213,396.2866329637393,216.38648432217684,399.9716534080559,199.53648179948857,397.1354529342998,226.01427158905096,,,439.8848910150215,216.1812784753162
