scorer,,,Andrew,Andrew,Andrew,Andrew,Andrew,Andrew,Andrew,Andrew,Andrew,Andrew,Andrew,Andrew,Andrew,Andrew
bodyparts,,,Nose,Nose,Left_Ear,Left_Ear,Right_Ear,Right_Ear,Body_Center,Body_Center,Left_Body,Left_Body,Right_Body,Right_Body,Tail_Base,Tail_Base
coords,,,x,y,x,y,x,y,x,y,x,y,x,y,x,y
labeled-data,f042814_Video,img0005.png,298.69126165070514,380.6967227775364,289.9517251894688,379.1297005223771,293.4651814407692,388.18989121573765,279.90121235885886,410.94018211874675,265.9639472424211,405.57269493963224,295.4727220945673,409.1620400936102,284.72481169050656,446.6940394725681
labeled-data,f042814_Video,img0015.png,282.39907470163763,410.8343649504923,275.7683292232521,414.95442836192905,289.2148955079865,417.13231447230527,282.2287498934779,423.79223720120865,273.19222688636546,423.72029064145,288.4901094907101,428.389524075246,283.60202965338397,430.60083027381097
labeled-data,f042814_Video,img0028.png,,,,,,,,,,,,,276.9900909903287,426.60871636404175
labeled-data,f042814_Video,img0038.png,286.99621312070815,264.9762594502671,283.0714986431056,270.2885086531615,290.9909424317072,271.0165316082223,288.55076141277647,325.84886796021124,276.8424029993888,325.4125029342028,301.31145905426774,325.8324420772719,293.582314427807,368.7230646723884
labeled-data,f042814_Video,img0040.png,287.9275496116123,217.01243016870387,282.9305350903294,223.07060349339372,293.29993289711797,223.53449805200904,287.3982367051676,266.7820893561997,276.0938816413071,267.02785223253426,298.7901449771616,266.3816406205893,290.3387218761195,319.94442283739573
labeled-data,f042814_Video,img0043.png,286.064876629804,174.94706532953356,282.9305350903294,182.27618947793968,294.21070845414283,181.43641550745386,288.5507592145142,223.85062588304018,278.3394457155523,223.23935278475335,300.00451238652806,224.99195141801528,289.0911862793166,273.2865915169683
labeled-data,f042814_Video,img0045.png,309.3482889024075,173.3948378446933,297.90096225196396,175.1652365761633,305.34240970666883,182.24599378036484,289.70328172386075,213.76605392625774,276.5928958800282,210.514489697364,301.7248662164639,215.78299856365282,290.83773611484065,252.70225416972087
labeled-data,f042814_Video,img0051.png,371.2821655475328,188.1409989506755,363.5213194150892,181.77717523921856,360.19135004957195,196.11002170396543,317.3638219481783,187.83429746596005,317.262556335802,175.5834929868835,320.3451664934165,200.80580051479967,285.84759372762915,211.53357947522588
labeled-data,f042814_Video,img0055.png,447.1860895562201,190.31411742945187,436.12790637772264,184.02273931346377,436.6964968396598,196.31241627219316,389.108348155002,188.98681997530662,393.6117348601381,175.95775366592432,390.37368710021644,200.70460323068573,343.3589847402417,191.32350280701934
labeled-data,f042814_Video,img0061.png,445.6351657709986,191.5181153270531,434.5061101018789,186.7673176264301,,,396.0234832110813,194.17317126736614,395.9820524940635,183.31821368706127,396.54672143116267,202.22256249239382,348.4738806871335,196.6879058732717
labeled-data,f042814_Video,img0064.png,,,,,,,389.108348155002,194.17317126736614,389.74437451004917,180.94789605313582,388.8557278385083,204.14531089055743,347.60060576937144,195.93938451518997
labeled-data,f042814_Video,img0067.png,,,427.76941787914336,185.76928914898778,,,396.0234832110813,189.5630812299799,400.47318064255387,176.70627502400603,393.5108029077465,200.502208662458,348.97289492585463,190.20072076989675
labeled-data,f042814_Video,img0069.png,438.7375912404167,194.04979957584405,429.0169534759462,186.6425640667498,427.99353040586675,201.16988590965906,396.8878750930913,189.85121185731654,399.10089148607074,179.9498675756935,397.25510241995977,201.71657607182448,349.8461698436166,190.20072076989675
labeled-data,f042814_Video,img0072.png,437.6510320010285,190.16923086374345,425.898114483939,185.27027491026664,428.29712225820833,200.76509677320357,394.87096070173476,189.85121185731654,394.7345168972607,180.57363537409495,396.64791871527655,201.71657607182448,349.5966627242561,190.20072076989675
labeled-data,f042814_Video,img0077.png,442.61815995251726,180.23497496076595,434.63086366155915,178.28407556817052,438.0120615331401,189.1274091001082,394.87096070173476,191.29186499399975,397.2295880908664,180.44888181441468,395.23115673768234,201.71657607182448,349.5966627242561,190.20072076989675
labeled-data,f042814_Video,img0082.png,457.20909831001546,193.89457682736003,449.2270301441528,187.39108542483152,448.73897364921066,201.4734777620007,397.7522669751012,193.8850406400295,400.3484270828736,180.94789605313582,397.5586942723014,203.0321407653048,356.957122745393,189.07793873277416
labeled-data,f042814_Video,img0091.png,445.25694667674566,179.45886121834585,434.88037078091975,178.6583362472114,440.9467827724425,191.45494663472726,399.7691813664577,192.44438750334632,401.2217020006356,181.8211709708978,400.29102094337594,203.0321407653048,356.957122745393,188.20466381501214
labeled-data,f042814_Video,img0098.png,435.32269077376816,192.9632403364559,423.90205752905445,185.76928914898778,425.4635983030199,202.08066146668392,393.1421769377149,193.8850406400295,395.35828469566206,182.9439530080204,393.106013771291,204.44890274289904,351.71747323882096,188.20466381501214
labeled-data,f042814_Video,img0105.png,438.42714574344865,188.61700337890323,431.512024669552,183.77323219410317,431.8390272021939,196.31241627219316,391.9896544283684,196.19008565872264,392.86321350205634,183.94198148546272,392.4988300666078,203.74052175410196,349.34715560489553,186.70762109884868
labeled-data,f042814_Video,img0106.png,439.97937322828886,186.28866215164288,430.3892426324294,182.02668235857914,432.9521973274465,193.07410318054923,394.2946994470615,192.44438750334632,395.9820524940635,182.56969232897956,393.0048164871772,203.5381271858742,,
labeled-data,f042814_Video,img0107.png,436.0988045161883,190.4796763607115,424.4010717677756,182.02668235857914,426.3743738600448,197.83037553390125,397.46413634776457,191.57999562133637,395.60779181502267,183.0687065677007,397.15390513584595,202.02016792416612,,
labeled-data,f042814_Video,img0114.png,,,,,,,394.2946994470615,214.9185764356043,378.70542055082944,213.3786590386713,404.54130687615867,215.9853931318806,,
labeled-data,f042814_Video,img0127.png,280.4942372052112,382.91653200075984,275.86074176787554,388.6081644810276,286.4051009979329,389.98920946917497,281.35189535403384,413.6409730371915,271.7296551985046,414.75588303503446,293.1338937496845,412.98043400403077,,
labeled-data,f042814_Video,img0137.png,297.7368400744878,403.152794643465,283.0203692271158,401.33603912540116,292.5094731058567,409.05423916462337,278.3134693677398,423.2237011478111,267.27697469749415,417.6906042743368,293.43748560202613,429.5767885987059,,
labeled-data,f042814_Video,img0139.png,290.70393736116915,411.6380716559009,285.5154404207216,407.6984706690958,289.7127471406872,417.31123963321903,278.3134693677398,425.7946769823676,269.806906800341,419.61335267250035,293.1338937496845,430.99355057630015,,
labeled-data,f042814_Video,img0149.png,279.4722682312795,412.4895604386698,275.5009368892459,416.66205514396626,286.0630558755501,417.8266521211039,283.43469243129096,434.17763318976296,274.7847459286709,436.3373620002619,293.9615152379476,432.49954485725755,,
labeled-data,f042814_Video,img0153.png,268.6437328319105,426.7177523006314,280.01582945523427,428.2365979040455,274.98104684994235,417.00576256365144,296.893931218436,421.1231835390733,300.4839792228101,434.7155657244182,288.65292484245845,411.2651832753009,,
labeled-data,f042814_Video,img0156.png,263.6072047391807,441.8273365788207,282.15014230461054,440.46785231008664,273.0930008678017,428.7444832352212,290.7208968874898,426.5878368812225,298.4879222679255,433.71753724697584,284.67148204584157,412.9715159024224,,
labeled-data,f042814_Video,img0157.png,265.11816316699964,441.07185736491124,282.15014230461054,440.46785231008664,273.5855346022732,428.7444832352212,293.6556181267921,426.5878368812225,301.23250058089184,433.84229080665614,282.01718684809697,415.2466260719178,,
labeled-data,f042814_Video,img0161.png,259.26140745150724,467.85815143023683,270.964188596977,462.394224944209,262.200742387359,455.13848745719224,291.63167244451466,433.77284405330744,297.3651402308029,437.46014403738445,277.6565590232309,424.3470667498992,,
labeled-data,f042814_Video,img0162.png,265.1854086858404,469.2880827626621,274.56644636534463,464.4797425995797,266.1410122631307,457.27280030656857,288.5957539210985,436.9099598608375,294.99482259687744,439.95521523099023,276.5190039384832,430.2244346877622,,
labeled-data,f042814_Video,img0174.png,,,,,,,289.70892404635106,435.69559245147104,298.86218294696636,440.4542294697114,276.5190039384832,431.7411748007591,,
labeled-data,f042814_Video,img0176.png,299.22050594946296,477.8174551802202,292.7987828579735,467.15533020686473,283.63167630488465,474.55927786374065,288.190964784643,437.11235442906525,299.23644362600726,441.2027508277931,273.8647087407386,435.722617597376,,
labeled-data,f042814_Video,img0187.png,309.9231281465137,472.7809270874904,301.7216704611333,463.82589453404387,298.30528250139616,472.8389240338048,284.5478625565436,432.2548847915994,293.99679411943515,433.84229080665614,273.29593119836477,433.63709994200525,288.65168760933346,404.76919564314085
labeled-data,f042814_Video,img0197.png,300.2278115680089,471.8995346712627,298.0592912210304,463.5595396802182,290.4118943405141,466.9694815552002,281.6131413172413,426.18304774476707,291.0027086871082,427.3551057032812,268.74571085937407,429.46606463126375,276.8651928297622,392.3254613777198
labeled-data,f042814_Video,img0201.png,295.6949362845521,478.5729343941296,293.33149256562484,467.5548624876032,286.1616084077315,469.1958218057054,282.52391687426615,429.82614997286646,293.6225334403943,430.2244375759278,271.58959857124324,429.46606463126375,276.3394012410824,392.1501975148266
labeled-data,f042814_Video,img0202.png,296.32450229614335,477.18788916862894,292.99854899834276,467.688039914516,286.2628056918453,470.0054000786164,283.23229786306325,429.421360836411,293.6225334403943,430.2244375759278,272.3479686277417,431.55158228663447,276.3394012410824,392.23782944627317
labeled-data,f042814_Video,img0210.png,,,,,,,,,,,,,268.43755831969787,384.01009663208833
labeled-data,f042814_Video,img0217.png,290.1591180539335,395.01988335662134,285.7918376533576,402.9890733701513,296.0727983832911,403.1439706210425,,,,,,,,
labeled-data,f042814_Video,img0239.png,285.1942677330803,460.21689986147265,294.0598749535666,449.87369143757206,281.5097425198351,447.50982499194777,290.948577494205,411.20165737981074,301.731514819613,412.01041786260583,275.5710413678601,408.99007310580555,270.9864905743785,389.99313752242847
labeled-data,f042814_Video,img0241.png,,,,,,,290.66044686686837,413.50670239850376,301.731514819613,418.2480958466202,275.5710413678601,409.748443162304,271.1402837582922,388.91658523503247
labeled-data,f042814_Video,img0269.png,287.1405216746002,344.30964066721816,280.8866752669277,352.3110809701998,292.48609277569386,352.5894723269857,286.91474871149205,386.42242342885953,273.37039228863455,386.78238975206,297.9429580345644,387.94530403797353,291.9553529158757,430.176094536546
labeled-data,f042814_Video,img0272.png,280.3466570670129,329.5619833483091,277.64836217528375,338.0422639101437,287.3250312858864,335.0823421752857,287.4910099661653,367.6939502380747,275.94136812319107,370.6553595171148,298.89092060518755,370.50279273850924,293.81983689265536,402.54177845213326
labeled-data,f042814_Video,img0275.png,283.2958786351188,330.22279267155994,280.6842806987,339.2566313195102,289.75376610461933,339.02903625572674,287.4910099661653,366.82955835606475,275.3896318760791,366.66011960777485,300.2180682040598,365.7629798853939,293.95301431956824,395.0172538315582
labeled-data,f042814_Video,img0279.png,296.80025775322883,304.92148466866416,288.7800634278098,311.12378633585354,297.8495488337292,315.1464772048528,282.88091992877906,346.0841531878266,271.34174051152416,338.93206376057367,292.44477512495064,349.83720869892636,291.1562883543987,377.7707770463464
labeled-data,f042814_Video,img0281.png,290.1256795684158,238.4861672655916,285.0357639155965,248.3814701852524,295.4208140149962,249.46941510858107,288.06727122083856,294.2206402672312,276.8063938536733,294.30406146635573,299.08050154750345,293.33865106160044,292.62124005043995,339.61544423581984
labeled-data,f042814_Video,img0284.png,307.8568217452843,184.63205008091592,297.4830298616028,188.16908613749808,307.56448810866095,194.62049947204616,288.93166530111074,224.78115907910143,277.31239262742673,219.7216630744315,300.4076491463757,226.79167860386127,292.155119056245,263.90406077886445
labeled-data,f042814_Video,img0286.png,318.70811340218825,200.4371922768412,310.1326903758369,196.2648688666079,313.5351278713794,207.67494912273574,288.93166530111074,220.45919966905183,278.02077361622383,214.1558124481685,301.35561171699874,226.41249357561207,291.1562883543987,251.58514878942745
labeled-data,f042814_Video,img0294.png,311.3952864160139,218.6013109199195,305.7812071589404,210.1288967902085,304.42737230113096,220.62820148931144,288.06727341910084,220.45919966905183,280.14591658261514,210.7151047882968,298.7013165192542,231.5314914569766,290.02428022563964,249.05477767808364
labeled-data,f042814_Video,img0302.png,267.3928589827506,177.78458996404237,274.1064572312982,186.65112687579,281.35439152316786,178.12534216148487,289.2197959284474,208.64584394824954,278.1219709003377,209.09594824247483,303.44112937236946,204.60935445128155,292.7544174773527,247.39005984167324
labeled-data,f042814_Video,img0304.png,236.07480018192143,188.96961096433853,248.80713620283,195.15169874135532,250.3880225843228,180.45287969610393,278.270832089655,200.5781863828236,269.8237936030001,211.92947219766327,287.13617315765276,190.95869343430942,299.6130549633636,239.73235779418536
labeled-data,f042814_Video,img0305.png,214.86468628506358,189.05246297174813,223.81140702670342,194.54451503667207,224.07672871471587,182.1732335260398,264.72869040657065,197.1206100617348,261.1208271692071,207.98277811722224,268.3665258311248,183.18540035520027,294.61890145413236,225.68213925488152
labeled-data,f042814_Video,img0306.png,191.08616015850808,188.38964691247133,201.44679488435344,194.3421204684443,203.02769361903034,181.56604982135656,245.42393837501572,190.49360563299203,239.4646083688383,203.93488675266732,248.45931184804044,179.58314258683265,287.09437683355736,205.43917036413097
labeled-data,f042814_Video,img0307.png,167.5562001679518,187.7268308531945,177.66543311759332,193.83613404787496,178.03196444290373,182.88161451483688,225.54292508878748,188.47669124163554,225.39818587700995,201.20256008159276,222.86432244121772,176.36006984671423,274.24275513646904,191.32236311137075
labeled-data,f042814_Video,img0309.png,131.51557694477532,192.53224728295137,141.84159454128235,195.86007973015242,142.71411228716212,186.3223221747086,188.95033541703404,190.78173626032867,188.05638803899092,201.00016551336503,189.87522498353505,177.87680995971112,243.74512437343037,188.99175814039617
labeled-data,f042814_Video,img0312.png,120.08199992225039,189.54957501620575,130.6086960046425,195.75888244603857,130.97522732995287,184.70316562888664,177.13697969623178,190.78173626032867,177.63306777526196,199.48220625165695,175.46619969596878,180.15192012920647,222.63650220774642,180.20204796414922
labeled-data,f042814_Video,img0316.png,125.05312036682645,187.56112683837532,134.25179823274192,194.74690960489983,134.82072412628003,183.28640365129243,178.0013715782417,187.61229935962564,176.41870036589552,199.68460081988468,173.75986706884729,177.6872174455865,220.971784371336,179.93569311032357
labeled-data,f042814_Video,img0320.png,105.42872315614629,186.12493644778425,114.11353869408123,196.77085528717728,115.5932401446442,185.10795476534213,161.86605644738978,188.76482186897218,162.04868602172556,202.01213835450378,159.54042850950128,177.6872174455865,204.9239044283397,181.0011125256262
labeled-data,f042814_Video,img0324.png,114.99646589458709,173.3041611782736,117.45304906983904,188.8774671262952,123.7902201578679,178.22653944559877,156.9678357826669,191.6461281423386,157.19121638425966,202.01213835450375,159.16124348125206,177.6872174455865,208.78604980881184,182.1331206543853
labeled-data,f042814_Video,img0326.png,116.52730473273762,184.0200330453273,126.25721278774597,192.6217666385085,127.43332238596732,179.44090685496525,162.7304483293997,191.6461281423386,161.74509416938395,200.89896822925115,163.14268627786893,180.5311051574557,212.64819518928397,182.66583036203662
labeled-data,f042814_Video,img0328.png,112.8915624921301,192.82235636469284,122.31051870730494,197.37803899186054,121.5638799073627,183.58999550363404,164.17110146608292,191.6461281423386,163.66784256754752,200.49417909279566,163.14268627786893,180.5311051574557,211.38300963361206,182.66583036203662
labeled-data,f042814_Video,img0329.png,108.29904597767853,189.76067868839178,119.57819203623036,196.77085528717728,120.04592064565462,184.60196834477276,163.59484021140963,190.49360563299203,163.97143441988914,201.60734921804828,161.81553867899663,180.5311051574557,210.9834773528736,182.9321852158623
labeled-data,f042814_Video,img0332.png,122.84201494010854,198.75435686252612,134.55539008508356,199.80677381059348,128.04050609065055,185.41154661768377,167.91679962145926,190.49360563299203,168.3229176367857,201.60734921804828,162.9530937637443,179.77273510095725,217.10963899086386,181.66699966019038
labeled-data,f042814_Video,img0336.png,159.77350191049,210.2356481486551,170.78401779785003,201.5271276405293,157.893704904243,192.59655378976873,188.6622047896974,188.47669124163554,192.91385767645676,198.57143069463208,178.49967992196258,178.82477253033417,235.35494647792194,179.86910439686716
labeled-data,f042814_Video,img0337.png,176.80408398491463,210.61835785819275,177.8678276858211,196.6696580030634,165.17990936044188,195.83486688141264,198.4586461191432,184.44286245892258,209.00422585056253,200.3929818086818,187.03134305757015,175.0329222478419,,
labeled-data,f042814_Video,img0338.png,194.98279518795215,210.42700300342392,186.57079411961416,195.6576851619247,176.71639974942337,203.62705775818077,195.00107859110352,182.42594806756608,211.53415795340936,193.91635562539395,180.2060125490841,175.79129230434035,237.21943045470158,178.404152700826
labeled-data,f042814_Video,img0345.png,273.65441562476394,194.6421213886333,261.3925972193176,186.8391052781778,262.1244633270647,197.86124097304614,222.37348818808442,198.27313257108136,221.5526890806828,185.921770180398,,,,
labeled-data,f042814_Video,img0346.png,287.15929283252893,206.24140242597747,275.35782242703203,192.80974504089633,268.80775656429387,205.4821354138669,226.9835782254707,194.52743441570502,227.32093427517356,182.8858516569818,225.7082159389912,206.31568707840304,,
labeled-data,f042814_Video,img0348.png,282.6035445149562,196.5128209315617,275.76261156348755,190.17861565393562,276.59994744106206,200.32107392405936,236.7800195549165,199.71378570776454,233.79756045846142,184.60620548691764,240.87561706896025,212.38264753039067,,
labeled-data,f042814_Video,img0372.png,288.2548985361444,377.3456978300969,284.5630512081183,386.0268780264515,294.9954698273679,384.7299615466826,291.27306957712926,412.7895589138743,278.2970736019016,413.70497887862024,306.2683747722684,411.99768666437683,292.0149661158063,456.82030898752157
labeled-data,f042814_Video,img0375.png,269.3679181884078,382.004486315872,271.491356792959,391.86052677371276,279.23773891965897,386.13833586560065,290.4086776951193,411.34890577719113,274.91362355580003,412.6284265912243,302.40101442217946,406.6332835981245,292.17914402729684,443.43980920104696
labeled-data,f042814_Video,img0397.png,253.2715498757396,442.42898064864977,271.12893618888563,446.8091943298851,267.717013300647,432.89825007794127,293.8849920490853,425.26683678673993,298.9226946425109,429.76754646751533,284.9387820623997,416.2301007547347,,
labeled-data,f042814_Video,img0398.png,258.62620055747107,427.1080068309735,267.8660892295212,439.4844358496793,273.83956441782846,429.4925979768345,294.0873866173131,424.5584557979428,299.1250892107387,429.76754646751533,287.0918866371916,414.07699617994274,,
labeled-data,f042814_Video,img0402.png,243.70052188550343,426.3425874118983,255.0810562458893,434.4236936269917,258.8819738686393,422.57138289938683,293.1766110602882,424.5584557979428,296.49395982377797,429.56515189928757,287.0918866371916,411.00113250166856,,
labeled-data,f042814_Video,img0403.png,239.2993602258207,427.2993616857424,248.68853975407333,434.0907500597096,251.3209454827291,424.2766156231521,291.55745451446626,423.74887752503184,296.19036797143633,429.1603627628321,284.784988878486,410.3859597660137,,
labeled-data,f042814_Video,img0415.png,251.5460709310249,447.7743311460057,264.470064843244,446.1433071953209,259.73198325670467,436.4932383801838,288.5215359910501,425.77282320730933,296.19036797143633,431.18430844510954,281.4015388323844,413.1542370764604,,
labeled-data,f042814_Video,img0421.png,267.2371690220678,442.22504035771,280.5154668213704,435.0693373876103,266.6283283556477,426.9899051404001,290.4442843892137,413.73034639775847,298.61910279016934,425.4160632506188,275.4036046597497,409.3094074786177,,
labeled-data,f042814_Video,img0434.png,,,,,,,,,,,,,289.98276610170944,377.6285987484621
labeled-data,f042814_Video,img0438.png,,,,,,,,,,,,,284.1193487967359,379.0008879049453
labeled-data,f042814_Video,img0444.png,304.0507631157972,396.92313700127386,291.83044977388346,400.78099787585336,299.9823230073766,408.1633091567164,279.18327798406716,411.22008761036733,281.1627013483417,400.94285217059553,278.94084788976505,418.2294121456128,273.1410355448706,377.12958450974094
labeled-data,f042814_Video,img0448.png,304.8268768582173,402.82160144366674,297.98769334109284,395.3616045535734,297.86725925675574,407.5387189435794,281.48832300276024,405.1693444362979,282.30025643308943,393.92792914798486,284.01602295891746,412.846650708633,273.1410355448706,377.6285987484621
labeled-data,f042814_Video,img0456.png,300.64990876305893,367.9404568544741,291.67122576974464,372.9708027655659,303.12085939621727,377.3097851220185,289.2678499408496,394.7966418521788,281.1627013483417,391.27363395024025,295.8580981202731,400.69698917944993,,
labeled-data,f042814_Video,img0458.png,287.07363227015736,331.58291948197166,297.28827275862653,343.743537597845,283.3564515401754,345.7323614752807,295.31859311491905,375.4918898206238,279.6459612353448,373.6415301366513,305.7008618907505,376.85904567282495,,
labeled-data,f042814_Video,img0459.png,286.0663266516114,341.1523228581582,284.0997617089327,350.44948636549225,296.1888278954131,347.93853075585895,294.74233186024577,373.4749754292673,280.32850184729807,372.9451437040315,306.7774141781465,372.55283652324107,,
labeled-data,f042814_Video,img0465.png,286.06632665161146,290.2833891215876,277.0159494393532,302.59157543092755,290.4353911024948,303.3210755331912,283.38887345528275,339.1977103640506,272.20467880561523,339.4510208354541,295.2429253846183,336.87281785526045,290.98079457915173,384.1157838518371
labeled-data,f042814_Video,img0469.png,303.4423485715291,188.67143485076463,291.3155916679201,196.51872344075105,300.8558637964396,202.3379279588544,286.8952341206233,238.43818231829346,274.3605046607768,237.89528313647006,295.8352672084104,239.27568212287088,289.4837518629883,287.18226798025364
labeled-data,f042814_Video,img0471.png,325.3512457749036,187.1604764229457,311.83003356040365,185.201758832449,317.56417588994526,194.6921529008987,290.09203853027776,216.77095243063505,277.02405319903346,210.39414447897013,299.6974125888825,221.696261770377,287.86195558714456,250.75422855360964
labeled-data,f042814_Video,img0477.png,339.70536620944733,201.01092867795256,325.0406997931171,191.62731994966083,324.77030090220444,207.20670222999496,300.7480532291262,200.78693038236247,299.9305706280407,188.81940131909127,303.1600256886161,211.2418337577196,281.125263364409,226.55203797563382
labeled-data,f042814_Video,img0478.png,347.51198475317847,195.21892137131334,336.83323120907835,186.57602135019303,338.6737234815021,199.32895115461406,302.52405567893425,198.30052695263117,302.19458688555886,184.75748979824988,305.42404194613425,212.97314030758642,277.00839589495956,223.30844542394635
labeled-data,f042814_Video,img0479.png,371.3095799913266,190.5601328855383,358.7509823930582,184.68797536805243,359.5477083173947,196.07141423923017,317.0872757673604,191.55171764336052,316.77751513251405,178.89768301408526,318.87496206433036,204.84931726590364,281.2500169240893,217.5697816786531
labeled-data,f042814_Video,img0484.png,425.70408339280806,183.50899355571664,413.9147606538614,177.62832517396157,414.88420408246145,192.5189579895105,376.0505571009882,188.354913233706,375.84168771134506,175.83460219509007,374.8094651107099,202.1191800141906,339.260406946717,194.7398802571605
labeled-data,f042814_Video,img0489.png,404.55066540334303,180.36116349776054,391.25820886817445,182.47157356293087,397.5189560031179,194.19050654650886,364.32894093225497,197.23492548274632,362.85688858734386,183.95842523677285,366.7522307824836,207.84580937144239,333.8960038804646,196.11216941364364
labeled-data,f042814_Video,img0495.png,423.4376457510797,192.70065732494845,411.77693356377085,187.72175248991218,412.6665287356091,198.58043741088534,376.0505571009882,195.81412352289988,376.4409861324528,181.56123155234187,375.07581996453564,205.18226083318575,328.65635437389255,194.86463381684078
labeled-data,f042814_Video,img0500.png,,,,,,,396.2969850288002,189.4205147035908,399.94680198256776,176.43390061619783,395.7849098494811,199.6553976163032,354.6050947873924,191.74579482483358
labeled-data,f042814_Video,img0509.png,467.3919531461119,185.38373929738262,451.84354592683553,183.27269615343346,453.52395688487314,197.01900843264852,415.47781148672726,189.4205147035908,417.45966613562547,178.89768301408523,415.76152388640594,201.45329287962645,370.6983039861494,191.74579482483358
labeled-data,f042814_Video,img0520.png,455.7507975876131,192.56381586495831,449.4336678120533,187.961004485828,450.0503346822129,197.6640703316812,413.3466085469576,195.81412352289988,415.2622385915637,179.5635701486494,414.42974961727765,202.18576872764703,365.4586544795774,192.36956262323503
labeled-data,f042814_Video,img0522.png,461.1650652872976,196.97077794609686,452.58841734413187,187.87337255438138,451.359935948666,201.0348552956721,412.2810070770728,189.06531421362922,412.93163362058914,178.03202973915182,413.0979753481493,200.58763960469304,368.70224703126485,190.623012787711
labeled-data,f042814_Video,img0524.png,478.415174004897,204.14783047823673,469.98335573628725,189.45074732042065,469.03721425095205,202.3024739049439,431.1066330450383,189.06531421362922,431.2435298211036,175.63483605472084,431.80943634342253,199.52222018939037,389.91035217691376,189.749737869949
labeled-data,f042814_Video,img0525.png,,,,,,,447.4458555832725,189.06531421362922,447.69094204483844,177.76567488532615,447.5909614325932,201.3201154527136,403.13422950302424,196.11216941364364
labeled-data,f042814_Video,img0532.png,,,,,,,462.08700231131303,189.93857382454317,465.47012853770156,177.29955389113124,460.043050848943,199.7219863297596,,
labeled-data,f042814_Video,img0534.png,,,,,,,469.44746233244996,191.5603701003869,468.7329754970659,180.0296911428443,468.1002851771694,201.85282516036494,,
labeled-data,f042814_Video,img0554.png,290.72757263504485,383.62502184732443,280.891872529828,389.3632286138932,290.1454582889549,393.64776706432104,283.11258187133456,420.5079993426313,269.65352480893034,418.0360208866462,298.6689351411609,419.9106990570602,302.27773754614657,449.8963960803573
labeled-data,f042814_Video,img0557.png,281.382291806956,400.72661470075434,277.0336916098016,404.38550751527265,286.61563319190947,405.7148435588717,284.0353409748168,424.5066221243877,272.27334956221637,424.64795954970145,299.7454874285568,421.2948377122836,300.8733406255096,441.41599929035726
labeled-data,f042814_Video,img0563.png,279.66009811403666,412.9733254059586,276.5985747301416,420.69975328082035,287.2290156576172,418.18903798482114,289.4181024117966,432.65766087181436,283.1269092544014,437.99659043549224,301.1296260837802,422.8327695514207,,
labeled-data,f042814_Video,img0578.png,267.9928943750058,439.18678671243083,282.3225652854862,438.51816465874253,273.98294677791927,427.3744321375156,291.50435749197015,423.7762684173651,295.3894592845673,436.28269094566576,283.9168866192916,414.3381477616465,,
labeled-data,f042814_Video,img0579.png,266.6078491495051,447.2452316607984,281.666898123339,440.83268641664023,271.78947132909985,434.66812056172137,289.258793417725,424.7742968948074,298.75780539593507,431.5420556778148,278.45223327714245,413.6297667728494,,
labeled-data,f042814_Video,img0590.png,,,,,,,290.3815906835536,438.9223130167722,299.2885759893366,443.32135583689364,278.0057644975473,433.58401328121704,298.2822932257937,409.2355415389809
labeled-data,f042814_Video,img0591.png,,,,,,,290.3815906835536,438.9223130167722,299.2885759893366,445.01308085994447,278.30935634988896,436.11394538406387,298.2822932257937,409.4379361072086
labeled-data,f042814_Video,img0592.png,,,,,,,289.75782288515217,437.42527030060876,299.2885759893366,442.3985967334114,278.30935634988896,434.4947888382419,298.079898657566,409.2355415389809
labeled-data,f042814_Video,img0593.png,,,,,,,291.13011204163536,437.42527030060876,297.90443733411325,442.3985967334114,278.30935634988896,433.28042142887546,,
labeled-data,f042814_Video,img0596.png,,,,,,,287.8865194899479,439.67083437485394,296.21271231106243,445.782046779513,275.3746351105866,432.87563229241994,,
labeled-data,f042814_Video,img0600.png,,,,,,,285.01718761730126,449.65111914927695,294.6747804719253,454.70205144650816,274.6662541217895,443.9061362608321,,
labeled-data,f042814_Video,img0609.png,279.9646908275038,326.02946679558283,275.2928929622578,336.9229582195475,285.88261894838985,336.22995083547875,283.14090443522974,370.1152120615159,272.68235517226486,370.42338666179535,295.2093027969056,370.5381052782743,,
labeled-data,f042814_Video,img0613.png,282.8164073004671,236.74843699125404,277.75667536014515,247.49433230459059,287.89727273504207,248.2002574779892,284.9967354651222,288.32090310033857,272.7044030397307,288.0136782418908,296.0188810698166,288.36591057780953,284.63660702526386,337.5597716598303
labeled-data,f042814_Video,img0615.png,292.2598974743354,186.13132965931987,284.38685026667144,194.81513755309584,294.2995305644061,196.78559286812276,285.7452568232039,238.29472566854315,275.0373901614706,236.98667119403405,298.2452213203218,237.76726852087313,286.2584033011076,290.02868065034664
labeled-data,f042814_Video,img0622.png,314.0428968456556,210.30666450442277,303.91487922150657,205.43231834407416,308.7323954763489,217.50830757306272,288.11557445712936,231.30852632644704,278.655243392199,223.26377962920242,301.1799425596241,233.31458801986278,287.5059388979105,255.22243749954643
labeled-data,f042814_Video,img0626.png,308.37680274133464,212.19536253919642,296.33117865652207,213.5847964514325,303.22436386831845,221.31493090318006,288.61458869585044,233.6788439603725,277.781968474437,223.01427250984185,301.1799425596241,234.02296900865989,288.5039673753528,254.97293038018586
labeled-data,f042814_Video,img0627.png,309.3841083598806,212.19536253919642,295.7624011141482,212.82642639493406,303.5986245473593,220.94067022413918,288.86409581521104,233.6788439603725,280.6513003470836,225.5093437034476,301.8883235484213,237.16008481618996,288.5039673753528,254.97293038018586
labeled-data,f042814_Video,img0633.png,312.0282856085637,212.19536253919642,298.9854738542666,211.49927879606176,307.92478192776684,220.93082152572245,288.86409581521104,233.6788439603725,279.15425763092014,225.01032946472645,300.87635070728254,238.7792413620119,288.5039673753528,254.97293038018586
labeled-data,f042814_Video,img0642.png,332.17439797948276,182.60575999440908,317.3759477243541,184.95632681861593,325.1973981099401,193.1050410922796,295.10177379922544,219.45693815681972,286.51471765205713,211.03793078053423,306.03741219709,223.70084602904487,288.1297066963119,254.4739161414647
labeled-data,f042814_Video,img0649.png,339.8551033208956,203.75917798387408,328.56190605770627,192.91921241184968,326.6624274866466,206.5020930554184,300.2166697461172,198.24883301117083,299.11482717976617,187.085247321919,305.73382034474844,214.28949860645469,289.1277351737542,225.4063367359577
labeled-data,f042814_Video,img0650.png,343.3806729858064,213.95814737165185,331.97457131194926,199.55495040621116,326.8963391436464,211.68100554201894,308.3256511253359,202.11619336125972,308.22183703642713,186.71098664287817,307.4541741746843,213.0751311970882,288.3792138156725,225.15682961659712
labeled-data,f042814_Video,img0653.png,331.796658372528,216.098671811062,324.2012782328402,201.26128303333266,319.80180411896634,212.7684947199474,303.95927653652586,200.74390420477658,307.09905499930454,189.20605783648392,306.1386094812039,214.1883013223408,285.63463550270615,225.15682961659712
labeled-data,f042814_Video,img0664.png,265.62232319498315,174.2745697121624,273.9592619898177,184.19796833392627,279.2757924833812,176.12378392813542,295.8502951573072,202.11619336125975,280.5265467874033,205.04975991588043,307.15058232234264,195.16321190893274,289.25248873343446,229.77271132476776
labeled-data,f042814_Video,img0669.png,207.83469910012124,209.8917589559287,225.97758286866554,207.79772320060002,218.88359634864463,194.3591357285568,261.66781980490833,190.514112310993,263.18580199184333,201.4319066851521,258.27229409534203,175.5309387908414,298.2347450304152,201.07939259830164
labeled-data,f042814_Video,img0672.png,169.83938083853616,199.47368781968765,190.84305315037614,204.2200871782742,188.18028017360967,190.71666075178666,235.0953115930071,188.6428089157887,236.98755445898297,200.55863176739007,233.58015677155709,175.834530643183,281.26826091389603,189.22780442867432
labeled-data,f042814_Video,img0674.png,150.6374458031114,192.93685887145796,162.96310487564133,199.3604451146869,163.53030080152715,188.12243528857974,197.91875842263443,195.12999401916366,196.9416694159637,205.17451347556073,197.85751547936002,183.52552423583734,250.454131672865,184.86142983986426
labeled-data,f042814_Video,img0675.png,134.39750515084737,193.44754863303837,143.33001975795935,199.55496197801992,143.76992494959615,187.08236101206185,183.44734549972108,192.7596763852382,182.22074937368976,202.92894940131555,184.1958821239872,179.98361929185177,231.11732992242042,180.37030169137387
labeled-data,f042814_Video,img0677.png,115.84066852733685,193.4563945117164,124.84173536534007,201.68346558708473,127.19377103185982,188.1356410448699,162.61350103311304,193.25869062395935,160.88789066836057,205.54877415460157,164.3612144376681,180.79319756476275,209.53497171208372,189.22780442867423
labeled-data,f042814_Video,img0678.png,107.0383452079713,189.8206522711089,114.29619783051855,199.34086222157876,116.99373622625002,187.29255499356003,153.38173761677177,196.7517902950074,150.65809877457698,206.2972955126833,153.2295131851421,185.04348349754542,203.7963079667905,189.6020651077151
labeled-data,f042814_Video,img0682.png,123.49486271808948,212.20917027906037,132.52324645285643,207.13866254300444,125.99229502624343,199.87750865217947,159.993676279827,192.88442994491848,162.75919406356488,202.3051816029141,152.9259213328005,180.18601386007953,208.41218967496113,183.489140683381
labeled-data,f042814_Video,img0691.png,170.18544728168058,214.50542853628616,172.14808190490055,199.74455449214452,159.2678653179739,201.33433884000928,173.2175536059375,182.6546380511349,184.21680632857436,189.70507207520507,161.93247961893516,182.00756497412925,207.78842187655968,177.12670913968634
labeled-data,f042814_Video,img0693.png,190.6604225816306,215.2708479553614,178.5942273851374,195.38392666727844,169.12404015518302,206.72107330640017,170.47297529297117,186.5219984012238,184.09205276889406,183.34264053151037,159.2001529478606,190.20454498735296,208.6616967943217,177.25146269936664
labeled-data,f042814_Video,img0696.png,202.14171386775956,216.03626737443668,193.57203600098183,196.5214817520261,184.60722462460558,208.54262442044987,172.59378580753605,186.27249128186324,186.7118775221801,181.47133713630606,163.95642530121262,187.97820473684774,205.91711848135537,172.01181319279456
labeled-data,f042814_Video,img0697.png,210.36997262281864,213.54865426244206,198.88062639647097,196.90066678027534,190.99664607086618,209.13971989663156,173.3423071656178,187.52002687866613,183.96729920921376,181.97035137502724,165.17079271057906,191.11532054437782,,
labeled-data,f042814_Video,img0704.png,276.96146208236667,199.00568530001206,264.8588213118363,187.98981861641852,262.0128326078018,200.16372895602598,215.75851745691557,191.63689434811562,214.15766065184337,176.73070186845516,217.2873940292236,203.36019192215642,179.09510315009354,185.85945831730646
labeled-data,f042814_Video,img0706.png,291.50443104479666,204.3636212335389,278.88866735705767,191.40248387066157,273.2560393317661,204.5959303400088,229.23190190238662,190.13985163195215,230.0013627312399,175.35841271197202,228.6214898499773,201.94342994456218,190.82193776004056,200.70513191926068
labeled-data,f042814_Video,img0711.png,303.17707718569443,244.16543102545262,305.62121184862815,230.45854178033184,292.8834889795139,234.4197774386609,280.37567427308585,206.2434659364217,286.01570341333604,197.56454633506317,270.2135736207791,214.5930904587963,,
labeled-data,f042814_Video,img0714.png,,,,,,,,,,,,,278.77970180587806,273.9050432608836
labeled-data,f042814_Video,img0717.png,,,,,,,,,,,,,269.37679664143997,434.4966774296804
labeled-data,f042814_Video,img0724.png,302.5856650578397,405.489173050721,295.73297400456454,414.2088431219836,305.773738053702,415.5504851257109,299.22586761580766,448.47821927240085,287.0743372981343,447.3329019767639,310.6330437444586,450.8220416705713,,
labeled-data,f042814_Video,img0728.png,299.0230287392269,396.87256428012245,292.3203087503215,404.5396249016283,304.28376250472934,406.0311071707641,297.9124443238838,434.6051857514548,285.6788250504652,430.4225770932439,307.6983225051562,436.6544218946291,289.88309829880325,468.7934321069419
labeled-data,f042814_Video,img0733.png,299.3544367688653,391.4043317910888,288.14927343958004,390.50977885640697,301.4577225175479,401.2279774686397,290.4423493510667,418.51575042538724,277.2236626087052,415.7286540148454,300.1085261966158,421.47482927754817,278.39064449446926,459.68155801921995
labeled-data,f042814_Video,img0741.png,307.9875802942629,424.4571412406643,290.8035686373246,423.4988763140896,295.07392214607245,435.26939527910866,278.5394507680065,427.54553555736396,279.6042423253172,415.4002981918644,278.1487155439054,433.92209522355455,,
labeled-data,f042814_Video,img0759.png,328.58569732031265,434.68643262130604,316.3985580441473,428.6178741954542,314.2326899883882,440.37089671489554,288.4933529672598,425.87673338069294,294.4836672041009,412.6135224413059,284.4802704303693,433.08066934553483,,
labeled-data,f042814_Video,img0761.png,322.4574201813473,432.1329838134038,309.9524125639105,428.6178741954542,309.09208626101554,439.60283263799624,288.4933529672598,425.00345846293095,291.6105537530174,414.17321260046555,284.8544993509359,433.54481326334627,,
labeled-data,f042814_Video,img0768.png,321.7424545151347,410.581875874709,312.03793021928124,412.12332546661287,317.6545038310866,420.98302620058485,289.6161350043824,425.87673338069294,289.88668568236733,414.9120132021727,290.5931630962291,435.91513089727175,,
labeled-data,f042814_Video,img0773.png,310.40514180804877,399.4488390722553,299.5248242870568,404.3500323875037,309.5746883808488,411.1306145017702,289.6161350043824,424.1301835451689,284.71508147041703,416.8821481400586,293.4624949688757,434.54284174078856,273.06501358384526,432.16149114417533
labeled-data,f042814_Video,img0784.png,295.23201278856396,361.6621505571077,288.630047331149,370.69284597116535,296.6717659008116,372.198318863821,286.65114570961305,399.1101837277108,272.2679836030271,398.57747402005947,298.637114131768,396.38004647599774,,
labeled-data,f042814_Video,img0785.png,296.20389614042716,364.8613885637909,286.57746721637193,372.6914108197641,296.29365903756315,376.6275706904452,286.5767019993791,395.6831661763413,273.8661127259811,394.78191735304375,299.05457789467016,397.4332731337095,,
labeled-data,f042814_Video,img0787.png,297.1152682219328,362.0444203118645,288.68406259732734,368.74829638874496,298.71332922966536,373.1407440736548,,,,,,,,
labeled-data,f042814_Video,img0791.png,303.97634153410587,371.81731141840163,296.0841540637605,372.6914108197641,299.6195033053359,380.33045837194896,281.9133405329259,391.06735898661844,271.73452235303836,384.4260489662846,,,,
labeled-data,f042814_Video,img0793.png,294.4476508371413,299.31686051542283,288.92450809197516,309.59033424511244,299.67228283901903,310.76300158649167,294.067044478102,345.0235190404705,282.25903990088113,344.9591081618742,304.1914277471875,345.8683473132787,291.2965311097171,388.2278050505612
labeled-data,f042814_Video,img0794.png,290.1815195879205,263.11809611373945,294.38386806412814,275.4579801816421,284.2693360883477,274.04881412903313,287.5227423537764,317.4439458225089,277.1991756951875,317.5346441670147,299.5123572697087,319.18943669607484,286.3237242502545,366.20537467294116
labeled-data,f042814_Video,img0797.png,309.0024276209599,189.25194697982272,298.157955785721,193.87288539615528,305.765762358335,201.0553077752095,287.7564674296452,239.61350269093134,274.2644544558852,236.17202773946093,299.0949232610037,242.19494956621386,284.1971035442983,286.52000578167656
labeled-data,f042814_Video,img0801.png,336.0285224066927,180.8522741716463,323.2262447636557,181.2618443152311,328.24997941833084,190.3136898643246,292.89841909875815,212.03394373841633,284.28298558315856,202.87812126599678,303.5860514094941,221.61061221896642,285.4274490156079,248.84067572281774
labeled-data,f042814_Video,img0805.png,364.1071665236612,189.41437192928694,352.7763145002938,183.46947160981028,354.16078627537485,196.41015699890008,315.56975145802903,195.67318842760233,309.4811093275129,182.3350725908806,314.5643646613594,208.8857491315771,286.50400130300386,230.69308002100001
labeled-data,f042814_Video,img0810.png,457.1570230368435,192.8140283918795,445.9652557366649,183.98555741105284,444.9566105973183,200.52445937495776,407.1899811985873,189.36261137914545,410.98198529372735,176.76922196461757,406.13347746669047,202.39856402820212,359.555773048807,184.40133166297343
labeled-data,f042814_Video,img0811.png,465.4672943898476,192.8140283918795,456.28217157672873,187.44253444646685,457.1069372789944,196.72387991223715,409.52723195727503,187.96026092393282,410.88078800961347,176.5668273963898,409.62657713773854,200.65201419267808,363.0930162788223,188.39995444472987
labeled-data,f042814_Video,img0812.png,459.29754747625367,185.88880226437607,448.3959427146904,183.3373742169127,450.4652643026031,196.35643190901325,408.8260567296687,190.76496183435808,411.3867744301828,179.70394320391986,409.62657713773854,201.15102843139925,360.1709457844618,189.47650673212587
labeled-data,f042814_Video,img0813.png,450.60953651629484,188.78480591769568,442.56229396742924,184.52571007283626,443.1684707491133,199.20294609212138,409.05978180553745,190.29751168262055,411.28557714606893,179.80514048803374,409.37707001837794,201.15102843139925,359.24818668097953,189.47650673212587
labeled-data,f042814_Video,img0818.png,,,442.29104897602815,184.9606381167853,,,402.5154796812119,190.29751168262055,403.1897944169591,179.50154863569213,405.1354489892482,200.27775351363724,357.8640480257562,189.47650673212587
labeled-data,f042814_Video,img0822.png,451.99026741783405,188.05948201855324,441.48198864386234,181.8789620300974,441.77952403467873,195.13426275065254,406.2550808951122,190.29751168262055,406.83289664505855,178.99556221512276,407.38101306349336,201.77479622980067,360.63232533620294,189.47650673212587
labeled-data,f042814_Video,img0823.png,459.383112423989,189.80688174728078,450.88064495889427,184.6877558713713,451.39257065885397,195.49560454831956,407.8911564261936,190.76496183435808,408.24965862265276,179.40035135157825,412.4959090103851,201.77479622980067,363.70818901447717,190.3992658356081
labeled-data,f042814_Video,img0826.png,467.58244961263364,192.42798134037207,459.5230875474293,186.1461680581866,460.19538829035406,198.63172448166594,417.9413346885508,189.83006153088303,422.01248926213947,178.89436493100888,416.363269360474,200.27775351363724,371.3978482101626,190.3992658356081
labeled-data,f042814_Video,img0840.png,457.6357126952615,189.80688174728078,447.96382058526365,184.2016184757662,448.70972389964163,196.16350285634155,412.0982077918315,191.4661370619644,413.5119173965742,179.80514048803374,413.11967680878655,202.772824707243,364.47715493404564,192.39857722648634
labeled-data,f042814_Video,img0844.png,449.23098260393823,199.5799834517877,446.45139313227,189.5491298274223,437.7545970742896,199.69367696826703,407.4237062744561,191.4661370619644,407.54127763385566,179.602745919806,411.3731269732625,200.02824639427666,362.6316367270812,191.32202493909037
labeled-data,f042814_Video,img0850.png,453.8234991183898,202.8330159828576,447.58571372201527,193.3301984599064,440.79428457939645,203.35294272937747,407.4237062744561,190.06378660675176,406.83289664505855,179.602745919806,408.8780557796568,200.02824639427666,362.6316367270812,191.47581812300407
labeled-data,f042814_Video,img0857.png,465.4961452592876,182.93211108690073,456.4982326414421,179.61032085060694,456.6035455535407,191.20518294887424,430.32876370959565,188.4277110756704,431.12024483238804,178.18598394221178,432.830739238272,202.27381046852184,,
labeled-data,f042814_Video,img0861.png,,,,,,,399.24332861904907,240.5484029944064,385.11024242062183,243.27959280044848,414.8558450007388,247.93254312202217,,
labeled-data,f042814_Video,img0863.png,,,,,,,339.44995846979134,353.4438474994478,319.3229971165403,361.50138359958294,355.76310082152924,349.23156972623667,,
labeled-data,f042814_Video,img0876.png,267.5614353083736,379.91957909015895,268.0470352455894,388.65082233706795,275.9512841514064,385.55971426705287,281.90747909601,417.02473520257666,270.96726567298083,421.088325307048,295.4528219213687,412.58398164033713,299.00908142579397,451.25918306076056
labeled-data,f042814_Video,img0880.png,273.29748092229426,407.88276031837205,275.76000563407007,415.66638786317674,282.9909286518563,410.02582311750643,293.27389477478164,425.5495469616554,287.22087891053894,436.6031379428989,301.69158255800716,409.3004234105274,304.76100807669457,443.3102201893961
labeled-data,f042814_Video,img0885.png,285.48655671343784,438.35544979623097,289.563700914108,441.0114110644134,289.9053734816132,435.28269113955946,,,,,,,,
labeled-data,f042814_Video,img0896.png,246.8819905356399,396.5470922972942,245.39893245948127,404.05294611958357,253.31143942666685,399.78650298420825,279.68467835318796,418.4515383835243,276.96747089748885,428.00726332905873,281.9181908453062,403.847799121013,297.90773463037794,430.63204822738675
labeled-data,f042814_Video,img0901.png,247.76338295186758,394.9102206671571,247.03931107249403,403.0674118166766,254.5589750234697,399.46664218325225,275.01017683581256,418.21781330765555,273.5645091282532,428.97953812026896,279.8942451630287,409.413649747276,298.0719125418684,426.85595626310555
labeled-data,f042814_Video,img0910.png,236.83990543204945,431.45612801316474,250.4187526592819,435.53113153596206,247.7573750461976,421.8269232950394,279.91840342905675,421.4899643698183,280.23865770635,430.9742416058055,275.94755108258767,408.50287419025113,299.8583652894056,429.7044715217231
labeled-data,f042814_Video,img0956.png,301.3885555527934,468.7445154960696,301.66763215949044,459.5949751359827,290.6398382555089,466.2186824523142,284.82663002230095,429.6703420252253,,,271.0280931673284,434.04409526968584,,
labeled-data,f042814_Video,img0961.png,264.58852297720614,465.20605082534007,268.7497178039303,456.67828592563933,273.0372062272558,464.8292963183771,284.12545479469463,436.2146441495509,294.90248843610163,436.54231824010867,272.74844699726424,433.5381088491165,,
labeled-data,f042814_Video,img0972.png,287.2909356516293,232.19442316295232,277.7425161181514,242.8133385217199,289.55243911969694,244.7587553581255,280.61957865666307,288.50041046593407,269.00325083048875,287.40855981115965,294.34024712620635,288.601492008677,282.6365634581488,335.2438399189582
labeled-data,f042814_Video,img0973.png,294.3304415324511,213.64615899542446,282.6579053403807,220.1269267268153,294.62286704100114,225.25144048299387,281.7882040360069,260.92085151341905,268.53712983629384,258.9085904518135,294.2313505898532,261.4472688953292,284.77087630752516,308.5649293017543
labeled-data,f042814_Video,img0979.png,315.5600221070912,230.0713018084989,297.13605389822874,226.12197509389014,309.36903470768914,240.05162341586023,286.2289804775136,249.00087264411172,279.52426755660247,237.33384729193457,296.6285442742842,259.91572848583166,284.032075705818,267.02791769466137
labeled-data,f042814_Video,img0983.png,310.2824486586344,211.4445719904161,294.91165282611416,210.5372559968677,303.8054622913197,221.20029551961804,284.12545479469463,244.79382127847384,276.727541591433,235.802306882437,298.2266733972382,251.05942959612827,283.29327510411076,267.02791769466137
labeled-data,f042814_Video,img0985.png,311.98989889195866,207.71922602679956,298.7571496224414,199.91154116491106,304.9397828810649,214.50240251350334,283.4242795670883,234.5099179402479,271.3338558014633,228.67731454260044,298.69279439143315,234.9449609396755,285.67385482072285,265.38613857975656
labeled-data,f042814_Video,img0994.png,338.3777661342426,204.30432556015103,329.62233363035665,191.41096929934574,324.3852787052689,204.61760880286633,297.91523427095206,191.03705382865635,304.2952689623894,179.06872301757036,298.026907256869,205.64592701885235,275.3306463968222,208.74474909491448
labeled-data,f042814_Video,img0995.png,335.58375666153023,209.73712175709184,327.39599337985146,195.2564660956729,321.5224695978166,207.85852477356698,299.08385965029595,191.9719541321314,301.831486564502,178.8023681637447,295.7628909993508,207.4438222821756,274.3455789278793,207.67759267022635
labeled-data,f042814_Video,img1002.png,345.51801256450767,202.9073208237948,335.694170677189,194.34569053864803,334.5568259045669,205.7750067619644,301.1873853331149,192.67312935973771,305.02774481040996,181.46591670200132,299.6916250932794,207.71017713600125,276.4798917772556,207.4313258029906
labeled-data,f042814_Video,img1010.png,325.4942780100687,189.09249620871674,309.9900605122653,190.398996458207,320.60170342787563,199.7004240368164,299.3175847261647,200.15233178753843,293.77425223627563,186.92619120542747,303.02106076610016,210.2405482473451,279.3530052283391,208.90892700640498
labeled-data,f042814_Video,img1019.png,354.52093197658104,199.02675211169424,333.4678304266838,187.56547250301855,331.27326767475716,201.7526479304475,304.4595363952777,192.43940428386898,305.36068837769204,181.6656828423706,303.6203591872079,204.5805076035497,275.41273535256744,206.03581355532148
labeled-data,f042814_Video,img1020.png,348.0015765402521,205.85655304499127,337.2121299388971,192.11935028814284,332.5866909666811,204.625761381531,303.52463609180256,192.9068544356065,304.09550282202014,182.1983925500219,305.3516657370747,205.24639473811385,277.13660342321754,208.33430431618828
labeled-data,f042814_Video,img1021.png,344.1210078281515,215.16991795403266,337.0097353706694,198.1911873349752,327.49717571047603,210.53616619518846,305.6281617746215,196.17900549776928,304.6282125296715,184.1960539537144,304.8855447428798,205.91228187267802,275.82318013129367,208.33430431618828
labeled-data,f042814_Video,img1022.png,334.186751925174,217.96392742674507,329.52113634624277,199.81034388079718,321.5867708968185,210.86452201816945,303.99208624354014,196.17900549776928,305.2275109507792,187.0593686323403,302.08881877771034,207.64358842254484,275.9052690870389,208.33430431618828
labeled-data,f042814_Video,img1023.png,333.87630642820596,214.8594724570646,324.2588775723214,198.49477918731682,321.0121482066018,212.17794531009332,302.3560107124587,196.17900549776928,306.4261077929947,186.79301377851465,296.42877813391493,208.6424191243911,276.4798917772556,208.0059484932073
labeled-data,f042814_Video,img1025.png,339.77477087059884,217.18781368432496,328.0031770845347,199.91154116491106,323.80317270194007,214.47643607096012,302.82346086419625,197.11390580124439,306.3595190795383,186.79301377851465,302.22199620462317,209.9741933935194,275.98735804278414,208.33430431618828
labeled-data,f042814_Video,img1027.png,341.17177560695507,217.18781368432496,329.72353091447053,199.9115411649111,327.82553153345697,215.05105876117682,303.7583611676714,200.38605686340716,306.3595190795383,187.5254896265352,301.48952035660255,209.5080723993245,276.15153595427466,208.33430431618828
labeled-data,f042814_Video,img1033.png,346.60457180389585,217.18781368432496,337.11093265478326,199.9115411649111,332.8329578339168,214.14808024797915,312.4061889748159,200.38605686340716,315.4155841096109,189.78950588405337,308.81427883680834,209.70783853969374,279.1067383611034,206.77461415702868
labeled-data,f042814_Video,img1043.png,366.47308360985085,231.62352929333912,356.3384166364191,212.05521525857583,350.153727496163,223.4241322471916,318.7167660232727,201.32095716688227,320.54291504575497,189.72291717059696,316.07244860355775,210.70666924154,288.1365234930801,203.24478905998322
labeled-data,f042814_Video,img1047.png,376.25211676434435,209.73712175709187,355.93362749996356,198.7983710396585,354.4223531949157,214.39434711521488,325.02734307172955,202.95703269796368,327.4681412452222,192.18669956848436,322.59814252228654,212.17162093758117,285.5096769092323,202.01345472380459
labeled-data,f042814_Video,img1057.png,363.67907413713846,194.99096065110965,340.45044303054107,191.0061801628903,343.42243312505315,207.334696921124,318.0155907956664,202.95703269796368,319.94361662464723,193.31870769724344,316.9381018784911,210.3071369608015,280.99478434324396,209.1551938736407
labeled-data,f042814_Video,img1063.png,343.5001168342154,194.52529240565758,328.4079662209902,188.88103719649897,330.3702891615595,201.4242921074665,306.7967871539654,198.7499813323258,307.1585836410153,190.12244945133546,308.0818029887878,210.17395953388865,278.3679377593962,208.82683805065975
labeled-data,f042814_Video,img1072.png,357.9358324432296,206.0117757934753,344.80192624743756,194.85167695921746,343.42243312505315,205.69291780621913,314.2759895817661,198.7499813323258,314.74969697504673,188.99044132257637,313.07595649801897,208.1762981301962,275.57691326405796,208.82683805065975
labeled-data,f042814_Video,img1075.png,308.8854439222782,214.85947245706464,316.46668669555316,203.35224882478278,302.8704889869032,202.40935957640943,305.16071162288404,184.25902662846195,315.4155841096109,183.13063453841175,294.36452801676603,191.26276491226645,270.4873980078529,204.96865713063332
labeled-data,f042814_Video,img1076.png,299.41685626475277,232.7100885327273,308.37090396644334,212.76359624737293,294.41532654514316,213.73763546925295,297.91523427095206,189.86842844931246,310.0884870330976,189.32338488985846,286.9065921096474,191.72888590646136,268.02472933549564,203.5731448829642
labeled-data,f042814_Video,img1077.png,294.449728313264,243.57568092660892,303.31103976074974,224.4012839204683,286.20643097061884,225.5584450965679,294.4093581329205,194.30920489081913,309.02306761779494,190.98810272626886,280.7138417582007,194.59220058508726,266.8754839550622,197.08811737909002
labeled-data,f042814_Video,img1089.png,286.99903638603087,370.54788918654,292.60747516262046,359.31906701419007,281.421383014092,358.17934447270443,290.2023067672826,318.8846703288743,302.1255575877682,320.1500103686073,279.60865421483635,320.44158277955523,286.9925088786256,264.199195610027
labeled-data,f042814_Video,img1095.png,266.66485633462383,342.1421262139637,283.6009168764858,338.87721562318774,275.64174953300915,331.60383351295906,291.60465722249523,303.2250902456666,300.37900775224415,308.54792931834055,278.45962847778566,302.2686375666609,284.61192916201355,259.43803617680294
labeled-data,f042814_Video,img1098.png,266.8200790831079,325.37806937768914,283.7021141605997,324.6083985631317,275.85781059772256,315.02114679620735,292.0721073742328,293.642362135047,302.1255575877682,304.1815547295305,278.0600961970472,292.54668540202414,285.18655185223025,252.2962970269668
labeled-data,f042814_Video,img1119.png,265.56210160105957,369.6157303641446,280.3626037848419,355.9795566384323,268.9422811741589,352.55672261063626,283.65800464295705,322.85799661864337,292.3947799327058,329.63128090430916,274.9304266645956,322.2452516035858,285.84326349819213,275.9379162815967
labeled-data,f042814_Video,img1143.png,270.0930924097861,377.71442642470413,269.99385548521366,389.06891137027355,281.27850830478826,383.0636628279064,287.7719399007265,407.1700821734026,276.4716596242258,413.13138991368317,301.1006047580902,404.90123149072735,287.5059162595999,450.41877778557927
labeled-data,f042814_Video,img1146.png,292.5634419193257,380.8807029465029,279.84898507676326,384.0747578610424,288.8306922333506,388.89197868581863,281.5153869346143,412.4786725688918,268.07228504277435,409.48828768558377,297.108490848321,413.3844735489869,293.81649330805675,450.41877778557927
labeled-data,f042814_Video,img1148.png,293.28085466417065,403.0395773961023,281.7134690535429,401.9205330673618,289.6899222984771,409.77383946062787,282.4633495052374,419.6831881056271,269.8938361568241,411.71462793608896,296.6094766095998,427.4816257928594,292.4141428528441,440.1348744473533
labeled-data,f042814_Video,img1152.png,303.3246580360386,429.19334273703276,295.96345373321594,418.2347678641838,289.95627715230273,428.08573566114234,281.5153869346143,418.35604050675477,282.8470885233998,404.83321261634563,277.27267485915525,428.35490071062145,,
labeled-data,f042814_Video,img1171.png,304.57435142961344,429.28521511995797,297.0941516262629,422.26219652545467,298.4111507630354,434.780907422347,282.2656058882891,424.93571235201915,287.7182233399481,414.57661544671254,278.6246219612011,431.0438280355706,,
labeled-data,f042814_Video,img1172.png,312.6191348943616,418.88984714987004,301.749226695501,417.6071214562165,307.2767579835216,428.29587991847285,283.530791443961,422.0058089599368,286.98574749192755,408.18409895489657,281.55934320050346,430.2342497626596,,
labeled-data,f042814_Video,img1176.png,295.7522171360156,418.88984714987004,288.1887906242421,426.61367974235117,304.8140893111643,425.99738915760605,,,,,,,,
labeled-data,f042814_Video,img1177.png,292.84412786733526,399.9872669034478,282.4205454297513,412.5472572505229,299.2320403204878,414.5870243090173,,,,,,,,
labeled-data,f042814_Video,img1178.png,292.84412786733526,385.44682056004604,286.4684367943062,399.59400488394715,299.8887519664497,399.8110122748736,290.90811826500965,424.17591970336787,278.5778325210215,420.28755994254396,297.2449222381537,428.3115013644961,292.9072171154819,434.50995332269486
labeled-data,f042814_Video,img1181.png,310.87428133315336,379.0490241689493,299.3204918767681,390.89103845015404,312.28418428398135,394.88567493015887,295.34889470651626,418.0990677307798,283.65300759017384,408.4454847811883,295.11977927176235,426.69234481867414,290.9761444252458,432.8452354862844
labeled-data,f042814_Video,img1189.png,326.8687723108953,409.00234363635684,309.74381214049697,407.28499847660146,316.3886320712435,416.47507029115775,287.4022421269781,414.5931915927482,287.0364576362755,404.908241551173,288.3395612361329,426.3887529663325,291.1759105656151,433.24476776702295
labeled-data,f042814_Video,img1196.png,309.1294277719452,419.18065607673805,296.3857706374658,424.08374763950434,306.20960155883336,432.15406083849916,,,,,,,290.5100234310509,432.77864677282804
labeled-data,f042814_Video,img1202.png,305.6397206495288,414.52771324684954,294.1594303869606,417.80951602444424,302.51559855029745,426.0794781133512,,,,,,,282.42578792027064,432.67433181264875
labeled-data,f042814_Video,img1214.png,288.1238977764572,340.657646283035,282.2181508615236,351.8288867821992,295.19190490114227,350.932931255776,287.6132557772126,385.4786884894671,275.8095552105747,384.9151276423908,298.56047457845,384.7966691955307,,
labeled-data,f042814_Video,img1217.png,287.40267060429466,263.0733080847269,280.67473732564173,275.3071819172441,291.744168759842,277.4633158637837,286.6133629341349,316.4002857547257,275.04058929100614,315.40060851339416,297.18193289880975,317.02098011608905,288.26992890899163,365.0053308906165
labeled-data,f042814_Video,img1218.png,284.91711038200657,233.41228943208966,276.8073769755528,250.6059771005472,290.5949233794086,248.15755866273201,286.3796378582661,283.67877513309776,275.3481756588336,284.79576491456595,297.51487646609183,284.7254540897271,284.2713061272352,336.70738505049394
labeled-data,f042814_Video,img1222.png,316.5665772124742,196.791702157046,297.26696076312,194.7163823637783,307.91569304165483,207.35934765734632,287.7819883134787,220.33927957266067,276.11713219161106,214.35848668208692,301.3104331331075,223.86336999056272,286.2706175181134,254.12044528883195
labeled-data,f042814_Video,img1227.png,315.90176984777213,211.96060425753205,298.5144963599228,204.44716001884075,303.48288943141176,218.2771787714636,290.8204142997728,226.6498566211175,279.346789053799,216.20400488905142,303.5078606771692,232.45331402644035,289.80786074812875,253.5052725531771
labeled-data,f042814_Video,img1231.png,316.0569925962561,224.06797863928588,302.0075960309709,214.42744479326376,305.2888464578071,228.70247615110947,286.84708801000363,226.6498566211175,283.34541183555547,212.97434802686354,298.18076360065595,241.9755000507079,289.5002743803013,253.96665210491824
labeled-data,f042814_Video,img1234.png,319.62711581138865,225.77542887261012,302.8808709487329,219.54234074015557,308.81867155485253,234.69496992051216,287.08081308587236,225.7149563176424,287.80541416905305,214.35848668208692,291.78824710884,241.77573391033866,287.0395834376819,250.12182250707548
labeled-data,f042814_Video,img1244.png,321.0241205477449,227.01721086048232,305.8749563810598,219.54234074015557,309.311205289324,231.90394542517393,288.24943846521626,227.3510318487238,285.03713685860623,214.35848668208692,298.4471184544816,242.70797589872848,286.4244107020271,250.12182250707548
labeled-data,f042814_Video,img1251.png,331.4240446961744,222.36052840596162,311.1146058876319,216.79776242718924,317.9305456425745,232.72483498262636,287.08081308587236,227.11730677285502,285.03713685860623,212.97434802686354,293.0534326645119,241.44279034305657,285.3478584146311,250.73699524273033
labeled-data,f042814_Video,img1257.png,329.8939943566727,240.99698051698016,313.60967708123763,228.2750899177757,312.92311934211466,239.62030726522676,287.08081308587236,227.11730677285502,285.9598959620885,211.28262300381272,290.7894164069937,241.44279034305657,284.88647886289,250.12182250707548
labeled-data,f042814_Video,img1258.png,333.91244630681786,235.4476897286845,317.227530311966,224.90674380640792,314.97534323574575,236.99346068137896,294.5600155136731,223.61143063482345,295.8026597325659,210.20607071641678,292.6539003837734,239.57830636627693,283.1947538398392,246.7383724609739
labeled-data,f042814_Video,img1265.png,331.23347834005443,227.79349553793188,312.61164860379535,219.0433265014344,315.54996592596245,233.87408036305976,291.7553146032478,224.54633093829855,290.1123119277587,210.05227753250304,292.6539003837734,238.7126530913435,278.58095832242793,244.12388833444084
labeled-data,f042814_Video,img1274.png,321.8570904563824,222.62691445917383,306.37397061978095,218.54431226271325,312.5947635191337,232.2323012481549,291.7553146032478,224.54633093829855,291.03507103124093,212.5129684751224,292.6539003837734,241.97550005070792,279.8113037937376,246.8921656448876
labeled-data,f042814_Video,img1275.png,319.75218705392547,220.52201105671685,304.37791366489637,218.04529802399207,311.52760709444556,230.67261108899527,288.483163541085,231.5580832143617,284.8833436746925,215.7426253373103,291.18894868773225,242.44162104490283,278.11957877068676,247.35354519662872
labeled-data,f042814_Video,img1284.png,338.12225311173177,232.19465719761462,321.71865846045637,222.53642617248244,320.5573922264223,236.09048216818132,288.95061369282257,229.92200768328027,287.19024143339817,214.51227986600063,290.72282769353734,243.10750817946698,278.88854469025534,248.43009748402469
labeled-data,f042814_Video,img1294.png,331.23347834005443,235.6390445834533,318.35031234908854,225.1562509257685,319.0797910230079,237.81435023883142,290.3529641480352,228.28593215219888,288.881966456449,214.51227986600063,291.78824710884,244.17292759476965,279.50371742591017,251.19837479447145
labeled-data,f042814_Video,img1297.png,340.4185113689576,235.6390445834533,322.8414404975789,226.9028007612925,320.2290364034413,239.53821830948152,290.3529641480352,228.28593215219888,289.3433460081901,214.51227986600063,292.5207229568606,244.17292759476965,279.9650969776513,249.50664977142065
labeled-data,f042814_Video,img1316.png,316.88186423239324,258.79298201048005,310.49083808923046,242.3722421616482,302.0052882279974,253.00080705170134,289.41806384456015,231.5580832143617,294.1109347095151,216.81917762470627,283.86419020752646,239.77807250664617,279.6575106098239,250.12182250707548
labeled-data,f042814_Video,img1322.png,341.37528564280166,271.4224024252219,322.71668693789866,254.97235168935723,321.54245969536527,269.09024237776896,290.3529641480352,238.8035605662936,297.8019711234441,227.27711413083853,280.60134324816204,246.63670999265702,271.9678514141384,246.7383724609739
labeled-data,f042814_Video,img1323.png,338.88767253080704,269.70020873230254,320.8453835426943,256.4693944055207,320.4753032706771,268.2693528203165,291.98903967911656,240.43963609737497,297.8019711234441,227.27711413083853,281.06746424235695,249.10049239054442,270.1223332071739,249.50664977142065
labeled-data,f042814_Video,img1332.png,330.85076863051677,255.34859462464135,314.3581984393194,248.73467370534286,317.2738339966126,262.76939278538526,289.41806384456015,247.4513883734381,295.0336938129974,234.65918695869658,281.7333513769211,253.0958151979294,270.1223332071739,248.43009748402469
labeled-data,f042814_Video,img1333.png,331.80754290436084,253.05233636741556,315.60573403612227,249.85745574246545,320.22903640344134,263.0977486083662,289.6517889204289,249.3211889803883,293.03438242211917,236.3509119817474,282.33264979802885,254.1612346132321,270.7375059428287,250.27561569098918
labeled-data,f042814_Video,img1351.png,312.0979928631728,197.94213819399658,297.6412214421608,200.0807854300307,304.71422376759045,208.3444251469137,289.41806384456015,218.00202881397294,275.65575263987,216.51159125687886,297.3816990391789,223.19748285599852,283.80992657549405,232.12801998917146
labeled-data,f042814_Video,img1354.png,287.79592630753325,175.36227701064973,284.29259055637004,192.9698325282543,299.7067974671306,191.43410026339365,293.15766505846045,214.72987775181016,277.34747766292077,216.35779807296512,305.23916722703603,215.07365981431573,284.5788924950626,234.89629729961825
labeled-data,f042814_Video,img1356.png,243.10055331805944,186.46880929000383,256.7220538670265,194.59162880409804,262.0279667800641,181.2550697509836,285.67846263065974,203.51107411010915,275.65575263987,216.81917762470627,294.71815050092226,194.23139250245745,289.9616539320424,235.66526321918678
labeled-data,f042814_Video,img1360.png,213.52911467064348,206.05638290533904,231.02282057288727,200.45504610907156,224.10286922576194,190.53112175019604,256.2291030711946,189.02011940624533,256.12401828282884,203.74675699204096,255.76375312891878,176.65197214996354,292.1147585068344,204.59904006861746
labeled-data,f042814_Video,img1363.png,187.50485442208452,207.0131571791831,203.07802320450284,204.94617425756192,195.61800158216263,193.65050206851527,234.49267101539886,189.48756955798288,235.27948143693934,197.99126503225713,235.3876068112554,176.98491571724563,278.4271651385142,189.83489441290132
labeled-data,f042814_Video,img1367.png,146.1722057920203,190.55663966906496,162.40836274872908,198.45898915418695,162.53615241682976,185.11325067101,202.47233562137723,193.69462092362076,202.45124570292612,204.98307994518083,201.02783066774464,182.04565793993328,247.6685283557723,179.83833745851018
labeled-data,f042814_Video,img1369.png,,,130.9704695164731,200.57979966875183,129.6184811629874,186.09831813995288,167.64729931693034,190.65619493732683,164.36250160585604,202.6524749742063,166.73464323769025,180.24776267661002,216.1409256534618,186.6052375507134
labeled-data,f042814_Video,img1374.png,120.72201010776777,188.45173626660798,128.35064476318706,199.20751051226864,134.54381850770199,182.40431513141695,155.25987029588543,189.0201194062454,152.4431218971575,202.85224111457555,154.215965107884,180.1811739631536,204.29885049210617,182.76040795287068
labeled-data,f042814_Video,img1380.png,121.1047198173054,180.22347751154888,127.22786272606446,191.47278981209084,131.01399341065655,178.38195629990005,155.02614522001667,189.0201194062454,153.37536388554736,200.18869257631889,157.21245721342274,179.58187554204588,203.99126412427876,182.76040795287068
labeled-data,f042814_Video,img1385.png,145.9408966781076,210.18582376413394,155.92118145253062,193.09458608793457,140.94675705583091,192.7475235553176,173.95787636538716,184.11189281300122,180.2844282743932,201.0560051885487,168.73230464138274,175.2536091673788,211.52713013605054,179.9921306424239
labeled-data,f042814_Video,img1390.png,197.83801657960058,205.86502805057023,188.1075998500448,195.21539660249945,182.81212448590477,208.42651410265893,173.02297606191206,189.0201194062454,180.89960101004806,185.36910042935034,163.73815113215153,194.0316263620882,203.37609138862393,173.8404032858755
labeled-data,f042814_Video,img1394.png,268.06523660038255,196.29728531212942,247.86455112972607,189.60148641688653,249.14000072806095,203.25489987008416,210.18526312504673,196.96677198578365,209.65892640191174,183.5235822223858,210.28366183818648,210.8119821531051,200.45402089426346,172.91764418239325
labeled-data,f042814_Video,img1398.png,284.7131089652695,199.74167269796808,269.44691695441577,191.22328269273027,268.5950832396835,203.25489987008416,233.5577707119238,196.03187168230855,231.95893572270185,181.83185719933505,233.19017926719368,206.88324805917654,193.84091398597394,197.06317405684567
labeled-data,f042814_Video,img1400.png,283.7563346914254,200.31573726227452,269.82117763345667,191.09852913305,269.66223966437167,204.6504121177533,232.15542025671118,190.65619493732683,232.2665220905293,180.75530491193908,233.45653412101933,205.8844173573303,194.91746627336988,198.13972634424164
labeled-data,f042814_Video,img1404.png,284.90446382003836,203.3774149385756,272.565755946423,191.09852913305,271.05775191204077,204.97876794073426,235.19384624300523,191.35737016493314,234.1120402974938,180.60151172802537,233.92265511521424,206.15077221115595,197.37815721598926,201.36938320642952
labeled-data,f042814_Video,img1405.png,301.3609813301565,213.32786738655403,288.5342115854998,197.58571423642496,282.1397609376486,208.75485990501542,248.74990064339397,193.22717077188332,250.87549734408813,182.60082311890358,248.37240593525658,203.8201672401814,204.76023004384732,197.98593316032793
labeled-data,f042814_Video,img1409.png,,,,,,,255.9953779953259,211.69145176551626,264.56309071240827,221.51049864907213,242.11306687035346,199.95802185970925,,
labeled-data,f042814_Video,img1428.png,289.10117479840784,402.9036503221422,277.1693427555958,403.288545770622,288.1204504114132,411.16365832645397,276.8995496353953,425.8373306674781,265.6512228948366,426.2575728607327,295.22038454845733,428.88300693168856,286.45425706003533,448.63859567882326
labeled-data,f042814_Video,img1433.png,314.02283516353356,415.56875640933725,300.6471126700143,410.16996109036535,302.48601766683066,424.05162437845706,287.41717804949,418.59185331554625,285.98605312272355,406.42175687156697,288.46847627616427,426.93845734926816,282.0594019719118,432.99024801656543
labeled-data,f042814_Video,img1434.png,312.18435202184395,415.7730323139694,299.7363371129894,413.61066875023704,305.8516648523856,423.96953542271183,286.4822777460149,419.5267536190213,283.49098192911777,410.1643636619756,,,,
labeled-data,f042814_Video,img1447.png,310.0674549250499,457.01543216529143,298.8267624412884,438.7499279553906,287.57448670721107,446.9655058008064,283.21012668385214,418.59185331554625,293.5974209205025,415.5794459490607,271.5827506264188,426.8134945630779,,
labeled-data,f042814_Video,img1452.png,330.2404279322436,467.6903491512198,316.48724239388883,462.19023227942984,313.1031123171765,473.0000836735204,283.67757683558966,435.88750892983535,297.59604370225895,431.2769765556827,276.6587581816102,441.2769337856423,,
labeled-data,f042814_Video,img1453.png,331.1972022060877,471.5174462465961,316.9932288144582,462.89861326822694,312.49592861249323,472.2917026847233,283.67757683558966,435.88750892983535,295.442939127467,430.3542174522005,275.85969362013327,440.9439902183602,,
labeled-data,f042814_Video,img1459.png,322.4958349886887,477.4115879902282,317.2968206667998,468.2620693262621,307.942050827369,476.23839676516434,282.27522638037703,435.88750892983535,295.442939127467,430.5080106361142,274.9274516317434,440.54445793762176,,
labeled-data,f042814_Video,img1461.png,,,,,,,283.67757683558966,437.5235844609167,294.9815595757259,433.8914606822158,274.7942742048306,442.14258706057575,,
labeled-data,f042814_Video,img1463.png,,,,,,,285.3136523666711,438.92593491612934,295.7505254952945,434.9680129696118,274.7942742048306,442.14258706057575,,
labeled-data,f042814_Video,img1467.png,,,316.1884400353697,470.55517813812884,306.72768341800247,477.65515874275854,285.3136523666711,438.9259349161291,295.7505254952945,436.0445652570077,275.0606290586562,442.60870805477066,,
labeled-data,f042814_Video,img1470.png,,,315.74063010923095,464.7273630210649,307.0312752703441,476.13719948105046,287.41717804949,439.8608352196044,296.3656982309493,436.0445652570077,275.5267500528512,442.60870805477066,,
labeled-data,f042814_Video,img1473.png,326.5146139328793,460.47423210524875,321.86478867401144,457.05730353567753,322.210867887425,467.0294439108019,,,,,,,,
labeled-data,f042814_Video,img1479.png,336.5383936837053,454.37763737411206,328.1295089309727,454.8382390025613,327.0683375248909,462.5767634097915,286.2485526701461,443.1329862817672,297.13466415051784,438.50525619962707,278.0941006828723,446.6511957611018,,
labeled-data,f042814_Video,img1481.png,337.4576352545501,452.028464470842,328.7288073520804,452.3078678912175,329.90186148007933,459.8444367387169,289.52070373230896,442.66553613002964,299.5953550931372,436.0445652570077,281.3171734229907,449.87426850122023,273.31583910451593,424.09768362925945
labeled-data,f042814_Video,img1483.png,,,,,,,,,,,,,272.16331659516936,424.09768362925945
labeled-data,f042814_Video,img1491.png,316.2025707672281,442.813135792593,295.5899738218533,444.08919534154103,303.9605508374301,457.9005441625416,277.60072486300163,450.6121887095679,283.7659880433596,439.9018072744253,275.81899051337695,456.13082146733245,,
labeled-data,f042814_Video,img1498.png,306.42353761273466,442.03702205017294,305.4327375923307,453.7781659281048,294.1177870669527,445.2895030816174,278.30190009060794,450.3784636336991,282.5346537071809,438.7525618939919,277.36034747365886,454.61678847611216,,
labeled-data,f042814_Video,img1500.png,307.3548741036388,439.2430125774605,293.4368692470613,445.1657476289371,305.49848267656716,451.9026099899069,282.97640160798335,447.1063125715363,282.5346537071809,438.1779392037752,281.7419440459902,453.6090212644759,,
labeled-data,f042814_Video,img1526.png,298.3582511323,383.6484740634532,291.2837646722694,392.41468554653466,303.3063096100482,393.6856390324197,,,,,,,,
labeled-data,f042814_Video,img1529.png,290.5147987527008,387.1857172934685,286.3623827870307,396.7208946961185,297.15458292104177,395.7958076684656,,,,,,,,
labeled-data,f042814_Video,img1558.png,285.4748535787869,340.49294778084976,279.53166631174224,350.3588412177543,291.15732252841497,352.66213375583794,286.7160028218837,392.8820949699814,275.6181657818538,394.90928217287876,298.8854269197031,391.32783216706576,291.00495184718056,428.208541115598
labeled-data,f042814_Video,img1559.png,285.2705776741547,322.10811636395374,278.3433304558187,332.6418339112573,290.6513361078456,332.8274660695189,286.0148275942774,369.04213723136667,272.78464182666534,371.93749867902966,297.0397653452999,368.8735430051579,295.99910535641175,410.96206433038617
labeled-data,f042814_Video,img1562.png,290.7860270992236,230.59251108873795,279.9297251288607,242.8143868320049,293.88964919948955,244.07744790165242,284.1450269873272,287.70581082903425,271.5045412233052,284.71663931860706,295.63988538175346,285.72415745252636,290.6573932277995,333.7768365928533
labeled-data,f042814_Video,img1569.png,330.0070007886018,201.17678082170434,314.056377671291,194.08909913017064,315.84945985219997,209.97395080209319,288.5858034288338,215.71848746145255,282.16227732925137,206.17685167680543,297.4614364958031,224.80339241597494,279.4039006536652,246.67879939186082
labeled-data,f042814_Video,img1571.png,361.7719039589054,189.02236449608972,351.5956954679644,182.71354828269386,354.20321817817364,194.7943581850123,307.2838094983355,197.95538169542593,303.4951360345806,186.46578924732,311.2242671352899,209.92739165123564,284.66440901672206,232.76175827946983
labeled-data,f042814_Video,img1572.png,393.53680712920914,188.92022654377365,382.4992752702763,182.90314079681846,383.9552197076523,194.18717448032905,340.47277027170105,191.6448046469691,343.7905358113135,179.10532922618304,340.3690849600852,203.04597633149228,297.8489742810925,203.79566792592874
labeled-data,f042814_Video,img1578.png,448.7934393322134,185.75395002197487,438.1401146394786,181.81525060412378,441.3340798002181,193.88358262798744,405.6820664390882,193.98206253838012,407.9138654869813,179.97860414394506,404.62936037239444,207.39745954838884,365.30334101244216,195.2723126035075
labeled-data,f042814_Video,img1580.png,,,,,,,406.6169667425633,193.2808873107738,408.662386845063,181.10138618106765,410.3976055668852,205.37351386611138,369.3652525332835,194.872780322769
labeled-data,f042814_Video,img1582.png,,,,,,,406.1495165908258,191.17736162795487,408.03861904666155,179.35483634554362,407.1592924752413,205.37351386611138,367.833712123786,194.40665932857408
labeled-data,f042814_Video,img1583.png,,,,,,,404.04599090800684,195.61813806946154,405.1692871740149,179.35483634554362,407.0580951911274,206.3854867072501,366.43534914120124,195.53866745733316
labeled-data,f042814_Video,img1593.png,451.3885484112952,190.53458792383492,437.73532550302315,186.06553653690642,439.46717701598334,198.6995612022015,401.4750150734503,195.61813806946154,402.05044818200776,181.6004004197888,406.2485169182164,205.9806975707946,363.4388570356625,195.47207874387675
labeled-data,f042814_Video,img1602.png,473.7406241929945,193.3285973965473,460.2011225763029,187.2799039462729,459.83093236521916,203.29085882736075,425.54869788793377,192.34598700729873,426.876406558385,181.6004004197888,424.05923892225803,201.42681978567032,374.2928173290584,195.53866745733316
labeled-data,f042814_Video,img1606.png,469.0927782366117,189.2101429679225,455.14125837060925,187.07750937804516,459.50684076814906,197.40319481392123,419.23812083947695,193.2808873107738,421.6367570518129,182.09941465850994,420.7197285465002,203.65316003617554,370.4306719485862,196.27114330535375
labeled-data,f042814_Video,img1612.png,454.6634743749181,211.52297497222693,445.6287136639052,195.37568667538272,439.1971006850916,207.01791219366652,411.05774318407,193.2808873107738,411.7812258370702,179.85385058426476,411.0047892715684,202.43879262680906,362.97273604146756,197.07020786683074
labeled-data,f042814_Video,img1616.png,452.90068954246266,207.1160128910884,441.07483587878096,190.51821703791683,437.3605816350279,205.7755610715646,408.95421750125104,192.34598700729873,411.1574580386688,181.22613974074793,409.1832381575187,202.64118719503682,364.90380873170363,197.07020786683074
labeled-data,f042814_Video,img1623.png,,,474.7735314887006,193.45293827721918,474.5851948439739,207.6360612992017,438.63730213658494,192.34598700729873,442.5953550781012,181.97466109882967,438.02446412997244,207.90344596895818,398.99723002138876,196.67067558609222
labeled-data,f042814_Video,img1625.png,,,473.2555722269925,192.2385708678527,473.775616571063,205.00493191224103,438.63730213658494,192.34598700729873,441.7220801603392,180.7271255020268,438.02446412997244,206.08189485490848,399.52993972904017,194.27348190166123
labeled-data,f042814_Video,img1626.png,,,469.5112727147792,194.16131926601628,469.0193442177109,205.00493191224103,438.63730213658494,192.34598700729873,441.7220801603392,180.7271255020268,438.02446412997244,205.5759084343391,405.3785948751201,195.17089085706755
labeled-data,f042814_Video,img1643.png,272.78426716120964,411.1955688202587,265.80287034934054,427.4339599430303,284.21791820743556,424.449282840346,280.02138568752207,457.20039987829784,268.3054188376,459.82282875831675,292.8693545389096,453.30211411620957,,
labeled-data,f042814_Video,img1654.png,269.7175977799107,381.0006702966999,269.4207235800689,390.5069062776653,281.50650863212513,380.97014688997496,285.6307875083726,411.1565599321499,272.1727791876889,415.28583840986596,299.1286936038127,409.4201519484313,284.2021957591712,447.51002948261106
labeled-data,f042814_Video,img1661.png,296.1381339880246,390.6724737300274,284.5159043013837,393.37623815031185,298.5076523632558,401.2096037127495,287.7343131911915,422.8428137255884,274.54309682161437,417.905663163152,300.7934114402231,429.5965321257253,291.2860056471423,441.33699515166484
labeled-data,f042814_Video,img1662.png,302.0355751059072,408.60069472839035,290.3793216063572,403.855537163456,291.92982889585403,417.50236645508306,284.22843705315995,423.310263877326,272.2975327473692,416.15911332762795,301.3927098613309,430.46218540065865,290.4764273742313,441.33699515166484
labeled-data,f042814_Video,img1664.png,306.51763035549794,400.58017480807007,293.62291415804475,401.1109588504897,300.4304007614194,410.82334570356744,282.5923615220786,420.27183789103196,273.7945754635326,413.2897814549814,295.93243535790475,430.8617176813972,,
labeled-data,f042814_Video,img1675.png,297.98928874685475,438.5370267545759,298.8625636646168,417.70318228796793,287.07235925838813,429.7472378328617,281.4237361427347,416.9996868288692,287.89172770740515,406.0540749935247,275.4231116133285,424.26943504921195,,
labeled-data,f042814_Video,img1678.png,298.1165057325002,466.2876963912106,296.7417531500519,446.77076169347487,285.6555972807939,452.3142321902552,283.9947119772912,425.41378956014495,291.2600738187729,420.6502414761183,274.69063576530795,433.65844364656664,,
labeled-data,f042814_Video,img1714.png,281.89554055416505,268.79569962481065,275.2190861363075,281.9220790074181,289.4743864931057,281.80834633232513,283.76098690142237,326.0806465813637,272.843961816694,326.03783490760827,296.2971597401057,325.5109877321722,287.93180966163834,372.37655307519327
labeled-data,f042814_Video,img1717.png,300.12869269021473,195.565684149483,287.604586839201,203.7469294095854,300.1001013250623,211.88102300963908,286.3319627359789,249.18509662053802,271.4271998390998,246.80036144644595,297.2001382533034,250.7279490482559,284.43870999059027,293.0332891185304
labeled-data,f042814_Video,img1718.png,309.7253872768598,188.00465205091407,297.3931277172942,192.09390455471254,308.09468677005833,200.5469271888853,285.86451258424137,228.38356486821738,275.4750912036547,223.32259153202745,296.4613376515962,232.25793400557632,278.70004624529713,272.4489517712829
labeled-data,f042814_Video,img1720.png,321.9393622053173,195.856493076351,308.8463864317978,192.2270819816254,315.2796939421433,205.80918596280668,294.97979054312344,219.2682869093353,282.5589010916258,212.7980739841847,305.7373896508086,225.19828381148542,284.5634635502706,253.73591781923977
labeled-data,f042814_Video,img1725.png,321.9393622053173,200.21862697937155,313.70736251411614,194.95721923333844,315.58328579448494,208.94630177033673,292.408814708567,210.15300895045323,287.2139761608639,201.36278087931706,300.31951857162255,222.6535261833829,283.1911743937875,242.75760456737447
labeled-data,f042814_Video,img1729.png,315.2578534455981,207.37251908226523,302.25410379961255,199.7516066022004,307.0827139289196,215.92891437419397,288.43548841879783,218.09966152999147,283.87446578510617,204.601093970961,298.5956505009725,228.15348621831419,281.44462455826346,244.12989372385763
labeled-data,f042814_Video,img1731.png,312.47602868889504,215.69600493733267,303.18634578800237,207.0763650824062,303.6420062690479,222.70913240982344,288.43548841879783,218.09966152999147,283.6720712168784,206.22025051678295,297.8568498992653,229.87735428896428,281.44462455826346,244.12989372385763
labeled-data,f042814_Video,img1732.png,307.98195878698715,217.228074222074,296.6606518692736,212.07051859163744,304.2491899737312,223.72110525096218,284.69588720489753,221.37181259215424,280.9397445458038,209.96455002899626,295.065825403927,235.29522536815028,281.694131677624,244.62890796257878
labeled-data,f042814_Video,img1734.png,316.4594088292225,215.79814288964877,298.6583132729661,210.47238946868345,303.5408089849341,223.11392154627893,285.16333735663505,221.37181259215424,278.1062205906154,210.87532558602112,292.7673346430602,233.24300147451925,281.694131677624,244.62890796257878
labeled-data,f042814_Video,img1742.png,317.78720220933167,211.8147627493213,302.72022479380746,205.54482467290865,306.0707410877809,221.69715956868473,286.79941288771647,221.37181259215424,279.42178528409573,208.75018261962978,292.7673346430602,233.57135729750019,281.694131677624,244.12989372385763
labeled-data,f042814_Video,img1747.png,317.4807883523834,204.15441632561462,305.3171846186077,201.01679215787232,311.0294080093606,212.58940399843615,286.79941288771647,221.37181259215424,279.6241798523235,208.04180163083268,297.3643161647938,232.58628982855728,281.694131677624,244.12989372385763
labeled-data,f042814_Video,img1751.png,304.2028545512918,183.52254995776462,295.59523245397094,191.0284851394099,306.88031936069183,193.76670915325582,291.4739144050919,220.2031872128104,277.3978396018183,212.89927126829855,305.3269448720824,226.18335128042835,281.694131677624,244.12989372385763
labeled-data,f042814_Video,img1763.png,310.33113169025717,196.08551809264358,299.124434267161,192.49343683545104,304.7551763943005,205.60679139457895,287.9680382670603,213.89261016435356,274.56431564662984,205.20827767564424,296.1329818286152,222.8177040948734,285.93575270675376,237.26844794144182
labeled-data,f042814_Video,img1769.png,309.3097521670963,192.2042759046322,295.7949985943402,192.2270819816254,305.86834651955314,201.55890003002403,285.39706243250384,213.89261016435356,272.33797539612465,205.81546138032746,299.82698483715114,223.72068260807106,285.93575270675376,238.64073709792498
labeled-data,f042814_Video,img1775.png,296.70441831696996,176.13123565154078,287.53799812574454,184.83573478796316,305.969543803667,186.98649111762634,286.79941288771647,212.49025970914093,272.4391726802385,208.3453934831743,307.0508129427325,216.41476554674443,285.93575270675376,241.3853154108913
labeled-data,f042814_Video,img1785.png,276.2150155170789,176.7521266454769,276.01815069778456,188.165170460784,291.1947403230416,182.83740246895755,289.8378388740105,210.15300895045323,275.3738939195408,208.3453934831743,305.3269448720824,206.15364607858908,287.68230254227785,240.01302625440815
labeled-data,f042814_Video,img1792.png,255.25994447173574,185.28937781209817,263.299706427609,193.22591268347162,266.8061948515982,181.21824592313558,286.79941288771647,206.88085788829042,272.1355808278969,213.00046855241243,296.1329818286152,196.46714930065045,287.43279542291725,237.76746218016297
labeled-data,f042814_Video,img1802.png,297.80869398514295,249.7088561267296,294.78950202719,234.9864657908019,281.277406479882,236.37076576519627,280.72256091512844,197.76557992940835,301.28039865269227,202.37475372045583,268.05855896374214,195.64625974319802,308.64090056856617,177.51149285458405
labeled-data,f042814_Video,img1807.png,292.9896836849738,297.60708060084414,296.2479142140053,283.43817274009757,281.3786037639959,283.02271374169163,284.69588720489753,238.90119328231208,297.8396909928206,239.91894612670262,271.67047301653287,238.66087255370527,283.69018863250864,193.35519493398056
labeled-data,f042814_Video,img1812.png,296.2630415221474,357.2033182545524,298.78360418014336,344.67560665620283,285.32798294614975,347.35885508102416,284.9296122807663,307.38264051186206,297.6372964245929,307.4175346306557,274.46149751187113,308.8469297158879,277.45251064849424,257.9775388483696
labeled-data,f042814_Video,img1814.png,295.95259602517933,366.51668316359377,299.70636328362565,352.519059035802,286.47722832658314,354.5005942308603,285.6307875083726,312.7583172568439,298.75046654984544,313.99535809805747,273.8047858659092,313.69017810485724,280.5713496405014,259.47458156453297
labeled-data,f042814_Video,img1824.png,,,,,,,,,,,,,273.8227034187718,242.43856856582556
labeled-data,f042814_Video,img1827.png,,,,,,,,,,,,,272.9583115367619,236.67595601909272
labeled-data,f042814_Video,img1833.png,307.4357583306981,281.119914416449,295.33819286694467,269.3938905266909,291.0137253589517,285.50931616675103,276.9829597012281,264.8446767037456,288.6861636141241,259.1337022090785,269.92233055795225,269.72376806875394,273.1527790659082,237.6791285523487
labeled-data,f042814_Video,img1838.png,,,,,,,,,,,,,269.6108741219226,240.10786337108163
labeled-data,f042814_Video,img1861.png,281.348769896868,212.52298433345356,273.51941852195006,224.4583608998364,288.63204613587067,224.94111221953725,280.7225609151284,251.98979753096322,268.59518297237105,255.4834516070286,292.95964437950875,255.46783399044105,288.50777856906427,296.7633850567219
labeled-data,f042814_Video,img1862.png,282.395408581871,202.8437689318984,271.8776394070452,214.77186412189775,287.50924352711587,214.21229363467452,280.7225609151284,239.36864343404957,268.99997210882657,243.64336936570547,294.7762986167024,239.7254821235532,286.6379779621141,288.81673247718373
labeled-data,f042814_Video,img1865.png,270.2880342001172,215.26158881062028,273.84777434493105,227.16729643942944,281.3963191027818,218.70342178316488,287.0331379635852,244.7443201790313,272.1370879163566,245.7685123320968,300.4666464215096,241.72479351443144,291.0787544036208,278.7665542148265
labeled-data,f042814_Video,img1868.png,284.72374980913133,218.6764892772688,276.0641761500526,228.72698659858904,291.5013574368851,228.5589529979076,287.0331379635852,244.7443201790313,270.72032593876236,248.3996417190575,302.0045782606467,248.18410723880726,285.703077658639,280.402629745908
labeled-data,f042814_Video,img1872.png,304.9027071120544,195.5482997531493,292.5640562548464,206.89132437035445,304.3509740839547,212.09148312010964,286.09823766011016,242.4070694203436,276.4885711332531,231.80328712438236,301.5431987089056,247.26134813532497,282.19720152060745,268.4826508766006
labeled-data,f042814_Video,img1877.png,314.5265175180638,182.35436613200733,299.95206227191824,185.63029485296107,308.96685579212533,196.49728816007368,287.7343131911915,226.28003918539835,274.05983631452017,218.44524562135115,302.0045782606467,233.57375476700483,285.3528340948617,263.47310116016126
labeled-data,f042814_Video,img1879.png,324.3055506725573,194.61696326224518,310.7878044302903,187.60042979084687,314.33125885837774,202.85971970376835,287.96803826706036,207.8157581917655,284.0783674417936,195.87825126395757,303.3900089354401,219.2811447171438,285.51701200635216,238.51805861360748
labeled-data,f042814_Video,img1880.png,321.0458729543928,198.96320021979784,310.2952706958189,193.67501251599487,310.2143913889282,207.60035497161928,287.7343131911916,208.7506584952406,283.77477558945196,195.27106755927431,299.71697083531274,223.2782744143413,281.65883108632573,234.00316604761912
labeled-data,f042814_Video,img1884.png,319.9593137150046,206.25866939854694,305.0415775281233,201.71973017902866,306.5965381581999,213.96278651531395,286.79941288771647,209.4518337228469,286.40590497641267,195.97944854807142,286.80732221868845,226.35714458650693,,
labeled-data,f042814_Video,img1889.png,352.71129469704414,195.2378542561813,343.95174255136845,183.66015991507524,341.90179554772124,199.11711291335973,310.63937062633113,187.24795151531364,315.3483282329803,172.80527048599455,309.2776729488797,203.18458220867637,285.099963413343,195.15713414235753
labeled-data,f042814_Video,img1892.png,357.8336453970169,207.65567413490317,348.1382792943758,196.38394805558787,344.89588098004816,208.5983834490616,319.0534733576069,190.7538276533452,324.65847837145657,184.03816902263443,311.16820726512174,203.5086738057464,292.28497058542797,194.75234500590204
labeled-data,f042814_Video,img1896.png,367.9231240484784,206.41389214703096,358.8098435412574,196.54812596707836,355.7494406722331,209.72116548618416,323.72797487498235,194.9608790189831,331.2363018388583,186.16331198902577,316.13761175352937,205.34519285581013,292.28497058542797,194.34755586944655
labeled-data,f042814_Video,img1898.png,357.98886814550093,192.44384478346888,339.6831168526158,190.71981010916613,349.13750200917787,202.61021258440778,316.4824975230504,192.3899031844266,320.8129815751294,181.00225049921823,316.1376117535294,206.37149610051958,292.8921542901113,195.05593685824363
labeled-data,f042814_Video,img1904.png,348.3650577394915,197.10052723798958,340.5860953658135,189.24220890575174,338.5334494363534,202.98447326344862,318.3522981300006,191.45500288095153,320.2057978704462,180.29386951042113,318.24420713448484,205.12914497841766,292.284970585428,195.05593685824363
labeled-data,f042814_Video,img1915.png,353.64263118794827,198.80797747131382,341.48907387901113,192.44367817981623,343.27408470420437,205.72905157641495,318.11857305413184,191.45500288095153,319.4974168816491,181.71063148801537,318.24420713448484,205.34520604313104,292.284970585428,195.05593685824363
labeled-data,f042814_Video,img1922.png,353.64263118794827,196.0139679986014,339.92938371985156,190.14518741894943,342.4008097864423,203.85774818121064,319.0534733576069,191.45500288095153,320.1046005863323,182.3178151926986,317.65003920652305,205.34520604313104,291.6777868807448,195.05593685824363
labeled-data,f042814_Video,img1924.png,375.68426147267957,209.67356986519545,354.86957366548575,191.70487757810903,351.7573267624639,206.4775729344967,318.11857305413184,191.45500288095153,320.40819243867395,181.204645067446,319.48655825658676,205.50725184166606,291.6777868807448,195.05593685824363
labeled-data,f042814_Video,img1928.png,350.22773072129974,188.25283057440024,333.52644517172257,182.2646476674061,344.02260606228606,197.49531663751597,318.58602320586937,192.3899031844266,319.69981144987685,180.29386951042113,318.7843597962683,205.45323657548772,289.8562357666951,195.05593685824363
labeled-data,f042814_Video,img1935.png,352.8665174455282,205.79300115309488,348.0561903386306,188.5854972597898,341.2780277493198,203.2339803828092,315.0801470678378,186.54677628770733,317.3722739152578,174.72801888415813,315.2733674946759,203.3466411945323,285.80834440214016,193.23438574419393
labeled-data,f042814_Video,img1940.png,322.1324132456915,210.44968360761555,339.35476102963486,204.2644878071312,329.17693246033184,196.2477810407131,317.41739782652553,183.50835030141332,331.2363018388583,177.0555564187772,307.54918443117265,196.21661287166995,277.8137589571442,180.48352794584594
labeled-data,f042814_Video,img1943.png,281.1536265939988,232.4913138923469,300.60877391788017,220.02556731021775,283.7666367367072,214.08754007499422,301.52409266744905,194.72715394311433,313.9315662553861,200.43212904908182,284.8087573700897,193.893969613322,279.4329155029662,172.28654793262226
labeled-data,f042814_Video,img1955.png,266.25224273953256,214.95114331365227,281.8104030522196,212.14502755867446,273.9111055219645,200.2398949504823,299.8880171363677,192.6236282602954,307.35374278798434,206.4027688118003,289.18399393053556,182.76682478058308,,
labeled-data,f042814_Video,img1958.png,270.7537024455692,232.02564564689482,287.31036308715085,217.89125446084148,273.5368448429236,211.46771532170817,297.78449145354875,194.25970379137678,305.0262052533653,202.658469299587,285.40292529805146,186.8179697439589,,
labeled-data,f042814_Video,img1960.png,264.7000152546923,222.86750348633745,283.28800425563395,219.04049984127488,272.28930924612075,209.59641192650386,294.9797905431235,200.10283068809605,301.4843003093797,206.30157152768646,284.9167879024464,191.62532843383156,,
labeled-data,f042814_Video,img1962.png,261.9060057819799,217.9003755348487,282.0566699194553,214.77187414252228,272.03980212676015,201.4874457759912,298.0182165294175,199.16793038462097,301.28190574115195,208.12312264173616,284.80875737008967,188.70850406020097,,
labeled-data,f042814_Video,img1969.png,244.05538970631721,220.07349401362504,267.0343910180759,228.8090855749588,264.3050814265823,202.7349813727941,287.7343131911916,208.28320834350308,293.99570128495316,214.90334067736563,282.3240551258859,189.7347941175895,302.50589628092916,176.84042571774654
labeled-data,f042814_Video,img1975.png,286.5864227909396,234.19876412567115,286.325295618208,218.8763219297844,271.4160343283587,219.20245125059205,,,,,,,306.3513930772564,172.69133706907775
labeled-data,f042814_Video,img1978.png,303.04003413024606,228.92119067721435,296.9968598650895,214.36142936379605,285.8874472512721,215.58459801986373,297.55076637767996,192.85735333616415,,,281.63236404602446,191.6876668539718,,
labeled-data,f042814_Video,img1981.png,311.7325080453514,227.36896319237414,303.0714425902375,214.8539630982675,292.2498787949668,223.94308651844298,299.4205669846301,198.9342053087522,313.223185266589,201.54529917433442,285.4997243961134,199.04812687510878,305.84540665668703,171.98295608028064
labeled-data,f042814_Video,img1983.png,323.52943693013714,224.10928547420963,309.88482591709266,212.06293860292925,301.48164221130804,224.816361436205,291.24018932922314,202.67380652265254,310.28846402728664,196.7890268209824,283.12940676218795,207.03235469464718,303.6190664061818,176.84042571774654
labeled-data,f042814_Video,img1986.png,320.11453646348866,225.66151295904987,311.9370498107237,209.8465367978077,302.35491712907003,217.33114785538774,294.9797905431235,197.06440470180203,309.7824776067173,191.72916261528877,286.1234921945148,200.79467671063279,298.55920220048813,175.4236637401523
labeled-data,f042814_Video,img1987.png,319.3384227210685,231.55997740144275,313.4967399698833,212.96591711612692,300.7331208532263,224.19259363780355,294.9797905431235,199.63538053635853,309.3776884702618,198.91416978737374,285.8739850751542,201.7927051880751,294.713705404161,176.1320447289494
labeled-data,f042814_Video,img1993.png,,,,,,,,,,,,,299.685034361243,172.4158752178426
labeled-data,f042814_Video,img1998.png,318.5147356313957,201.68092487711218,301.2993552745867,191.60568341637534,301.77452601652953,208.39310148015275,286.56568781184774,194.25970379137678,296.42443610368605,187.78246853484774,287.99479558971916,204.53728350104143,293.6101831156873,171.40390057578387
labeled-data,f042814_Video,img1999.png,336.8995670482917,208.83058153923838,319.6051924057758,196.03848702661844,316.7517240653827,211.5302172876828,289.6041137981417,198.46675515701466,296.0196469672306,187.0740875460506,287.74528847035856,204.53728350104143,290.5742645922711,171.30270329166999
labeled-data,f042814_Video,img2000.png,336.6952911436595,205.56216706512356,320.09772614024723,193.41164044277068,316.7517240653827,208.69669333249436,294.9797905431235,197.53185485353958,297.2340143765971,188.28845495541708,290.8641274623658,204.16302282200056,293.81257768391504,173.8326353945168
labeled-data,f042814_Video,img2003.png,313.73304013805034,198.81345943175174,304.8291803716321,190.70270490317768,301.67332873241565,206.57155036610303,291.47391440509193,192.6236282602954,299.56155191121616,184.84774729554542,284.87595659771193,196.17879500246215,294.3185641044844,171.6062951440116
labeled-data,f042814_Video,img2015.png,323.16894592666245,206.1262864179261,313.36643176913736,194.3967079117136,306.935587506337,207.88711505958338,291.70763948096067,190.98755272921397,303.609443275771,184.84774729554542,286.62250643323597,194.43224516693812,294.52095867271214,170.99911143932837
labeled-data,f042814_Video,img2027.png,307.3638037307371,199.75705001061294,300.31428780564374,190.53852699168718,295.0955052650139,206.2679585137614,290.7727391774856,187.24795151531364,301.28190574115195,183.43098531795118,283.7531745605894,188.44407430228432,295.0269450932815,170.7967168711006
labeled-data,f042814_Video,img2028.png,311.138166046182,201.64423116833538,300.88891049586044,191.27732759339438,296.4110699584943,204.24401283148396,288.2017633429291,186.54677628770733,298.85317092241905,183.0261961814957,283.7531745605894,189.81636345876748,295.0269450932815,170.7967168711006
labeled-data,f042814_Video,img2034.png,336.37921403071937,220.51604274555962,329.8663118739312,203.91902677816176,319.3828534523434,216.99487062983195,297.78449145354875,194.02597871550802,305.1274025374791,184.54415544320378,291.23838814140663,198.17485195734676,295.0269450932815,172.92185983749195
labeled-data,f042814_Video,img2045.png,349.35358449006105,205.18269583906493,338.4856522271816,193.98626313298738,338.003153729296,210.72063901477182,307.36721956416835,195.6620542465894,308.66930748146467,182.72260432915405,306.583075982082,207.28186181400775,297.7592717643561,174.03502996274455
labeled-data,f042814_Video,img2048.png,343.4561433721785,201.88012881305067,332.4931584577789,194.15044104447784,332.0325139665775,209.50627160540535,304.3287935778743,191.45500288095153,310.89564773196986,182.72260432915405,295.729516289897,197.67583771862562,297.5568771961283,173.63024082628905
labeled-data,f042814_Video,img2050.png,340.8612692803101,198.34166414232112,329.2096002279692,192.01612819510154,330.6157519889833,207.68472049135562,304.7962437296119,191.45500288095153,313.4255798348167,182.52020976092632,297.2265590060604,199.6718946735102,297.5568771961283,172.92185983749195
labeled-data,f042814_Video,img2054.png,344.8715292404703,206.83397935207205,332.4110695020336,194.88924164618504,326.87145247677,210.01225802597472,304.7962437296119,191.45500288095153,314.1339608236138,182.3178151926986,298.97310884158446,199.04812687510878,296.8484962073312,172.21347884869485
labeled-data,f042814_Video,img2065.png,266.3176135502745,213.6750110488158,285.86663159448096,212.53836713141226,277.7907696815417,198.57696492110708,300.589192363974,194.02597871550802,307.1513482197565,204.37882312952286,288.1195491493994,185.32523531027712,,
labeled-data,f042814_Video,img2080.png,259.712479498246,168.618560908193,262.553368162832,188.24004625144488,277.48717782920005,175.9087732795996,289.1366636464042,194.02597871550802,282.7628027483132,203.87283670895349,295.1057484914955,182.20639631826992,301.4682074163337,199.30803408104362
labeled-data,f042814_Video,img2091.png,214.4201461109575,202.11603365679076,233.0013440945446,202.4414355953719,229.21606095369864,191.59435231724984,272.7759083355902,196.59695455006448,271.42870692755946,205.89678239123094,271.7768328312817,178.58854308754158,307.1282480601291,196.17836454859207
labeled-data,f042814_Video,img2093.png,183.5175546532528,194.56730902590107,200.74038448666414,202.6877024626076,200.88082140181425,187.85005280503657,243.79399892786256,193.3248034879017,242.78987552333348,209.5398846193304,243.9567890225776,182.33114987795022,291.8128439651534,191.850098173925
labeled-data,f042814_Video,img2094.png,168.18420774675812,195.275001960047,187.0315288772086,199.73250005577884,186.81439890998593,185.117726133962,227.43324361704856,193.3248034879017,227.00309920156928,205.6943878230032,226.52821051249947,183.39869525883879,273.9004800453774,188.92019478184267
labeled-data,f042814_Video,img2105.png,98.12260366680079,199.5211523658976,117.74845022822365,202.19516872813617,116.91238347270641,188.75283207918227,157.0819957805484,195.42832917072064,155.9626057536306,207.11114980059742,155.39010495562002,184.47900058240563,203.24985506811976,193.38163858342259
labeled-data,f042814_Video,img2112.png,130.91237628222785,181.121136078104,140.15873514667493,194.3967179323381,145.05653612891527,181.8321388030653,173.20902601549363,194.49342886724554,172.45776306419185,205.99797967534482,173.48521912536535,181.9942983382018,220.09679957259306,192.5825740219456
labeled-data,f042814_Video,img2125.png,135.3944315318186,208.4852628650791,150.41985461483029,201.78472394940997,142.44205200238218,194.7507662518169,174.84510154657502,192.15617810855784,173.97572232589997,202.96206115192862,175.4837839739641,183.18263419412537,,
labeled-data,f042814_Video,img2128.png,148.84059728059088,212.25962518052395,164.74091636533382,202.9433651925512,155.0530930833064,193.82800714833465,179.98705321568798,190.52010257747645,180.85713764564332,202.55727201547313,176.13196716810424,181.40013041024002,,
labeled-data,f042814_Video,img2131.png,146.00982554400724,222.63912154799726,158.390672526535,211.43691643536636,148.28619299110315,203.8245641027258,182.79175412611323,193.79225363963923,183.488267032604,208.02192535762228,179.31886787262656,182.75051206469863,,
labeled-data,f042814_Video,img2134.png,,,,,,,,,,,,,199.52573453118504,206.6893442686898
labeled-data,f042814_Video,img2136.png,,,,,,,,,,,,,181.68484052375095,276.5119451351619
labeled-data,f042814_Video,img2138.png,206.97164868590625,346.748848578018,207.14002753404083,356.05430527223086,218.43123585222867,348.4443893310098,235.74764844389392,367.5979983293634,227.0184170973634,376.1843082699369,247.17749180371064,357.69227620059684,248.8004429833027,397.69839472795627
labeled-data,f042814_Video,img2147.png,289.0489724828446,375.7449770607817,278.6616460063589,380.59006213803764,289.07436568571126,387.4738018400646,280.3416398389612,411.01324219270055,266.14595786716734,410.2131868934618,293.55866335829484,412.7730908655353,287.79093219599247,445.586186882298
labeled-data,f042814_Video,img2150.png,288.35937994656547,400.9923894565901,277.5399535998115,402.74336765788655,288.0623928445725,413.38030657321605,277.7218150856752,422.6153232429673,264.14990091228276,415.078575720993,293.7228412697853,428.2879035013862,,
labeled-data,f042814_Video,img2152.png,288.35937994656547,400.9923894565901,279.8384443606783,402.907545569377,289.88394395862224,409.93959891334435,280.0921327196006,423.6133517204096,267.64300058333083,417.4488933549185,295.2004424731997,429.10879305883867,,
labeled-data,f042814_Video,img2174.png,324.6739918237086,438.1781841713101,310.22950739278116,431.85933249696865,311.4602376578904,446.6941263794429,279.38187687859573,437.3377646809228,284.6668279532476,424.7804911389059,277.52450899860435,444.4682173864531,,
labeled-data,f042814_Video,img2179.png,328.88379862862257,442.00528126668644,308.93314100450095,434.5600958058859,309.1327001232713,448.6168747776065,279.38187687859573,437.95293741657764,284.0516552175928,426.16462979412927,279.25581554847116,444.8011609537352,,
labeled-data,f042814_Video,img2182.png,329.64921804769784,438.1781841713101,312.0660264428449,435.5863858632745,317.6332719888366,447.7060992205816,279.38187687859573,437.95293741657764,284.2054484015065,425.24187069064703,279.3224042619276,443.4693866846069,,
labeled-data,f042814_Video,img2186.png,318.1679267615689,428.03637686856285,307.25866775297226,430.77902717340186,312.4722104990291,441.73545945786316,279.38187687859573,437.95293741657764,282.66751656236937,425.24187069064703,278.1903961331685,444.53480609990953,,
labeled-data,f042814_Video,img2203.png,257.5084377998542,401.4380520556974,264.34744072859337,413.63730960324204,271.68970500113835,403.3816887787053,284.45705194774814,421.4970667378107,279.4378597001815,431.85497759893656,293.0396792339493,412.6388123542862,,
labeled-data,f042814_Video,img2207.png,282.5759237745691,410.04902052029416,274.362293329513,413.63730960324204,286.16091662942216,420.7876216462914,278.15153140728603,429.1867259334962,273.4399255275468,433.5467026219873,285.24879975954866,438.0757008946373,,
labeled-data,f042814_Video,img2221.png,287.8282046384935,261.88132391048094,278.3025632052846,278.84724426955324,294.4600586128246,276.7934972410011,284.14946557992073,315.37975106376905,270.05647548144526,314.3569850888625,296.28782051808975,316.117413849051,282.1384598121312,360.2267969759167
labeled-data,f042814_Video,img2222.png,286.4431594129928,236.44685704219563,278.1050823293508,249.38620215497812,291.915300984722,249.2116081105995,283.99567239600697,288.927323430611,270.8254414010138,287.90455745570443,294.07141871296824,290.42357070079,277.7436047240077,337.1205134065402
labeled-data,f042814_Video,img2226.png,304.9524001537747,205.4722092719076,290.80778077569994,205.02154227800995,298.34525513645076,216.44609001887085,284.9888445748228,230.63414878099834,273.1323391597194,227.61762936153028,295.1385751376564,232.30459003315804,284.1361212158237,268.0014450957903
labeled-data,f042814_Video,img2230.png,295.5089099799064,215.92300506432184,285.1200053519615,221.13690597860204,300.807923808808,225.7221420180833,282.97193018346627,243.88815763848385,272.20958005623714,236.0762544767843,298.9967560576828,244.53584443919922,286.06719390605974,269.9325177860264
labeled-data,f042814_Video,img2231.png,298.02717402627127,224.98875563123542,283.79285775308927,224.17038620459587,293.41991779173617,234.1773044598433,284.12445269281284,243.88815763848385,271.13302776884115,236.0762544767843,298.91466710193754,247.08060206730175,285.40130677149557,269.9325177860264
labeled-data,f042814_Video,img2232.png,303.8191813329105,233.1731137819213,287.77430054970614,227.96223648708812,288.8229362700026,237.95339642412446,276.9211870093968,239.85432885577086,269.13371637796297,233.30797716633754,296.698265296816,251.75967254478059,285.5344841984084,270.1322839263956
labeled-data,f042814_Video,img2236.png,319.6842448250092,181.29687442680475,305.02721933504586,188.71658606329322,315.33766897571604,193.87162718892907,290.46332649421896,219.68518494220598,277.43854830930326,217.92865877496658,303.10120384494496,221.05840309605975,286.1337826195162,265.87060626518496
labeled-data,f042814_Video,img2240.png,355.8213338903453,188.72575336358113,342.37694461759463,181.70166304068255,342.5912022831367,195.59549525957917,309.4799478984373,191.7365140905518,309.888910115096,178.5576036930569,313.6085901803361,205.62567941595415,286.20037133297257,226.5832653258994
labeled-data,f042814_Video,img2243.png,368.6644805268062,190.1107985890818,352.23575535207453,181.70166304068255,354.00156713172544,197.07309646299353,321.29330361923957,188.56707718984873,324.4992625868984,176.404499118265,319.84735081697454,202.50629909763495,287.2657907482752,212.79940164042125
labeled-data,f042814_Video,img2246.png,382.26310637717654,193.00680224240142,365.69682385492206,185.11432829492557,366.47908840500236,197.81189706470073,329.93722243933877,187.99081593517545,330.9585763112742,176.404499118265,331.91442731152523,203.32718865508735,287.79850045592656,209.13702240031836
labeled-data,f042814_Video,img2259.png,459.95155220753315,191.244017409946,442.10259547533246,183.40799566780413,442.8218172480782,199.6178540910961,403.41053241018227,188.56707718984873,404.1641318542,179.7879491643666,403.57808567712215,202.09585431890872,356.1851091756661,193.88820701879902
labeled-data,f042814_Video,img2263.png,445.2197075362986,197.79150393049468,432.4333772549772,187.76862349267023,431.49354135523464,200.76709947152946,395.63100547209297,188.85520781718537,398.1661976815653,178.0962241413158,393.8915888991835,199.63318564655142,348.9935281223731,193.6884408784298
labeled-data,f042814_Video,img2264.png,439.42770022965937,199.30246235831362,432.4333772549772,188.71658606329328,425.2547807185962,200.602921560039,396.20726672676625,187.99081593517545,398.1661976815653,177.01967185391982,397.7497698192099,200.1257193810229,349.7925926838501,190.75853748634745
labeled-data,f042814_Video,img2273.png,354.8140282717993,214.2861334341847,372.52214279159944,212.2260578147453,363.19553017519263,202.81932336516056,379.78382096857774,185.3976402891457,388.784813462829,189.01554019918916,,,330.81480934877146,176.50855280667437
labeled-data,f042814_Video,img2278.png,265.919307435119,212.27152219709276,281.8969210400344,212.41565032886987,276.92003768694235,196.4984737727769,314.95442981783344,196.34660412793804,314.5027056325073,210.23899957928109,315.5787251182218,183.6258392762291,358.3825367197278,192.42325532275785
labeled-data,f042814_Video,img2279.png,264.66017541193656,210.6346505669556,280.56977344116206,214.311575470116,275.1140806605471,197.7298081089555,310.34433978044717,197.4991266372846,311.58063513814676,208.3934813723166,305.9743172960284,186.0885079485864,360.7131416907024,196.1522232763172
labeled-data,f042814_Video,img2281.png,273.47409957421365,225.36649523819014,283.9824386954051,219.62016586560517,276.18123708523524,211.43866371841105,310.34433978044717,197.4991266372846,312.65718742554276,209.47003365971256,305.9743172960284,185.76015212560543,360.44678683687675,196.1522232763172
labeled-data,f042814_Video,img2285.png,277.75514845303394,233.04720057960304,289.6702141191435,225.30794128934355,281.43493025293077,215.62520046141844,311.2087316624571,203.54986981135409,314.0413260807661,211.6231382345045,304.49671609261407,189.04371035541513,,
labeled-data,f042814_Video,img2290.png,281.2807181179448,260.2444522803438,287.963881492022,252.41967080916322,277.0296551685574,250.4341363818665,,,,,288.37396324956285,203.90561490376638,,
labeled-data,f042814_Video,img2312.png,294.5172205495386,413.81838123862354,282.99848451920434,416.08647000411247,295.98934619731,425.76362802972216,,,,,,,,
labeled-data,f042814_Video,img2323.png,259.69427109697665,385.57171559480304,257.81111267348865,400.86524635289135,271.4920169960511,395.78354171771605,274.7991338199188,422.3519682415497,270.31778891789395,426.5903295493733,,,,
labeled-data,f042814_Video,img2324.png,266.36884928178966,379.0523601584741,263.2757660156378,393.78143646492026,274.73033008769505,390.6224802279085,282.2783362477195,416.9762914965679,271.9595680327988,425.4410841689399,291.6846114381001,410.40991089255266,,
labeled-data,f042814_Video,img2325.png,267.45540852117784,375.1717914463735,265.29971169791526,389.02516411156824,275.3375137923783,386.6757861474675,282.2783362477195,416.9762914965679,269.332721448951,421.91125907189445,292.4429814945985,411.1682809490511,289.07180849960326,430.1931849576335
labeled-data,f042814_Video,img2328.png,287.32392032713284,384.32993360693087,279.4673314738575,392.56706905555376,289.100344431865,394.46797702423567,282.2783362477195,416.9762914965679,268.10138711277233,417.8889002403776,296.42442429121536,417.61442642928796,290.22105388003666,430.35736286912396
labeled-data,f042814_Video,img2329.png,290.7388207937813,397.36864447958885,282.9080391337291,401.47243005757457,293.1482357964199,405.49848099264784,285.3167622340135,423.7543186967623,270.48196682938436,417.97098919612284,292.6325740087231,424.81894196602326,289.89269805705567,431.26034138232166
labeled-data,f042814_Video,img2334.png,258.71192937219615,440.26528739361567,276.73500480278284,434.46274467869705,266.53335007447134,425.8391350995363,288.5889132961763,419.54726733112443,295.7653651989192,427.3291301510805,277.6547653928787,409.2723558078049,,
labeled-data,f042814_Video,img2335.png,259.21558218146913,450.21243037675697,275.41944010930246,445.49324864710917,263.4974315510552,435.25048252212645,,,,,,,,
labeled-data,f042814_Video,img2355.png,320.9392658603673,453.99315740218947,297.39143981860616,442.7693374311565,290.2132068811384,461.5448603771555,278.53873503381914,429.12999544174403,295.6436407497186,428.20131096236037,270.0710648278942,433.9193826440046,298.0764388481891,406.6465966903723
labeled-data,f042814_Video,img2359.png,317.2937775343449,451.17618915026304,299.54454439339804,442.4617510633291,300.442998774922,458.4260213851483,,,296.5080288436735,428.20131163437844,,,298.2660313623138,404.56107903500157
labeled-data,f042814_Video,img2361.png,301.1378585795766,471.55890802237917,302.3734200068791,457.4321046583303,289.4646855230567,458.4260213851483,285.99683601436163,428.80038476264014,296.5080288436735,426.184397243022,273.4837300821372,432.9714200733815,,
labeled-data,f042814_Video,img2367.png,269.18159783318424,450.3185191430406,285.65644300972053,448.44984836134955,276.61506887598705,437.8416840379009,,,301.4062495083965,424.7437441063389,,,,
labeled-data,f042814_Video,img2369.png,,,,,,,,,,,,,286.1321104583385,382.56834739654647
labeled-data,f042814_Video,img2370.png,,,,,,,,,,,,,287.45925805721083,380.1036447129265
labeled-data,f042814_Video,img2372.png,284.04830726577075,394.2012818530521,276.49349221170223,402.9672048845012,290.77978385982715,403.91550014463365,285.4280584719878,424.2501644236494,272.3050561473957,421.8624378329725,299.2683120030846,421.59586922590483,,
labeled-data,f042814_Video,img2373.png,285.2900892536429,375.5745520349693,277.4618538018034,388.133412458051,288.97382683343176,389.6320218449614,286.71911268922617,424.92294407610615,276.915146184782,427.048789125032,299.4195477718911,424.713023827379,,
labeled-data,f042814_Video,img2374.png,289.01543521725944,365.7955188804758,281.20615331401666,371.2334660110343,291.51858446153426,374.77392085507233,282.0446111718507,417.4437416483055,270.28324557908013,417.3235664684785,294.1590394088342,416.4560233587834,,
labeled-data,f042814_Video,img2377.png,284.9796437566748,305.56911141676426,276.75347281300634,322.3551777840337,290.07628303499587,323.03662883150173,281.8108860959819,366.49167510891334,269.574864590283,364.0937950245813,294.29221683574696,366.31472212610197,279.6859649781017,400.9588212666339
labeled-data,f042814_Video,img2389.png,310.90184275350674,224.69805945658803,293.3498274076814,222.9794324310265,303.33312725391323,235.39978078888788,282.04461117185065,252.20011300908416,272.98204403787923,243.79903463048592,294.8443516690752,257.2095780222423,282.6531175297908,279.85748354719146
labeled-data,f042814_Video,img2390.png,308.1078332807943,221.43838173842354,294.462997532934,225.003378113304,305.6606647885323,234.48900523186302,287.88773806856994,253.6024634642968,273.91694434135434,243.33158447874834,298.82579446569207,254.36569031037308,281.0113384148859,277.55899278632467
labeled-data,f042814_Video,img2394.png,310.7466200050227,211.50412583544605,299.0168753180583,213.97287414489185,304.4462973791658,221.02976644471792,289.2900885237826,249.16168702279015,275.0855697206982,238.65708296137294,300.34253457868897,251.7113951126285,281.3396942378669,275.26050202545787
labeled-data,f042814_Video,img2400.png,337.28970999579076,180.77002163560945,320.3695022660854,180.2741785349722,326.91209445244556,197.04601010973005,302.8461429241713,202.18294677316712,294.01730086606864,189.3410919530622,310.58051876960934,210.56981954758749,291.84708057325804,226.33548440129312
labeled-data,f042814_Video,img2408.png,336.9792644988227,191.48039128100706,324.6197881988681,188.57235583230977,326.30491074776234,201.7010851789682,301.6775175448274,203.1178470766422,300.09415283865667,186.0689408908994,302.2384481481264,211.32818960408594,291.02619101580564,212.29827296885657
labeled-data,f042814_Video,img2409.png,332.477804792786,184.65059034771002,318.14316201558023,188.57235583230977,326.30491074776234,201.7010851789682,300.7426172413524,200.54687124208573,300.09415283865667,186.0689408908994,307.04474303423564,210.84962013819282,292.17543639623904,213.03707357056376
labeled-data,f042814_Video,img2410.png,329.2181270746215,186.5132633295183,318.85154300437733,186.34601558180458,322.7630058037768,201.29629604251272,302.8461429241713,200.7805963179545,295.41965132128126,194.48304362217516,312.122178055,207.50067363513546,292.3396143077295,212.46245088034706
labeled-data,f042814_Video,img2412.png,355.14032607145344,202.34598367488869,340.81135365708775,190.49510423047337,337.33541471617445,203.11784715656242,299.10654171027096,195.63864464884153,298.4580773075753,183.26423998047414,303.10162860321645,210.52552854112275,291.60081370602234,211.88782819013036
labeled-data,f042814_Video,img2413.png,362.12533080514504,205.9161068900212,345.97241514689523,193.2274309015479,343.8120408994623,206.45735753232023,302.144967696565,195.8723697247103,303.3663039008195,183.26423998047414,303.10162860321645,211.5518185985113,289.30232294515554,211.23111654416843
labeled-data,f042814_Video,img2417.png,355.140307123364,206.84744338092537,343.74607489639004,197.78130868667216,340.2701359554768,211.71961630624162,302.8461429241713,195.8723697247103,305.23610450776965,185.13404058742432,303.5337507326432,211.5518185985113,288.15307756472214,211.80573923438513
labeled-data,f042814_Video,img2423.png,347.3791696991628,205.45043864456915,334.9419111784831,194.94778473148372,337.5378092844022,208.7848950669393,304.4822184552527,196.80727002818537,307.5733552664574,185.83521581503064,304.61405605621013,211.7138643970463,286.429209494072,213.2833404377995
labeled-data,f042814_Video,img2431.png,347.68961519613083,205.45043864456915,335.34670031493863,195.15017929971148,335.8174554544664,210.40405161276126,304.4822184552527,202.88412200077343,307.1059051147198,188.4061916495871,304.61405605621013,212.3080323250081,286.757565317053,213.52960730503523
labeled-data,f042814_Video,img2436.png,349.70751092642314,203.27732016579282,337.7754351336716,195.85856028850858,338.04379570497156,209.1896842033948,304.4822184552527,198.4433455592668,307.1059051147198,190.04226718066852,306.12648350920375,212.63212392207816,286.757565317053,213.52960730503523
labeled-data,f042814_Video,img2439.png,344.1194919809983,203.27732016579282,332.1083872232947,194.94778473148372,334.0971016245305,208.4813032145977,302.6124178483025,200.07942109034818,305.00237943190086,189.1073668771934,304.50602552385345,214.30659717360683,287.1680100957792,213.8579631280162
labeled-data,f042814_Video,img2440.png,340.8598142628338,198.31019221430407,325.2269719035513,193.2274309015479,327.41808087301496,207.77292222580058,302.6124178483025,200.07942109034818,302.4314035973444,190.04226718066852,304.18193392678336,213.60439871328836,287.3321880072697,213.8579631280162
labeled-data,f042814_Video,img2448.png,357.15820285365623,210.26234384757385,350.6274902161334,194.6441928791421,341.3833060807294,204.63580641827053,315.9347471728225,191.66531835907242,319.4933341357647,178.12228831136116,316.55142988162424,205.93423091596347,283.22774022000755,206.63413502243483
labeled-data,f042814_Video,img2453.png,354.8298616263959,217.0921447808709,344.45445588518714,201.82920005122708,333.79350977218894,213.54116742029134,313.59749641413475,198.9107957110043,318.55843383228967,184.19914028394922,312.60831545060506,210.9576506705495,286.2650315825815,209.6714263850088
labeled-data,f042814_Video,img2455.png,366.1611222657296,198.31019221430407,352.550238614297,192.31665534452304,351.19944263977504,206.05256839586474,315.46729702108496,197.04099510405416,317.85725860468335,184.432865359818,316.4433993492675,209.87734534698262,289.9590345911175,209.0968036947921
labeled-data,f042814_Video,img2469.png,367.5581270020858,191.94605952645912,353.6634087395496,184.52446446775483,354.1341638790774,199.67713949669076,315.9347471728225,195.40491957297274,316.9223583012082,182.7967898287366,316.55142988162424,208.3109026278106,289.30232294515554,205.15653381902047
labeled-data,f042814_Video,img2471.png,357.3134256021403,191.01472303555497,343.64487761227616,186.1436210135768,345.4311974452843,199.37354764434915,317.5708227039039,188.86061744864716,318.3247087564208,181.1607142976552,318.33393366550956,205.28604772182334,285.77249784811005,202.9401320138989
labeled-data,f042814_Video,img2480.png,316.64506549932617,211.34890308696203,326.23894474469006,200.2100435054051,313.95884208586983,200.89150690605723,307.98809459328425,182.55004040019034,320.194509363371,180.9269892217864,290.2459952527705,190.75594111984873,275.8397342029357,185.94771817463362
labeled-data,f042814_Video,img2481.png,297.70790913236476,225.0085049535561,310.7557602752675,212.25252031495597,300.1960114463832,203.11784715656242,311.2602456554471,184.88729115887804,318.3247087564208,190.04226718066855,296.7278271941719,184.1660786460907,275.8397342029357,185.94771817463362
labeled-data,f042814_Video,img2484.png,283.8930845172867,258.6918413745891,298.3084943292612,241.2961408556375,278.843384498356,235.50097807300173,291.86106435833904,209.19469904923025,304.80720221110585,211.28406947001451,281.33347633334375,208.6349942248807,276.41435689315233,177.8209115558546
labeled-data,f042814_Video,img2489.png,285.6005347506109,344.21957578928595,292.034262714201,326.60546371681636,279.0465145358594,326.4988274491239,284.3818619305384,291.93337590677527,296.442280646254,294.9110190276733,274.38762805450574,293.0994036596887,290.6978351928246,246.69354542611336
labeled-data,f042814_Video,img2501.png,274.8790516317463,349.5591325292676,283.0576732526832,340.2224526648666,272.4826681264016,333.95626387016864,,,,,,,,
labeled-data,f042814_Video,img2504.png,,,,,,,,,,,,,287.6787920733155,294.86716484280703
labeled-data,f042814_Video,img2507.png,,,,,,,,,,,,,291.65211836308464,304.6836180292954
labeled-data,f042814_Video,img2510.png,261.6983409939877,297.0526033003129,266.0185805400098,307.05934170461,272.19875501136346,292.7374059529416,285.65898548687255,307.17664808999615,278.9420995008868,316.8033857184964,292.6071248988641,294.409674912936,,
labeled-data,f042814_Video,img2512.png,242.26780568792128,280.7197742859283,249.11863409299303,295.1180621791731,257.5251488148519,281.7069019845294,276.01613498571675,301.45730499097294,266.95711196208134,313.6840054001771,287.02507590818755,293.8350522227193,,
labeled-data,f042814_Video,img2517.png,274.2824831063264,289.7695278390649,263.2862538689352,297.546796997906,282.8244698433201,300.52959682970976,274.9365128312313,317.65163730825486,257.18852622839745,317.6242752759488,287.68178755414954,326.83481243230693,,
labeled-data,f042814_Video,img2519.png,274.62585270379543,290.0040822274092,267.0899866920237,298.616500526577,281.54654597991237,296.61718913569877,280.3162005086027,317.9944416997044,269.85826400247043,324.7613417919076,291.6968961182172,311.68892115924234,,
labeled-data,f042814_Video,img2522.png,265.88537811998606,290.65343362710075,262.0801136801767,296.98210824651284,275.6148142766777,295.02758643156915,276.9327504625011,321.377891745806,262.91569390280233,327.4072706676358,288.4947042873239,316.9271229603476,,
labeled-data,f042814_Video,img2526.png,303.89332700552677,284.4660931108499,292.4392989143385,292.2258358931608,309.84141299327564,290.9656749107277,297.07965755519706,315.68754394099875,283.766288662094,314.19094879265174,313.2251008814627,318.741053833065,,
labeled-data,f042814_Video,img2538.png,296.38012780722215,201.82090192949977,284.64710803757026,211.87520465992984,298.16912453619375,215.46889031155678,288.0058597042882,248.17233620288027,274.40814770713627,246.71382717006213,299.3520673605166,249.1296193610991,287.90348736152924,285.43369123162984
labeled-data,f042814_Video,img2541.png,305.50443855397754,216.85484268684942,292.6416934825662,213.4943612057518,299.2919065733163,227.0709713618235,284.83641707162207,236.358966605168,274.2439697956458,230.21394706526831,301.15802438691196,241.00281274232003,291.748316959372,261.9033340928323
labeled-data,f042814_Video,img2549.png,274.02613797441654,219.3731067332143,275.33695789909393,228.87634839106047,286.94130416496785,221.20755405685,290.5990296183549,242.40970977923746,273.9977029284101,244.82578118792156,301.15802438691196,235.66703061887927,292.36348969502683,260.8267818054363
labeled-data,f042814_Video,img2559.png,323.38411328316823,231.3348609534475,306.20212955382516,226.75120542466914,311.5177554219845,240.29484868793398,290.5990296183549,241.2571872698909,283.5200217948582,228.49007899461822,299.9266900507333,253.48033401559695,288.82624646501154,260.3654022536952
labeled-data,f042814_Video,img2569.png,313.9406231092999,231.3348609534475,298.8147278135125,226.75120542466917,303.90778828148694,238.79780597177054,288.29398459966177,240.39279538788097,281.9603316356986,228.2438121273825,300.2550458737143,251.8385549006921,,
labeled-data,f042814_Video,img2579.png,267.7826658388911,212.46276451499756,275.03336604675235,198.11237402044316,258.74699967722285,199.99944891120109,286.2770584659767,176.7336866948342,295.58709828940897,189.49783503625235,,,307.28142853465664,207.30675380346543
labeled-data,f042814_Video,img2580.png,281.9429250917835,229.68470144419098,282.2183732188373,212.78598021695473,270.72334140653044,213.97184759539329,287.77410118214016,181.47432196268514,299.28110129794493,199.84104346015295,,,312.35660360380905,192.85019451557673
labeled-data,f042814_Video,img2581.png,288.640345008692,241.35734758508875,290.5165505161749,226.2452190040998,278.45806210670827,228.19375339894606,286.0275513466162,187.33773926765866,299.85572398816157,202.3037121325102,,,313.12556952337764,179.00880796334286
labeled-data,f042814_Video,img2584.png,305.8622819378854,247.86341264722853,297.70155768825987,233.63262074441252,287.3155648440087,243.03942700090033,284.28100151109214,203.30619490673547,300.4643494207559,209.9995462321504,,,292.82486924676795,177.77846249203319
labeled-data,f042814_Video,img2585.png,308.34989504988005,240.5919281660135,298.3087413929431,227.96557283403564,290.3096502763356,238.54829885240997,282.5344516755681,203.68045558577631,298.21878534651074,205.0094038449389,,,289.74900556849377,179.470187515084
labeled-data,f042814_Video,img2593.png,335.90499413658955,244.227670406621,316.42305524932635,233.83501531264028,315.13560865271285,246.15826599290753,284.9047693094936,213.16172612147818,298.09403178683044,209.9995462321504,,,284.67383049934136,189.62053765338882
labeled-data,f042814_Video,img2597.png,329.59028392921863,239.4437990374006,315.20868783995985,231.81106963036282,313.2643052575085,247.6553087090709,283.90674083205124,219.64891122485312,298.21878534651074,212.49461742575616,,,284.67383049934136,187.6212262625106
labeled-data,f042814_Video,img2598.png,,,,,,,284.15624795141184,217.77760782964882,298.21878534651074,212.49461742575616,,,283.59727821194537,186.39088079120094
labeled-data,f042814_Video,img2601.png,,,,,,,,,,,,,285.5965896028236,181.62329208987595
labeled-data,f042814_Video,img2604.png,,,,,,,284.63470544073795,210.41551536760227,296.84649619002755,210.37380691119125,,,283.44348502803166,178.39363522768804
labeled-data,f042814_Video,img2609.png,297.866539397679,305.16306499154,296.4871902788934,288.58273366506137,284.2996212869321,290.04014117439067,288.23024943869854,248.7742477476806,296.7217426303473,250.91871380728475,,,292.0559033271994,201.77019918257187
labeled-data,f042814_Video,img2614.png,295.2382990819106,343.18200450771445,298.9322807133693,330.0919028642112,286.33108770933785,332.66765322363017,285.033445029044,288.5567026233813,299.34156738363333,291.0893447956314,,,278.36830995887925,248.5233270923396
labeled-data,f042814_Video,img2615.png,291.6998344111811,350.2589338491735,296.70594046286413,339.0984611503458,285.0039401104656,338.92420618974245,283.6126430691976,303.475123201769,298.59304602555164,303.065686524939,,,282.3669327406357,254.8288476328017
labeled-data,f042814_Video,img2624.png,299.2485590420707,369.13074542639777,300.5514372591913,354.98643475622384,289.7437529635809,357.5042725739545,291.78225433831466,316.2623408403871,302.9594206143617,317.412345888172,,,287.1345214419607,274.2067888059291
labeled-data,f042814_Video,img2628.png,289.10496031931274,375.9717771231415,296.40234861052255,363.5882039059031,284.0559775398425,362.0544929129452,291.78225433831466,322.3007491697345,301.8366385772391,322.152981156023,,,278.82968951062037,282.05024118552825
labeled-data,f042814_Video,img2639.png,291.9357320558964,399.5615415946718,291.8484708253983,384.63723900158857,279.12657217260255,390.11418500338795,280.0606381695814,345.3887810172394,295.9732212722656,351.22056056153,,,284.2557075085205,320.2631332064672
labeled-data,f042814_Video,img2643.png,310.8294600226359,415.6688043595408,308.0358229449698,400.9993137441864,295.8107134155685,405.66077116160625,289.29585090858336,365.2800084550897,300.464349420756,363.82067008923906,,,285.6060891629791,332.79467495984306
labeled-data,f042814_Video,img2659.png,286.24334868399967,418.5181608185042,297.76065190425135,410.48401949168033,283.6569468596326,404.34466306825607,295.26514735736146,387.68103713198724,309.61180672059453,390.30086188527326,275.6788384875563,386.9325157739055,,
labeled-data,f042814_Video,img2664.png,,,,,,,294.83823451725397,412.03665239007523,308.14121989628575,414.8696987427461,277.4253883230803,413.50502398580676,288.4339391629553,366.5429225470468
labeled-data,f042814_Video,img2670.png,,,,,,,287.3590320894533,417.8797792867945,301.8306428478289,415.8045990462212,272.4352459358688,415.87534161973224,287.857677908282,374.61058011247275
labeled-data,f042814_Video,img2685.png,277.13417970842625,453.30457145584245,285.60739803916726,446.1802095015091,275.0295944263349,443.1682418291219,285.97534083829555,413.3944518557897,300.62871496059665,418.9189001894916,274.4313028907534,410.01192431475874,290.53762544862843,384.2689836229333
labeled-data,f042814_Video,img2690.png,275.022602350729,469.62288291022367,285.52530908342203,459.3144424207479,275.56230413398623,456.8189280876872,291.7315333770455,428.5182362249025,300.30035913761566,435.9934029845021,275.6788384875563,425.3566121554341,296.8584750410122,393.7913024893815
labeled-data,f042814_Video,img2699.png,,,,,,,288.5018765148576,423.7506475235775,300.1361812261252,427.7845074099778,273.30852085363085,422.6120338424678,296.69429712952166,393.5450356221458
labeled-data,f042814_Video,img2700.png,,,,,,,283.5804946296189,425.90375209836947,299.47946958016325,427.12779576401584,270.4391889809842,424.85759791671296,295.13460697036203,393.1345908434196
labeled-data,f042814_Video,img2704.png,308.234959681567,467.2542009407115,301.5216556928582,456.2527638512458,292.6242229510974,466.38897370142615,283.5804946296189,432.516859006659,297.09888986355116,430.7397098168065,271.1877103390659,436.9586932057008,291.27642605033566,401.50766432943436
labeled-data,f042814_Video,img2705.png,310.89054644178526,465.4157177990219,300.00922823986457,454.2001837364687,295.6626489373914,466.15524862555736,284.65704691701484,430.9789271675219,295.94964448311777,430.7397098168065,272.5599994955491,432.71707217657104,290.7838923158642,401.17930850645337
labeled-data,f042814_Video,img2709.png,309.97130487094046,452.64847375951075,295.85005274413203,443.0730389037298,297.76617462021034,457.9748709701504,276.81359453741567,429.28720214447105,291.43475191712946,426.6352620295444,267.320349988977,430.47150810232586,289.71673589117603,399.5375293915485
labeled-data,f042814_Video,img2711.png,317.0188235807506,464.70075213280927,301.95377782228496,450.20305403927125,297.76617462021034,463.3505477151321,282.6577355261366,438.3609999953799,294.9645770141749,431.8889551972399,269.5659140632222,436.4596789669797,290.7838923158642,401.5897532851796
labeled-data,f042814_Video,img2712.png,321.1043416733942,466.2328214175506,306.24796161799827,451.3876130879147,304.07675166866716,466.15524862555736,282.6577355261366,437.7458272597251,294.80039910268437,432.29939997596614,269.44116050354194,434.0893613330542,288.40331259925216,402.08228701965106
labeled-data,f042814_Video,img2717.png,339.8977248995546,466.5392352744989,321.1659004576281,458.76968591577275,321.37240728295626,469.8948498394577,286.50256512397937,442.8210023288775,297.59142359802263,434.59789073683294,275.05507068915483,443.3211247493955,281.67201822814224,408.156869744799
labeled-data,f042814_Video,img2726.png,325.5873791400421,458.1542150217072,313.78382762977003,449.08071532920906,313.89320485515555,466.8564238531637,288.9632560665987,444.51272735192833,299.2332027129275,436.89638149769974,278.04915612148176,451.92912036733543,278.2887018260805,417.36994032157463
labeled-data,f042814_Video,img2732.png,337.0950836645857,452.5374621958323,325.9334891589531,450.46485398443247,331.45388867364574,461.3492040701203,307.11672029828276,461.41039090303735,308.4890094547659,449.30929561404946,306.7424596192419,470.1431400806575,,
labeled-data,f042814_Video,img2733.png,326.57827560840764,455.54697359806386,317.84552643078746,446.56471730108314,318.5940477888692,465.27775125312627,305.6196775821193,458.4163054707105,305.86918470147987,443.6953854284365,303.9978813062756,470.6421543193786,,
labeled-data,f042814_Video,img2756.png,289.14395399674373,372.9770049094906,279.37815699578545,385.3188644910169,294.6661828583909,384.37961131719925,286.6563583078931,404.2189131665364,275.78855665643437,403.3484229116388,295.7167373476167,404.64319209441913,,
labeled-data,f042814_Video,img2762.png,288.3318460381193,226.51444063283225,281.29745506092604,242.05783354947602,295.17350326939567,240.60027364232957,286.9639446757205,283.4912637942744,275.4093716281851,285.61147164025414,297.32367657430234,285.83982013148403,296.7327468723523,330.66595532914914
labeled-data,f042814_Video,img2765.png,346.6950767426081,184.79908229323036,329.2643611344531,182.5257956861563,334.7416413579199,194.0495229499481,301.4205039636091,211.97743327439943,290.38718024402954,200.67403688423627,307.62781989652086,220.93909651989856,288.4765252471126,250.15823791498073
labeled-data,f042814_Video,img2767.png,368.12682047671547,200.4901803842733,353.15301791415436,189.16153368051775,350.62961496379796,202.44889753139955,318.03016782628976,195.2139762278051,320.3427974757184,182.66274804239805,318.70092913830797,208.6356418068018,288.1022645680717,219.2193551142694
labeled-data,f042814_Video,img2774.png,395.10785499911856,217.90347216823554,390.4163361230595,200.5487801259702,375.72654142403843,211.75904766987583,358.17018882776796,198.5974262739067,363.94907572437944,185.88582078251645,356.5340523810805,208.02046907114695,321.4114650027085,196.26470013309645
labeled-data,f042814_Video,img2782.png,435.1010196458011,222.3046338279183,424.8236683597101,211.92376938075915,422.3784894005338,225.3194837411348,384.56501679500604,209.2824745229446,389.73365764532673,191.004818663881,383.29406638206603,218.4784055772792,,
labeled-data,f042814_Video,img2783.png,439.8848910150215,216.1812784753162,426.071203956513,209.55345174683367,427.2359590379997,221.06919780835213,396.2866329637393,216.38648432217684,399.9716534080559,199.53648179948857,397.1354529342998,226.01427158905096,,
